Varste si grupe de varsta, Sexe, Medii de rezidenta, Macroregiuni  regiuni de dezvoltare si judete, Ani, UM: Numar persoane, Valoare
Total, Total, Total, TOTAL, Anul 1992, Numar persoane, 23126797
Total, Total, Total, TOTAL, Anul 1993, Numar persoane, 23098108
Total, Total, Total, TOTAL, Anul 1994, Numar persoane, 23078952
Total, Total, Total, TOTAL, Anul 1995, Numar persoane, 23033618
Total, Total, Total, TOTAL, Anul 1996, Numar persoane, 22962740
Total, Total, Total, TOTAL, Anul 1997, Numar persoane, 22903955
Total, Total, Total, TOTAL, Anul 1998, Numar persoane, 22864721
Total, Total, Total, TOTAL, Anul 1999, Numar persoane, 22825196
Total, Total, Total, TOTAL, Anul 2000, Numar persoane, 22809610
Total, Total, Total, TOTAL, Anul 2001, Numar persoane, 22791655
Total, Total, Total, TOTAL, Anul 2002, Numar persoane, 22748121
Total, Total, Total, TOTAL, Anul 2003, Numar persoane, 22702149
Total, Total, Total, TOTAL, Anul 2004, Numar persoane, 22656570
Total, Total, Total, TOTAL, Anul 2005, Numar persoane, 22621457
Total, Total, Total, TOTAL, Anul 2006, Numar persoane, 22594368
Total, Total, Total, TOTAL, Anul 2007, Numar persoane, 22562913
Total, Total, Total, TOTAL, Anul 2008, Numar persoane, 22542169
Total, Total, Total, TOTAL, Anul 2009, Numar persoane, 22520477
Total, Total, Total, TOTAL, Anul 2010, Numar persoane, 22492083
Total, Total, Total, TOTAL, Anul 2011, Numar persoane, 22441740
Total, Total, Total, TOTAL, Anul 2012, Numar persoane, 22401865
Total, Total, Total, TOTAL, Anul 2013, Numar persoane, 22359849
Total, Total, Total, TOTAL, Anul 2014, Numar persoane, 22299730
Total, Total, Total, TOTAL, Anul 2016, Numar persoane, 22236059
Total, Total, Total, TOTAL, Anul 2017, Numar persoane, 22201702
Total, Total, Total, MACROREGIUNEA UNU, Anul 1992, Numar persoane, 5665729
Total, Total, Total, MACROREGIUNEA UNU, Anul 1993, Numar persoane, 5652275
Total, Total, Total, MACROREGIUNEA UNU, Anul 1994, Numar persoane, 5642207
Total, Total, Total, MACROREGIUNEA UNU, Anul 1995, Numar persoane, 5627301
Total, Total, Total, MACROREGIUNEA UNU, Anul 1996, Numar persoane, 5606473
Total, Total, Total, MACROREGIUNEA UNU, Anul 1997, Numar persoane, 5589795
Total, Total, Total, MACROREGIUNEA UNU, Anul 1998, Numar persoane, 5577565
Total, Total, Total, MACROREGIUNEA UNU, Anul 1999, Numar persoane, 5565031
Total, Total, Total, MACROREGIUNEA UNU, Anul 2000, Numar persoane, 5558868
Total, Total, Total, MACROREGIUNEA UNU, Anul 2001, Numar persoane, 5553551
Total, Total, Total, MACROREGIUNEA UNU, Anul 2002, Numar persoane, 5541570
Total, Total, Total, MACROREGIUNEA UNU, Anul 2003, Numar persoane, 5530541
Total, Total, Total, MACROREGIUNEA UNU, Anul 2004, Numar persoane, 5519628
Total, Total, Total, MACROREGIUNEA UNU, Anul 2005, Numar persoane, 5511324
Total, Total, Total, MACROREGIUNEA UNU, Anul 2006, Numar persoane, 5508150
Total, Total, Total, MACROREGIUNEA UNU, Anul 2007, Numar persoane, 5500722
Total, Total, Total, MACROREGIUNEA UNU, Anul 2008, Numar persoane, 5500060
Total, Total, Total, MACROREGIUNEA UNU, Anul 2009, Numar persoane, 5499780
Total, Total, Total, MACROREGIUNEA UNU, Anul 2010, Numar persoane, 5498994
Total, Total, Total, MACROREGIUNEA UNU, Anul 2011, Numar persoane, 5494154
Total, Total, Total, MACROREGIUNEA UNU, Anul 2012, Numar persoane, 5488479
Total, Total, Total, MACROREGIUNEA UNU, Anul 2013, Numar persoane, 5482984
Total, Total, Total, MACROREGIUNEA UNU, Anul 2014, Numar persoane, 5476177
Total, Total, Total, MACROREGIUNEA UNU, Anul 2016, Numar persoane, 5469210
Total, Total, Total, MACROREGIUNEA UNU, Anul 2017, Numar persoane, 5465019
Total, Total, Total, Regiunea NORD-VEST, Anul 1992, Numar persoane, 2958498
Total, Total, Total, Regiunea NORD-VEST, Anul 1993, Numar persoane, 2949713
Total, Total, Total, Regiunea NORD-VEST, Anul 1994, Numar persoane, 2943332
Total, Total, Total, Regiunea NORD-VEST, Anul 1995, Numar persoane, 2934199
Total, Total, Total, Regiunea NORD-VEST, Anul 1996, Numar persoane, 2922417
Total, Total, Total, Regiunea NORD-VEST, Anul 1997, Numar persoane, 2911831
Total, Total, Total, Regiunea NORD-VEST, Anul 1998, Numar persoane, 2904505
Total, Total, Total, Regiunea NORD-VEST, Anul 1999, Numar persoane, 2896946
Total, Total, Total, Regiunea NORD-VEST, Anul 2000, Numar persoane, 2892901
Total, Total, Total, Regiunea NORD-VEST, Anul 2001, Numar persoane, 2887596
Total, Total, Total, Regiunea NORD-VEST, Anul 2002, Numar persoane, 2878913
Total, Total, Total, Regiunea NORD-VEST, Anul 2003, Numar persoane, 2870899
Total, Total, Total, Regiunea NORD-VEST, Anul 2004, Numar persoane, 2863455
Total, Total, Total, Regiunea NORD-VEST, Anul 2005, Numar persoane, 2857519
Total, Total, Total, Regiunea NORD-VEST, Anul 2006, Numar persoane, 2854609
Total, Total, Total, Regiunea NORD-VEST, Anul 2007, Numar persoane, 2850472
Total, Total, Total, Regiunea NORD-VEST, Anul 2008, Numar persoane, 2849753
Total, Total, Total, Regiunea NORD-VEST, Anul 2009, Numar persoane, 2849886
Total, Total, Total, Regiunea NORD-VEST, Anul 2010, Numar persoane, 2849591
Total, Total, Total, Regiunea NORD-VEST, Anul 2011, Numar persoane, 2847594
Total, Total, Total, Regiunea NORD-VEST, Anul 2012, Numar persoane, 2844780
Total, Total, Total, Regiunea NORD-VEST, Anul 2013, Numar persoane, 2841521
Total, Total, Total, Regiunea NORD-VEST, Anul 2014, Numar persoane, 2837677
Total, Total, Total, Regiunea NORD-VEST, Anul 2016, Numar persoane, 2834873
Total, Total, Total, Regiunea NORD-VEST, Anul 2017, Numar persoane, 2832807
Total, Total, Total, Bihor, Anul 1992, Numar persoane, 652631
Total, Total, Total, Bihor, Anul 1993, Numar persoane, 649798
Total, Total, Total, Bihor, Anul 1994, Numar persoane, 648456
Total, Total, Total, Bihor, Anul 1995, Numar persoane, 646122
Total, Total, Total, Bihor, Anul 1996, Numar persoane, 643063
Total, Total, Total, Bihor, Anul 1997, Numar persoane, 640032
Total, Total, Total, Bihor, Anul 1998, Numar persoane, 638262
Total, Total, Total, Bihor, Anul 1999, Numar persoane, 636598
Total, Total, Total, Bihor, Anul 2000, Numar persoane, 635652
Total, Total, Total, Bihor, Anul 2001, Numar persoane, 633767
Total, Total, Total, Bihor, Anul 2002, Numar persoane, 631741
Total, Total, Total, Bihor, Anul 2003, Numar persoane, 629901
Total, Total, Total, Bihor, Anul 2004, Numar persoane, 627736
Total, Total, Total, Bihor, Anul 2005, Numar persoane, 626369
Total, Total, Total, Bihor, Anul 2006, Numar persoane, 626011
Total, Total, Total, Bihor, Anul 2007, Numar persoane, 625268
Total, Total, Total, Bihor, Anul 2008, Numar persoane, 625150
Total, Total, Total, Bihor, Anul 2009, Numar persoane, 624821
Total, Total, Total, Bihor, Anul 2010, Numar persoane, 624453
Total, Total, Total, Bihor, Anul 2011, Numar persoane, 623832
Total, Total, Total, Bihor, Anul 2012, Numar persoane, 623167
Total, Total, Total, Bihor, Anul 2013, Numar persoane, 622033
Total, Total, Total, Bihor, Anul 2014, Numar persoane, 620866
Total, Total, Total, Bihor, Anul 2016, Numar persoane, 618881
Total, Total, Total, Bihor, Anul 2017, Numar persoane, 617927
Total, Total, Total, Bistrita-Nasaud, Anul 1992, Numar persoane, 331028
Total, Total, Total, Bistrita-Nasaud, Anul 1993, Numar persoane, 331054
Total, Total, Total, Bistrita-Nasaud, Anul 1994, Numar persoane, 331347
Total, Total, Total, Bistrita-Nasaud, Anul 1995, Numar persoane, 331348
Total, Total, Total, Bistrita-Nasaud, Anul 1996, Numar persoane, 330947
Total, Total, Total, Bistrita-Nasaud, Anul 1997, Numar persoane, 330510
Total, Total, Total, Bistrita-Nasaud, Anul 1998, Numar persoane, 330073
Total, Total, Total, Bistrita-Nasaud, Anul 1999, Numar persoane, 329610
Total, Total, Total, Bistrita-Nasaud, Anul 2000, Numar persoane, 329659
Total, Total, Total, Bistrita-Nasaud, Anul 2001, Numar persoane, 329819
Total, Total, Total, Bistrita-Nasaud, Anul 2002, Numar persoane, 329985
Total, Total, Total, Bistrita-Nasaud, Anul 2003, Numar persoane, 330389
Total, Total, Total, Bistrita-Nasaud, Anul 2004, Numar persoane, 330481
Total, Total, Total, Bistrita-Nasaud, Anul 2005, Numar persoane, 330728
Total, Total, Total, Bistrita-Nasaud, Anul 2006, Numar persoane, 330796
Total, Total, Total, Bistrita-Nasaud, Anul 2007, Numar persoane, 330759
Total, Total, Total, Bistrita-Nasaud, Anul 2008, Numar persoane, 330840
Total, Total, Total, Bistrita-Nasaud, Anul 2009, Numar persoane, 331132
Total, Total, Total, Bistrita-Nasaud, Anul 2010, Numar persoane, 331365
Total, Total, Total, Bistrita-Nasaud, Anul 2011, Numar persoane, 330916
Total, Total, Total, Bistrita-Nasaud, Anul 2012, Numar persoane, 330388
Total, Total, Total, Bistrita-Nasaud, Anul 2013, Numar persoane, 330031
Total, Total, Total, Bistrita-Nasaud, Anul 2014, Numar persoane, 329592
Total, Total, Total, Bistrita-Nasaud, Anul 2016, Numar persoane, 329397
Total, Total, Total, Bistrita-Nasaud, Anul 2017, Numar persoane, 328831
Total, Total, Total, Cluj, Anul 1992, Numar persoane, 733988
Total, Total, Total, Cluj, Anul 1993, Numar persoane, 731733
Total, Total, Total, Cluj, Anul 1994, Numar persoane, 730303
Total, Total, Total, Cluj, Anul 1995, Numar persoane, 728254
Total, Total, Total, Cluj, Anul 1996, Numar persoane, 725724
Total, Total, Total, Cluj, Anul 1997, Numar persoane, 723290
Total, Total, Total, Cluj, Anul 1998, Numar persoane, 721807
Total, Total, Total, Cluj, Anul 1999, Numar persoane, 720159
Total, Total, Total, Cluj, Anul 2000, Numar persoane, 719323
Total, Total, Total, Cluj, Anul 2001, Numar persoane, 718040
Total, Total, Total, Cluj, Anul 2002, Numar persoane, 714542
Total, Total, Total, Cluj, Anul 2003, Numar persoane, 711101
Total, Total, Total, Cluj, Anul 2004, Numar persoane, 709280
Total, Total, Total, Cluj, Anul 2005, Numar persoane, 707144
Total, Total, Total, Cluj, Anul 2006, Numar persoane, 706733
Total, Total, Total, Cluj, Anul 2007, Numar persoane, 706749
Total, Total, Total, Cluj, Anul 2008, Numar persoane, 707931
Total, Total, Total, Cluj, Anul 2009, Numar persoane, 709780
Total, Total, Total, Cluj, Anul 2010, Numar persoane, 711825
Total, Total, Total, Cluj, Anul 2011, Numar persoane, 714520
Total, Total, Total, Cluj, Anul 2012, Numar persoane, 715827
Total, Total, Total, Cluj, Anul 2013, Numar persoane, 717182
Total, Total, Total, Cluj, Anul 2014, Numar persoane, 718633
Total, Total, Total, Cluj, Anul 2016, Numar persoane, 723538
Total, Total, Total, Cluj, Anul 2017, Numar persoane, 726881
Total, Total, Total, Maramures, Anul 1992, Numar persoane, 553900
Total, Total, Total, Maramures, Anul 1993, Numar persoane, 552996
Total, Total, Total, Maramures, Anul 1994, Numar persoane, 551894
Total, Total, Total, Maramures, Anul 1995, Numar persoane, 550649
Total, Total, Total, Maramures, Anul 1996, Numar persoane, 548324
Total, Total, Total, Maramures, Anul 1997, Numar persoane, 547033
Total, Total, Total, Maramures, Anul 1998, Numar persoane, 545835
Total, Total, Total, Maramures, Anul 1999, Numar persoane, 544293
Total, Total, Total, Maramures, Anul 2000, Numar persoane, 543371
Total, Total, Total, Maramures, Anul 2001, Numar persoane, 542623
Total, Total, Total, Maramures, Anul 2002, Numar persoane, 540817
Total, Total, Total, Maramures, Anul 2003, Numar persoane, 539513
Total, Total, Total, Maramures, Anul 2004, Numar persoane, 538555
Total, Total, Total, Maramures, Anul 2005, Numar persoane, 538037
Total, Total, Total, Maramures, Anul 2006, Numar persoane, 537503
Total, Total, Total, Maramures, Anul 2007, Numar persoane, 536067
Total, Total, Total, Maramures, Anul 2008, Numar persoane, 535150
Total, Total, Total, Maramures, Anul 2009, Numar persoane, 534571
Total, Total, Total, Maramures, Anul 2010, Numar persoane, 533699
Total, Total, Total, Maramures, Anul 2011, Numar persoane, 532132
Total, Total, Total, Maramures, Anul 2012, Numar persoane, 530852
Total, Total, Total, Maramures, Anul 2013, Numar persoane, 529404
Total, Total, Total, Maramures, Anul 2014, Numar persoane, 527663
Total, Total, Total, Maramures, Anul 2016, Numar persoane, 525342
Total, Total, Total, Maramures, Anul 2017, Numar persoane, 523858
Total, Total, Total, Satu Mare, Anul 1992, Numar persoane, 414109
Total, Total, Total, Satu Mare, Anul 1993, Numar persoane, 412904
Total, Total, Total, Satu Mare, Anul 1994, Numar persoane, 411260
Total, Total, Total, Satu Mare, Anul 1995, Numar persoane, 409008
Total, Total, Total, Satu Mare, Anul 1996, Numar persoane, 407117
Total, Total, Total, Satu Mare, Anul 1997, Numar persoane, 405477
Total, Total, Total, Satu Mare, Anul 1998, Numar persoane, 404708
Total, Total, Total, Satu Mare, Anul 1999, Numar persoane, 403787
Total, Total, Total, Satu Mare, Anul 2000, Numar persoane, 403071
Total, Total, Total, Satu Mare, Anul 2001, Numar persoane, 402221
Total, Total, Total, Satu Mare, Anul 2002, Numar persoane, 401582
Total, Total, Total, Satu Mare, Anul 2003, Numar persoane, 400737
Total, Total, Total, Satu Mare, Anul 2004, Numar persoane, 399288
Total, Total, Total, Satu Mare, Anul 2005, Numar persoane, 398304
Total, Total, Total, Satu Mare, Anul 2006, Numar persoane, 397273
Total, Total, Total, Satu Mare, Anul 2007, Numar persoane, 396426
Total, Total, Total, Satu Mare, Anul 2008, Numar persoane, 396135
Total, Total, Total, Satu Mare, Anul 2009, Numar persoane, 395966
Total, Total, Total, Satu Mare, Anul 2010, Numar persoane, 395542
Total, Total, Total, Satu Mare, Anul 2011, Numar persoane, 394600
Total, Total, Total, Satu Mare, Anul 2012, Numar persoane, 393811
Total, Total, Total, Satu Mare, Anul 2013, Numar persoane, 393097
Total, Total, Total, Satu Mare, Anul 2014, Numar persoane, 392129
Total, Total, Total, Satu Mare, Anul 2016, Numar persoane, 390398
Total, Total, Total, Satu Mare, Anul 2017, Numar persoane, 389146
Total, Total, Total, Salaj, Anul 1992, Numar persoane, 272842
Total, Total, Total, Salaj, Anul 1993, Numar persoane, 271228
Total, Total, Total, Salaj, Anul 1994, Numar persoane, 270072
Total, Total, Total, Salaj, Anul 1995, Numar persoane, 268818
Total, Total, Total, Salaj, Anul 1996, Numar persoane, 267242
Total, Total, Total, Salaj, Anul 1997, Numar persoane, 265489
Total, Total, Total, Salaj, Anul 1998, Numar persoane, 263820
Total, Total, Total, Salaj, Anul 1999, Numar persoane, 262499
Total, Total, Total, Salaj, Anul 2000, Numar persoane, 261825
Total, Total, Total, Salaj, Anul 2001, Numar persoane, 261126
Total, Total, Total, Salaj, Anul 2002, Numar persoane, 260246
Total, Total, Total, Salaj, Anul 2003, Numar persoane, 259258
Total, Total, Total, Salaj, Anul 2004, Numar persoane, 258115
Total, Total, Total, Salaj, Anul 2005, Numar persoane, 256937
Total, Total, Total, Salaj, Anul 2006, Numar persoane, 256293
Total, Total, Total, Salaj, Anul 2007, Numar persoane, 255203
Total, Total, Total, Salaj, Anul 2008, Numar persoane, 254547
Total, Total, Total, Salaj, Anul 2009, Numar persoane, 253616
Total, Total, Total, Salaj, Anul 2010, Numar persoane, 252707
Total, Total, Total, Salaj, Anul 2011, Numar persoane, 251594
Total, Total, Total, Salaj, Anul 2012, Numar persoane, 250735
Total, Total, Total, Salaj, Anul 2013, Numar persoane, 249774
Total, Total, Total, Salaj, Anul 2014, Numar persoane, 248794
Total, Total, Total, Salaj, Anul 2016, Numar persoane, 247317
Total, Total, Total, Salaj, Anul 2017, Numar persoane, 246164
Total, Total, Total, Regiunea CENTRU, Anul 1992, Numar persoane, 2707231
Total, Total, Total, Regiunea CENTRU, Anul 1993, Numar persoane, 2702562
Total, Total, Total, Regiunea CENTRU, Anul 1994, Numar persoane, 2698875
Total, Total, Total, Regiunea CENTRU, Anul 1995, Numar persoane, 2693102
Total, Total, Total, Regiunea CENTRU, Anul 1996, Numar persoane, 2684056
Total, Total, Total, Regiunea CENTRU, Anul 1997, Numar persoane, 2677964
Total, Total, Total, Regiunea CENTRU, Anul 1998, Numar persoane, 2673060
Total, Total, Total, Regiunea CENTRU, Anul 1999, Numar persoane, 2668085
Total, Total, Total, Regiunea CENTRU, Anul 2000, Numar persoane, 2665967
Total, Total, Total, Regiunea CENTRU, Anul 2001, Numar persoane, 2665955
Total, Total, Total, Regiunea CENTRU, Anul 2002, Numar persoane, 2662657
Total, Total, Total, Regiunea CENTRU, Anul 2003, Numar persoane, 2659642
Total, Total, Total, Regiunea CENTRU, Anul 2004, Numar persoane, 2656173
Total, Total, Total, Regiunea CENTRU, Anul 2005, Numar persoane, 2653805
Total, Total, Total, Regiunea CENTRU, Anul 2006, Numar persoane, 2653541
Total, Total, Total, Regiunea CENTRU, Anul 2007, Numar persoane, 2650250
Total, Total, Total, Regiunea CENTRU, Anul 2008, Numar persoane, 2650307
Total, Total, Total, Regiunea CENTRU, Anul 2009, Numar persoane, 2649894
Total, Total, Total, Regiunea CENTRU, Anul 2010, Numar persoane, 2649403
Total, Total, Total, Regiunea CENTRU, Anul 2011, Numar persoane, 2646560
Total, Total, Total, Regiunea CENTRU, Anul 2012, Numar persoane, 2643699
Total, Total, Total, Regiunea CENTRU, Anul 2013, Numar persoane, 2641463
Total, Total, Total, Regiunea CENTRU, Anul 2014, Numar persoane, 2638500
Total, Total, Total, Regiunea CENTRU, Anul 2016, Numar persoane, 2634337
Total, Total, Total, Regiunea CENTRU, Anul 2017, Numar persoane, 2632212
Total, Total, Total, Alba, Anul 1992, Numar persoane, 418600
Total, Total, Total, Alba, Anul 1993, Numar persoane, 416270
Total, Total, Total, Alba, Anul 1994, Numar persoane, 414916
Total, Total, Total, Alba, Anul 1995, Numar persoane, 412923
Total, Total, Total, Alba, Anul 1996, Numar persoane, 410907
Total, Total, Total, Alba, Anul 1997, Numar persoane, 409016
Total, Total, Total, Alba, Anul 1998, Numar persoane, 407435
Total, Total, Total, Alba, Anul 1999, Numar persoane, 405386
Total, Total, Total, Alba, Anul 2000, Numar persoane, 404004
Total, Total, Total, Alba, Anul 2001, Numar persoane, 402796
Total, Total, Total, Alba, Anul 2002, Numar persoane, 401298
Total, Total, Total, Alba, Anul 2003, Numar persoane, 400092
Total, Total, Total, Alba, Anul 2004, Numar persoane, 398316
Total, Total, Total, Alba, Anul 2005, Numar persoane, 396777
Total, Total, Total, Alba, Anul 2006, Numar persoane, 395702
Total, Total, Total, Alba, Anul 2007, Numar persoane, 393965
Total, Total, Total, Alba, Anul 2008, Numar persoane, 392640
Total, Total, Total, Alba, Anul 2009, Numar persoane, 391225
Total, Total, Total, Alba, Anul 2010, Numar persoane, 389767
Total, Total, Total, Alba, Anul 2011, Numar persoane, 387895
Total, Total, Total, Alba, Anul 2012, Numar persoane, 386319
Total, Total, Total, Alba, Anul 2013, Numar persoane, 384712
Total, Total, Total, Alba, Anul 2014, Numar persoane, 383252
Total, Total, Total, Alba, Anul 2016, Numar persoane, 380295
Total, Total, Total, Alba, Anul 2017, Numar persoane, 378502
Total, Total, Total, Brasov, Anul 1992, Numar persoane, 629172
Total, Total, Total, Brasov, Anul 1993, Numar persoane, 629861
Total, Total, Total, Brasov, Anul 1994, Numar persoane, 630930
Total, Total, Total, Brasov, Anul 1995, Numar persoane, 630546
Total, Total, Total, Brasov, Anul 1996, Numar persoane, 628476
Total, Total, Total, Brasov, Anul 1997, Numar persoane, 627021
Total, Total, Total, Brasov, Anul 1998, Numar persoane, 625625
Total, Total, Total, Brasov, Anul 1999, Numar persoane, 624365
Total, Total, Total, Brasov, Anul 2000, Numar persoane, 623397
Total, Total, Total, Brasov, Anul 2001, Numar persoane, 623269
Total, Total, Total, Brasov, Anul 2002, Numar persoane, 622817
Total, Total, Total, Brasov, Anul 2003, Numar persoane, 622810
Total, Total, Total, Brasov, Anul 2004, Numar persoane, 622841
Total, Total, Total, Brasov, Anul 2005, Numar persoane, 623092
Total, Total, Total, Brasov, Anul 2006, Numar persoane, 623691
Total, Total, Total, Brasov, Anul 2007, Numar persoane, 623957
Total, Total, Total, Brasov, Anul 2008, Numar persoane, 624996
Total, Total, Total, Brasov, Anul 2009, Numar persoane, 625988
Total, Total, Total, Brasov, Anul 2010, Numar persoane, 627049
Total, Total, Total, Brasov, Anul 2011, Numar persoane, 627957
Total, Total, Total, Brasov, Anul 2012, Numar persoane, 628598
Total, Total, Total, Brasov, Anul 2013, Numar persoane, 629159
Total, Total, Total, Brasov, Anul 2014, Numar persoane, 629814
Total, Total, Total, Brasov, Anul 2016, Numar persoane, 631796
Total, Total, Total, Brasov, Anul 2017, Numar persoane, 632941
Total, Total, Total, Covasna, Anul 1992, Numar persoane, 235196
Total, Total, Total, Covasna, Anul 1993, Numar persoane, 234717
Total, Total, Total, Covasna, Anul 1994, Numar persoane, 234230
Total, Total, Total, Covasna, Anul 1995, Numar persoane, 233643
Total, Total, Total, Covasna, Anul 1996, Numar persoane, 233034
Total, Total, Total, Covasna, Anul 1997, Numar persoane, 232939
Total, Total, Total, Covasna, Anul 1998, Numar persoane, 232714
Total, Total, Total, Covasna, Anul 1999, Numar persoane, 232669
Total, Total, Total, Covasna, Anul 2000, Numar persoane, 232794
Total, Total, Total, Covasna, Anul 2001, Numar persoane, 233259
Total, Total, Total, Covasna, Anul 2002, Numar persoane, 233148
Total, Total, Total, Covasna, Anul 2003, Numar persoane, 232851
Total, Total, Total, Covasna, Anul 2004, Numar persoane, 232554
Total, Total, Total, Covasna, Anul 2005, Numar persoane, 232494
Total, Total, Total, Covasna, Anul 2006, Numar persoane, 232602
Total, Total, Total, Covasna, Anul 2007, Numar persoane, 232418
Total, Total, Total, Covasna, Anul 2008, Numar persoane, 232279
Total, Total, Total, Covasna, Anul 2009, Numar persoane, 232210
Total, Total, Total, Covasna, Anul 2010, Numar persoane, 231887
Total, Total, Total, Covasna, Anul 2011, Numar persoane, 231186
Total, Total, Total, Covasna, Anul 2012, Numar persoane, 230600
Total, Total, Total, Covasna, Anul 2013, Numar persoane, 230226
Total, Total, Total, Covasna, Anul 2014, Numar persoane, 229563
Total, Total, Total, Covasna, Anul 2016, Numar persoane, 228492
Total, Total, Total, Covasna, Anul 2017, Numar persoane, 227756
Total, Total, Total, Harghita, Anul 1992, Numar persoane, 349067
Total, Total, Total, Harghita, Anul 1993, Numar persoane, 347682
Total, Total, Total, Harghita, Anul 1994, Numar persoane, 346866
Total, Total, Total, Harghita, Anul 1995, Numar persoane, 345864
Total, Total, Total, Harghita, Anul 1996, Numar persoane, 344433
Total, Total, Total, Harghita, Anul 1997, Numar persoane, 343572
Total, Total, Total, Harghita, Anul 1998, Numar persoane, 343165
Total, Total, Total, Harghita, Anul 1999, Numar persoane, 342678
Total, Total, Total, Harghita, Anul 2000, Numar persoane, 342496
Total, Total, Total, Harghita, Anul 2001, Numar persoane, 342373
Total, Total, Total, Harghita, Anul 2002, Numar persoane, 341604
Total, Total, Total, Harghita, Anul 2003, Numar persoane, 340801
Total, Total, Total, Harghita, Anul 2004, Numar persoane, 339947
Total, Total, Total, Harghita, Anul 2005, Numar persoane, 339320
Total, Total, Total, Harghita, Anul 2006, Numar persoane, 338834
Total, Total, Total, Harghita, Anul 2007, Numar persoane, 338084
Total, Total, Total, Harghita, Anul 2008, Numar persoane, 337737
Total, Total, Total, Harghita, Anul 2009, Numar persoane, 337259
Total, Total, Total, Harghita, Anul 2010, Numar persoane, 337005
Total, Total, Total, Harghita, Anul 2011, Numar persoane, 336230
Total, Total, Total, Harghita, Anul 2012, Numar persoane, 335624
Total, Total, Total, Harghita, Anul 2013, Numar persoane, 335192
Total, Total, Total, Harghita, Anul 2014, Numar persoane, 334586
Total, Total, Total, Harghita, Anul 2016, Numar persoane, 333441
Total, Total, Total, Harghita, Anul 2017, Numar persoane, 332695
Total, Total, Total, Mures, Anul 1992, Numar persoane, 617350
Total, Total, Total, Mures, Anul 1993, Numar persoane, 615958
Total, Total, Total, Mures, Anul 1994, Numar persoane, 614412
Total, Total, Total, Mures, Anul 1995, Numar persoane, 612965
Total, Total, Total, Mures, Anul 1996, Numar persoane, 611485
Total, Total, Total, Mures, Anul 1997, Numar persoane, 610235
Total, Total, Total, Mures, Anul 1998, Numar persoane, 609585
Total, Total, Total, Mures, Anul 1999, Numar persoane, 608694
Total, Total, Total, Mures, Anul 2000, Numar persoane, 608384
Total, Total, Total, Mures, Anul 2001, Numar persoane, 609114
Total, Total, Total, Mures, Anul 2002, Numar persoane, 608776
Total, Total, Total, Mures, Anul 2003, Numar persoane, 608252
Total, Total, Total, Mures, Anul 2004, Numar persoane, 607551
Total, Total, Total, Mures, Anul 2005, Numar persoane, 606930
Total, Total, Total, Mures, Anul 2006, Numar persoane, 606532
Total, Total, Total, Mures, Anul 2007, Numar persoane, 605303
Total, Total, Total, Mures, Anul 2008, Numar persoane, 604673
Total, Total, Total, Mures, Anul 2009, Numar persoane, 603926
Total, Total, Total, Mures, Anul 2010, Numar persoane, 603085
Total, Total, Total, Mures, Anul 2011, Numar persoane, 601572
Total, Total, Total, Mures, Anul 2012, Numar persoane, 600260
Total, Total, Total, Mures, Anul 2013, Numar persoane, 599368
Total, Total, Total, Mures, Anul 2014, Numar persoane, 597849
Total, Total, Total, Mures, Anul 2016, Numar persoane, 595627
Total, Total, Total, Mures, Anul 2017, Numar persoane, 594448
Total, Total, Total, Sibiu, Anul 1992, Numar persoane, 457846
Total, Total, Total, Sibiu, Anul 1993, Numar persoane, 458074
Total, Total, Total, Sibiu, Anul 1994, Numar persoane, 457521
Total, Total, Total, Sibiu, Anul 1995, Numar persoane, 457161
Total, Total, Total, Sibiu, Anul 1996, Numar persoane, 455721
Total, Total, Total, Sibiu, Anul 1997, Numar persoane, 455181
Total, Total, Total, Sibiu, Anul 1998, Numar persoane, 454536
Total, Total, Total, Sibiu, Anul 1999, Numar persoane, 454293
Total, Total, Total, Sibiu, Anul 2000, Numar persoane, 454892
Total, Total, Total, Sibiu, Anul 2001, Numar persoane, 455144
Total, Total, Total, Sibiu, Anul 2002, Numar persoane, 455014
Total, Total, Total, Sibiu, Anul 2003, Numar persoane, 454836
Total, Total, Total, Sibiu, Anul 2004, Numar persoane, 454964
Total, Total, Total, Sibiu, Anul 2005, Numar persoane, 455192
Total, Total, Total, Sibiu, Anul 2006, Numar persoane, 456180
Total, Total, Total, Sibiu, Anul 2007, Numar persoane, 456523
Total, Total, Total, Sibiu, Anul 2008, Numar persoane, 457982
Total, Total, Total, Sibiu, Anul 2009, Numar persoane, 459286
Total, Total, Total, Sibiu, Anul 2010, Numar persoane, 460610
Total, Total, Total, Sibiu, Anul 2011, Numar persoane, 461720
Total, Total, Total, Sibiu, Anul 2012, Numar persoane, 462298
Total, Total, Total, Sibiu, Anul 2013, Numar persoane, 462806
Total, Total, Total, Sibiu, Anul 2014, Numar persoane, 463436
Total, Total, Total, Sibiu, Anul 2016, Numar persoane, 464686
Total, Total, Total, Sibiu, Anul 2017, Numar persoane, 465870
Total, Total, Total, MACROREGIUNEA DOI, Anul 1992, Numar persoane, 6859799
Total, Total, Total, MACROREGIUNEA DOI, Anul 1993, Numar persoane, 6857817
Total, Total, Total, MACROREGIUNEA DOI, Anul 1994, Numar persoane, 6863140
Total, Total, Total, MACROREGIUNEA DOI, Anul 1995, Numar persoane, 6861918
Total, Total, Total, MACROREGIUNEA DOI, Anul 1996, Numar persoane, 6855896
Total, Total, Total, MACROREGIUNEA DOI, Anul 1997, Numar persoane, 6850029
Total, Total, Total, MACROREGIUNEA DOI, Anul 1998, Numar persoane, 6857817
Total, Total, Total, MACROREGIUNEA DOI, Anul 1999, Numar persoane, 6863422
Total, Total, Total, MACROREGIUNEA DOI, Anul 2000, Numar persoane, 6872856
Total, Total, Total, MACROREGIUNEA DOI, Anul 2001, Numar persoane, 6879506
Total, Total, Total, MACROREGIUNEA DOI, Anul 2002, Numar persoane, 6877626
Total, Total, Total, MACROREGIUNEA DOI, Anul 2003, Numar persoane, 6871045
Total, Total, Total, MACROREGIUNEA DOI, Anul 2004, Numar persoane, 6863021
Total, Total, Total, MACROREGIUNEA DOI, Anul 2005, Numar persoane, 6859621
Total, Total, Total, MACROREGIUNEA DOI, Anul 2006, Numar persoane, 6854152
Total, Total, Total, MACROREGIUNEA DOI, Anul 2007, Numar persoane, 6846405
Total, Total, Total, MACROREGIUNEA DOI, Anul 2008, Numar persoane, 6838240
Total, Total, Total, MACROREGIUNEA DOI, Anul 2009, Numar persoane, 6831499
Total, Total, Total, MACROREGIUNEA DOI, Anul 2010, Numar persoane, 6821774
Total, Total, Total, MACROREGIUNEA DOI, Anul 2011, Numar persoane, 6802765
Total, Total, Total, MACROREGIUNEA DOI, Anul 2012, Numar persoane, 6796170
Total, Total, Total, MACROREGIUNEA DOI, Anul 2013, Numar persoane, 6796151
Total, Total, Total, MACROREGIUNEA DOI, Anul 2014, Numar persoane, 6800755
Total, Total, Total, MACROREGIUNEA DOI, Anul 2016, Numar persoane, 6798578
Total, Total, Total, MACROREGIUNEA DOI, Anul 2017, Numar persoane, 6794380
Total, Total, Total, Regiunea NORD-EST, Anul 1992, Numar persoane, 3858284
Total, Total, Total, Regiunea NORD-EST, Anul 1993, Numar persoane, 3856087
Total, Total, Total, Regiunea NORD-EST, Anul 1994, Numar persoane, 3860284
Total, Total, Total, Regiunea NORD-EST, Anul 1995, Numar persoane, 3862825
Total, Total, Total, Regiunea NORD-EST, Anul 1996, Numar persoane, 3861527
Total, Total, Total, Regiunea NORD-EST, Anul 1997, Numar persoane, 3860989
Total, Total, Total, Regiunea NORD-EST, Anul 1998, Numar persoane, 3869563
Total, Total, Total, Regiunea NORD-EST, Anul 1999, Numar persoane, 3877771
Total, Total, Total, Regiunea NORD-EST, Anul 2000, Numar persoane, 3887580
Total, Total, Total, Regiunea NORD-EST, Anul 2001, Numar persoane, 3897301
Total, Total, Total, Regiunea NORD-EST, Anul 2002, Numar persoane, 3900399
Total, Total, Total, Regiunea NORD-EST, Anul 2003, Numar persoane, 3899783
Total, Total, Total, Regiunea NORD-EST, Anul 2004, Numar persoane, 3897760
Total, Total, Total, Regiunea NORD-EST, Anul 2005, Numar persoane, 3898098
Total, Total, Total, Regiunea NORD-EST, Anul 2006, Numar persoane, 3897122
Total, Total, Total, Regiunea NORD-EST, Anul 2007, Numar persoane, 3894239
Total, Total, Total, Regiunea NORD-EST, Anul 2008, Numar persoane, 3891566
Total, Total, Total, Regiunea NORD-EST, Anul 2009, Numar persoane, 3889806
Total, Total, Total, Regiunea NORD-EST, Anul 2010, Numar persoane, 3886149
Total, Total, Total, Regiunea NORD-EST, Anul 2011, Numar persoane, 3878101
Total, Total, Total, Regiunea NORD-EST, Anul 2012, Numar persoane, 3880698
Total, Total, Total, Regiunea NORD-EST, Anul 2013, Numar persoane, 3890888
Total, Total, Total, Regiunea NORD-EST, Anul 2014, Numar persoane, 3908257
Total, Total, Total, Regiunea NORD-EST, Anul 2016, Numar persoane, 3932740
Total, Total, Total, Regiunea NORD-EST, Anul 2017, Numar persoane, 3944891
Total, Total, Total, Bacau, Anul 1992, Numar persoane, 751660
Total, Total, Total, Bacau, Anul 1993, Numar persoane, 752073
Total, Total, Total, Bacau, Anul 1994, Numar persoane, 753499
Total, Total, Total, Bacau, Anul 1995, Numar persoane, 754382
Total, Total, Total, Bacau, Anul 1996, Numar persoane, 754517
Total, Total, Total, Bacau, Anul 1997, Numar persoane, 754923
Total, Total, Total, Bacau, Anul 1998, Numar persoane, 756543
Total, Total, Total, Bacau, Anul 1999, Numar persoane, 758410
Total, Total, Total, Bacau, Anul 2000, Numar persoane, 760001
Total, Total, Total, Bacau, Anul 2001, Numar persoane, 761776
Total, Total, Total, Bacau, Anul 2002, Numar persoane, 762233
Total, Total, Total, Bacau, Anul 2003, Numar persoane, 761746
Total, Total, Total, Bacau, Anul 2004, Numar persoane, 761196
Total, Total, Total, Bacau, Anul 2005, Numar persoane, 761624
Total, Total, Total, Bacau, Anul 2006, Numar persoane, 761003
Total, Total, Total, Bacau, Anul 2007, Numar persoane, 760120
Total, Total, Total, Bacau, Anul 2008, Numar persoane, 759457
Total, Total, Total, Bacau, Anul 2009, Numar persoane, 758097
Total, Total, Total, Bacau, Anul 2010, Numar persoane, 756322
Total, Total, Total, Bacau, Anul 2011, Numar persoane, 753619
Total, Total, Total, Bacau, Anul 2012, Numar persoane, 751919
Total, Total, Total, Bacau, Anul 2013, Numar persoane, 750094
Total, Total, Total, Bacau, Anul 2014, Numar persoane, 748402
Total, Total, Total, Bacau, Anul 2016, Numar persoane, 746524
Total, Total, Total, Bacau, Anul 2017, Numar persoane, 744838
Total, Total, Total, Botosani, Anul 1992, Numar persoane, 486853
Total, Total, Total, Botosani, Anul 1993, Numar persoane, 484509
Total, Total, Total, Botosani, Anul 1994, Numar persoane, 483480
Total, Total, Total, Botosani, Anul 1995, Numar persoane, 482755
Total, Total, Total, Botosani, Anul 1996, Numar persoane, 481306
Total, Total, Total, Botosani, Anul 1997, Numar persoane, 479915
Total, Total, Total, Botosani, Anul 1998, Numar persoane, 480119
Total, Total, Total, Botosani, Anul 1999, Numar persoane, 480367
Total, Total, Total, Botosani, Anul 2000, Numar persoane, 480810
Total, Total, Total, Botosani, Anul 2001, Numar persoane, 481251
Total, Total, Total, Botosani, Anul 2002, Numar persoane, 481269
Total, Total, Total, Botosani, Anul 2003, Numar persoane, 480849
Total, Total, Total, Botosani, Anul 2004, Numar persoane, 480508
Total, Total, Total, Botosani, Anul 2005, Numar persoane, 479809
Total, Total, Total, Botosani, Anul 2006, Numar persoane, 478476
Total, Total, Total, Botosani, Anul 2007, Numar persoane, 476323
Total, Total, Total, Botosani, Anul 2008, Numar persoane, 474211
Total, Total, Total, Botosani, Anul 2009, Numar persoane, 472191
Total, Total, Total, Botosani, Anul 2010, Numar persoane, 469724
Total, Total, Total, Botosani, Anul 2011, Numar persoane, 466701
Total, Total, Total, Botosani, Anul 2012, Numar persoane, 464590
Total, Total, Total, Botosani, Anul 2013, Numar persoane, 462581
Total, Total, Total, Botosani, Anul 2014, Numar persoane, 460065
Total, Total, Total, Botosani, Anul 2016, Numar persoane, 455158
Total, Total, Total, Botosani, Anul 2017, Numar persoane, 453432
Total, Total, Total, Iasi, Anul 1992, Numar persoane, 823129
Total, Total, Total, Iasi, Anul 1993, Numar persoane, 823217
Total, Total, Total, Iasi, Anul 1994, Numar persoane, 825068
Total, Total, Total, Iasi, Anul 1995, Numar persoane, 826298
Total, Total, Total, Iasi, Anul 1996, Numar persoane, 827667
Total, Total, Total, Iasi, Anul 1997, Numar persoane, 829262
Total, Total, Total, Iasi, Anul 1998, Numar persoane, 833621
Total, Total, Total, Iasi, Anul 1999, Numar persoane, 837614
Total, Total, Total, Iasi, Anul 2000, Numar persoane, 841670
Total, Total, Total, Iasi, Anul 2001, Numar persoane, 845586
Total, Total, Total, Iasi, Anul 2002, Numar persoane, 848139
Total, Total, Total, Iasi, Anul 2003, Numar persoane, 849845
Total, Total, Total, Iasi, Anul 2004, Numar persoane, 850246
Total, Total, Total, Iasi, Anul 2005, Numar persoane, 851076
Total, Total, Total, Iasi, Anul 2006, Numar persoane, 853392
Total, Total, Total, Iasi, Anul 2007, Numar persoane, 855977
Total, Total, Total, Iasi, Anul 2008, Numar persoane, 858706
Total, Total, Total, Iasi, Anul 2009, Numar persoane, 861586
Total, Total, Total, Iasi, Anul 2010, Numar persoane, 863952
Total, Total, Total, Iasi, Anul 2011, Numar persoane, 865586
Total, Total, Total, Iasi, Anul 2012, Numar persoane, 872347
Total, Total, Total, Iasi, Anul 2013, Numar persoane, 885252
Total, Total, Total, Iasi, Anul 2014, Numar persoane, 901590
Total, Total, Total, Iasi, Anul 2016, Numar persoane, 925583
Total, Total, Total, Iasi, Anul 2017, Numar persoane, 935051
Total, Total, Total, Neamt, Anul 1992, Numar persoane, 598701
Total, Total, Total, Neamt, Anul 1993, Numar persoane, 598844
Total, Total, Total, Neamt, Anul 1994, Numar persoane, 599735
Total, Total, Total, Neamt, Anul 1995, Numar persoane, 599872
Total, Total, Total, Neamt, Anul 1996, Numar persoane, 598638
Total, Total, Total, Neamt, Anul 1997, Numar persoane, 597697
Total, Total, Total, Neamt, Anul 1998, Numar persoane, 597722
Total, Total, Total, Neamt, Anul 1999, Numar persoane, 598017
Total, Total, Total, Neamt, Anul 2000, Numar persoane, 598484
Total, Total, Total, Neamt, Anul 2001, Numar persoane, 598760
Total, Total, Total, Neamt, Anul 2002, Numar persoane, 598443
Total, Total, Total, Neamt, Anul 2003, Numar persoane, 597615
Total, Total, Total, Neamt, Anul 2004, Numar persoane, 596781
Total, Total, Total, Neamt, Anul 2005, Numar persoane, 596087
Total, Total, Total, Neamt, Anul 2006, Numar persoane, 594751
Total, Total, Total, Neamt, Anul 2007, Numar persoane, 593062
Total, Total, Total, Neamt, Anul 2008, Numar persoane, 591737
Total, Total, Total, Neamt, Anul 2009, Numar persoane, 590692
Total, Total, Total, Neamt, Anul 2010, Numar persoane, 589571
Total, Total, Total, Neamt, Anul 2011, Numar persoane, 587473
Total, Total, Total, Neamt, Anul 2012, Numar persoane, 585622
Total, Total, Total, Neamt, Anul 2013, Numar persoane, 583519
Total, Total, Total, Neamt, Anul 2014, Numar persoane, 580933
Total, Total, Total, Neamt, Anul 2016, Numar persoane, 576521
Total, Total, Total, Neamt, Anul 2017, Numar persoane, 573495
Total, Total, Total, Suceava, Anul 1992, Numar persoane, 715075
Total, Total, Total, Suceava, Anul 1993, Numar persoane, 716008
Total, Total, Total, Suceava, Anul 1994, Numar persoane, 717685
Total, Total, Total, Suceava, Anul 1995, Numar persoane, 719204
Total, Total, Total, Suceava, Anul 1996, Numar persoane, 719848
Total, Total, Total, Suceava, Anul 1997, Numar persoane, 720781
Total, Total, Total, Suceava, Anul 1998, Numar persoane, 721968
Total, Total, Total, Suceava, Anul 1999, Numar persoane, 723533
Total, Total, Total, Suceava, Anul 2000, Numar persoane, 725688
Total, Total, Total, Suceava, Anul 2001, Numar persoane, 728603
Total, Total, Total, Suceava, Anul 2002, Numar persoane, 729393
Total, Total, Total, Suceava, Anul 2003, Numar persoane, 729939
Total, Total, Total, Suceava, Anul 2004, Numar persoane, 730439
Total, Total, Total, Suceava, Anul 2005, Numar persoane, 731562
Total, Total, Total, Suceava, Anul 2006, Numar persoane, 732794
Total, Total, Total, Suceava, Anul 2007, Numar persoane, 733425
Total, Total, Total, Suceava, Anul 2008, Numar persoane, 734285
Total, Total, Total, Suceava, Anul 2009, Numar persoane, 735548
Total, Total, Total, Suceava, Anul 2010, Numar persoane, 736921
Total, Total, Total, Suceava, Anul 2011, Numar persoane, 737710
Total, Total, Total, Suceava, Anul 2012, Numar persoane, 738982
Total, Total, Total, Suceava, Anul 2013, Numar persoane, 740323
Total, Total, Total, Suceava, Anul 2014, Numar persoane, 740861
Total, Total, Total, Suceava, Anul 2016, Numar persoane, 746192
Total, Total, Total, Suceava, Anul 2017, Numar persoane, 749728
Total, Total, Total, Vaslui, Anul 1992, Numar persoane, 482866
Total, Total, Total, Vaslui, Anul 1993, Numar persoane, 481436
Total, Total, Total, Vaslui, Anul 1994, Numar persoane, 480817
Total, Total, Total, Vaslui, Anul 1995, Numar persoane, 480314
Total, Total, Total, Vaslui, Anul 1996, Numar persoane, 479551
Total, Total, Total, Vaslui, Anul 1997, Numar persoane, 478411
Total, Total, Total, Vaslui, Anul 1998, Numar persoane, 479590
Total, Total, Total, Vaslui, Anul 1999, Numar persoane, 479830
Total, Total, Total, Vaslui, Anul 2000, Numar persoane, 480927
Total, Total, Total, Vaslui, Anul 2001, Numar persoane, 481325
Total, Total, Total, Vaslui, Anul 2002, Numar persoane, 480922
Total, Total, Total, Vaslui, Anul 2003, Numar persoane, 479789
Total, Total, Total, Vaslui, Anul 2004, Numar persoane, 478590
Total, Total, Total, Vaslui, Anul 2005, Numar persoane, 477940
Total, Total, Total, Vaslui, Anul 2006, Numar persoane, 476706
Total, Total, Total, Vaslui, Anul 2007, Numar persoane, 475332
Total, Total, Total, Vaslui, Anul 2008, Numar persoane, 473170
Total, Total, Total, Vaslui, Anul 2009, Numar persoane, 471692
Total, Total, Total, Vaslui, Anul 2010, Numar persoane, 469659
Total, Total, Total, Vaslui, Anul 2011, Numar persoane, 467012
Total, Total, Total, Vaslui, Anul 2012, Numar persoane, 467238
Total, Total, Total, Vaslui, Anul 2013, Numar persoane, 469119
Total, Total, Total, Vaslui, Anul 2014, Numar persoane, 476406
Total, Total, Total, Vaslui, Anul 2016, Numar persoane, 482762
Total, Total, Total, Vaslui, Anul 2017, Numar persoane, 488347
Total, Total, Total, Regiunea SUD-EST, Anul 1992, Numar persoane, 3001515
Total, Total, Total, Regiunea SUD-EST, Anul 1993, Numar persoane, 3001730
Total, Total, Total, Regiunea SUD-EST, Anul 1994, Numar persoane, 3002856
Total, Total, Total, Regiunea SUD-EST, Anul 1995, Numar persoane, 2999093
Total, Total, Total, Regiunea SUD-EST, Anul 1996, Numar persoane, 2994369
Total, Total, Total, Regiunea SUD-EST, Anul 1997, Numar persoane, 2989040
Total, Total, Total, Regiunea SUD-EST, Anul 1998, Numar persoane, 2988254
Total, Total, Total, Regiunea SUD-EST, Anul 1999, Numar persoane, 2985651
Total, Total, Total, Regiunea SUD-EST, Anul 2000, Numar persoane, 2985276
Total, Total, Total, Regiunea SUD-EST, Anul 2001, Numar persoane, 2982205
Total, Total, Total, Regiunea SUD-EST, Anul 2002, Numar persoane, 2977227
Total, Total, Total, Regiunea SUD-EST, Anul 2003, Numar persoane, 2971262
Total, Total, Total, Regiunea SUD-EST, Anul 2004, Numar persoane, 2965261
Total, Total, Total, Regiunea SUD-EST, Anul 2005, Numar persoane, 2961523
Total, Total, Total, Regiunea SUD-EST, Anul 2006, Numar persoane, 2957030
Total, Total, Total, Regiunea SUD-EST, Anul 2007, Numar persoane, 2952166
Total, Total, Total, Regiunea SUD-EST, Anul 2008, Numar persoane, 2946674
Total, Total, Total, Regiunea SUD-EST, Anul 2009, Numar persoane, 2941693
Total, Total, Total, Regiunea SUD-EST, Anul 2010, Numar persoane, 2935625
Total, Total, Total, Regiunea SUD-EST, Anul 2011, Numar persoane, 2924664
Total, Total, Total, Regiunea SUD-EST, Anul 2012, Numar persoane, 2915472
Total, Total, Total, Regiunea SUD-EST, Anul 2013, Numar persoane, 2905263
Total, Total, Total, Regiunea SUD-EST, Anul 2014, Numar persoane, 2892498
Total, Total, Total, Regiunea SUD-EST, Anul 2016, Numar persoane, 2865838
Total, Total, Total, Regiunea SUD-EST, Anul 2017, Numar persoane, 2849489
Total, Total, Total, Braila, Anul 1992, Numar persoane, 397416
Total, Total, Total, Braila, Anul 1993, Numar persoane, 396739
Total, Total, Total, Braila, Anul 1994, Numar persoane, 396696
Total, Total, Total, Braila, Anul 1995, Numar persoane, 396256
Total, Total, Total, Braila, Anul 1996, Numar persoane, 395505
Total, Total, Total, Braila, Anul 1997, Numar persoane, 394823
Total, Total, Total, Braila, Anul 1998, Numar persoane, 394605
Total, Total, Total, Braila, Anul 1999, Numar persoane, 393539
Total, Total, Total, Braila, Anul 2000, Numar persoane, 392559
Total, Total, Total, Braila, Anul 2001, Numar persoane, 391153
Total, Total, Total, Braila, Anul 2002, Numar persoane, 389908
Total, Total, Total, Braila, Anul 2003, Numar persoane, 388148
Total, Total, Total, Braila, Anul 2004, Numar persoane, 386041
Total, Total, Total, Braila, Anul 2005, Numar persoane, 384686
Total, Total, Total, Braila, Anul 2006, Numar persoane, 383037
Total, Total, Total, Braila, Anul 2007, Numar persoane, 380764
Total, Total, Total, Braila, Anul 2008, Numar persoane, 378202
Total, Total, Total, Braila, Anul 2009, Numar persoane, 376145
Total, Total, Total, Braila, Anul 2010, Numar persoane, 373941
Total, Total, Total, Braila, Anul 2011, Numar persoane, 370805
Total, Total, Total, Braila, Anul 2012, Numar persoane, 367771
Total, Total, Total, Braila, Anul 2013, Numar persoane, 364644
Total, Total, Total, Braila, Anul 2014, Numar persoane, 361218
Total, Total, Total, Braila, Anul 2016, Numar persoane, 354467
Total, Total, Total, Braila, Anul 2017, Numar persoane, 350874
Total, Total, Total, Buzau, Anul 1992, Numar persoane, 531449
Total, Total, Total, Buzau, Anul 1993, Numar persoane, 529233
Total, Total, Total, Buzau, Anul 1994, Numar persoane, 527823
Total, Total, Total, Buzau, Anul 1995, Numar persoane, 526117
Total, Total, Total, Buzau, Anul 1996, Numar persoane, 523822
Total, Total, Total, Buzau, Anul 1997, Numar persoane, 521433
Total, Total, Total, Buzau, Anul 1998, Numar persoane, 519652
Total, Total, Total, Buzau, Anul 1999, Numar persoane, 517909
Total, Total, Total, Buzau, Anul 2000, Numar persoane, 517399
Total, Total, Total, Buzau, Anul 2001, Numar persoane, 515604
Total, Total, Total, Buzau, Anul 2002, Numar persoane, 514033
Total, Total, Total, Buzau, Anul 2003, Numar persoane, 512073
Total, Total, Total, Buzau, Anul 2004, Numar persoane, 510108
Total, Total, Total, Buzau, Anul 2005, Numar persoane, 507986
Total, Total, Total, Buzau, Anul 2006, Numar persoane, 505803
Total, Total, Total, Buzau, Anul 2007, Numar persoane, 503833
Total, Total, Total, Buzau, Anul 2008, Numar persoane, 501614
Total, Total, Total, Buzau, Anul 2009, Numar persoane, 499746
Total, Total, Total, Buzau, Anul 2010, Numar persoane, 497418
Total, Total, Total, Buzau, Anul 2011, Numar persoane, 494172
Total, Total, Total, Buzau, Anul 2012, Numar persoane, 491376
Total, Total, Total, Buzau, Anul 2013, Numar persoane, 488108
Total, Total, Total, Buzau, Anul 2014, Numar persoane, 484524
Total, Total, Total, Buzau, Anul 2016, Numar persoane, 477071
Total, Total, Total, Buzau, Anul 2017, Numar persoane, 472743
Total, Total, Total, Constanta, Anul 1992, Numar persoane, 742015
Total, Total, Total, Constanta, Anul 1993, Numar persoane, 746324
Total, Total, Total, Constanta, Anul 1994, Numar persoane, 749472
Total, Total, Total, Constanta, Anul 1995, Numar persoane, 750390
Total, Total, Total, Constanta, Anul 1996, Numar persoane, 751126
Total, Total, Total, Constanta, Anul 1997, Numar persoane, 751408
Total, Total, Total, Constanta, Anul 1998, Numar persoane, 753023
Total, Total, Total, Constanta, Anul 1999, Numar persoane, 754134
Total, Total, Total, Constanta, Anul 2000, Numar persoane, 755060
Total, Total, Total, Constanta, Anul 2001, Numar persoane, 756381
Total, Total, Total, Constanta, Anul 2002, Numar persoane, 756993
Total, Total, Total, Constanta, Anul 2003, Numar persoane, 757653
Total, Total, Total, Constanta, Anul 2004, Numar persoane, 758606
Total, Total, Total, Constanta, Anul 2005, Numar persoane, 760267
Total, Total, Total, Constanta, Anul 2006, Numar persoane, 762016
Total, Total, Total, Constanta, Anul 2007, Numar persoane, 764198
Total, Total, Total, Constanta, Anul 2008, Numar persoane, 766658
Total, Total, Total, Constanta, Anul 2009, Numar persoane, 768683
Total, Total, Total, Constanta, Anul 2010, Numar persoane, 770432
Total, Total, Total, Constanta, Anul 2011, Numar persoane, 771223
Total, Total, Total, Constanta, Anul 2012, Numar persoane, 771376
Total, Total, Total, Constanta, Anul 2013, Numar persoane, 771338
Total, Total, Total, Constanta, Anul 2014, Numar persoane, 770783
Total, Total, Total, Constanta, Anul 2016, Numar persoane, 769337
Total, Total, Total, Constanta, Anul 2017, Numar persoane, 768170
Total, Total, Total, Galati, Anul 1992, Numar persoane, 652082
Total, Total, Total, Galati, Anul 1993, Numar persoane, 652624
Total, Total, Total, Galati, Anul 1994, Numar persoane, 653338
Total, Total, Total, Galati, Anul 1995, Numar persoane, 652953
Total, Total, Total, Galati, Anul 1996, Numar persoane, 652114
Total, Total, Total, Galati, Anul 1997, Numar persoane, 651830
Total, Total, Total, Galati, Anul 1998, Numar persoane, 652622
Total, Total, Total, Galati, Anul 1999, Numar persoane, 653265
Total, Total, Total, Galati, Anul 2000, Numar persoane, 654423
Total, Total, Total, Galati, Anul 2001, Numar persoane, 654154
Total, Total, Total, Galati, Anul 2002, Numar persoane, 653311
Total, Total, Total, Galati, Anul 2003, Numar persoane, 651875
Total, Total, Total, Galati, Anul 2004, Numar persoane, 650087
Total, Total, Total, Galati, Anul 2005, Numar persoane, 649072
Total, Total, Total, Galati, Anul 2006, Numar persoane, 647828
Total, Total, Total, Galati, Anul 2007, Numar persoane, 646219
Total, Total, Total, Galati, Anul 2008, Numar persoane, 644483
Total, Total, Total, Galati, Anul 2009, Numar persoane, 642968
Total, Total, Total, Galati, Anul 2010, Numar persoane, 641616
Total, Total, Total, Galati, Anul 2011, Numar persoane, 639173
Total, Total, Total, Galati, Anul 2012, Numar persoane, 638196
Total, Total, Total, Galati, Anul 2013, Numar persoane, 637292
Total, Total, Total, Galati, Anul 2014, Numar persoane, 635559
Total, Total, Total, Galati, Anul 2016, Numar persoane, 630683
Total, Total, Total, Galati, Anul 2017, Numar persoane, 628146
Total, Total, Total, Tulcea, Anul 1992, Numar persoane, 271063
Total, Total, Total, Tulcea, Anul 1993, Numar persoane, 270105
Total, Total, Total, Tulcea, Anul 1994, Numar persoane, 269365
Total, Total, Total, Tulcea, Anul 1995, Numar persoane, 268308
Total, Total, Total, Tulcea, Anul 1996, Numar persoane, 267625
Total, Total, Total, Tulcea, Anul 1997, Numar persoane, 266460
Total, Total, Total, Tulcea, Anul 1998, Numar persoane, 265812
Total, Total, Total, Tulcea, Anul 1999, Numar persoane, 264810
Total, Total, Total, Tulcea, Anul 2000, Numar persoane, 264012
Total, Total, Total, Tulcea, Anul 2001, Numar persoane, 263320
Total, Total, Total, Tulcea, Anul 2002, Numar persoane, 262213
Total, Total, Total, Tulcea, Anul 2003, Numar persoane, 261071
Total, Total, Total, Tulcea, Anul 2004, Numar persoane, 260078
Total, Total, Total, Tulcea, Anul 2005, Numar persoane, 259504
Total, Total, Total, Tulcea, Anul 2006, Numar persoane, 258675
Total, Total, Total, Tulcea, Anul 2007, Numar persoane, 257700
Total, Total, Total, Tulcea, Anul 2008, Numar persoane, 256526
Total, Total, Total, Tulcea, Anul 2009, Numar persoane, 255346
Total, Total, Total, Tulcea, Anul 2010, Numar persoane, 254067
Total, Total, Total, Tulcea, Anul 2011, Numar persoane, 252128
Total, Total, Total, Tulcea, Anul 2012, Numar persoane, 250653
Total, Total, Total, Tulcea, Anul 2013, Numar persoane, 249017
Total, Total, Total, Tulcea, Anul 2014, Numar persoane, 247111
Total, Total, Total, Tulcea, Anul 2016, Numar persoane, 243419
Total, Total, Total, Tulcea, Anul 2017, Numar persoane, 241061
Total, Total, Total, Vrancea, Anul 1992, Numar persoane, 407490
Total, Total, Total, Vrancea, Anul 1993, Numar persoane, 406705
Total, Total, Total, Vrancea, Anul 1994, Numar persoane, 406162
Total, Total, Total, Vrancea, Anul 1995, Numar persoane, 405069
Total, Total, Total, Vrancea, Anul 1996, Numar persoane, 404177
Total, Total, Total, Vrancea, Anul 1997, Numar persoane, 403086
Total, Total, Total, Vrancea, Anul 1998, Numar persoane, 402540
Total, Total, Total, Vrancea, Anul 1999, Numar persoane, 401994
Total, Total, Total, Vrancea, Anul 2000, Numar persoane, 401823
Total, Total, Total, Vrancea, Anul 2001, Numar persoane, 401593
Total, Total, Total, Vrancea, Anul 2002, Numar persoane, 400769
Total, Total, Total, Vrancea, Anul 2003, Numar persoane, 400442
Total, Total, Total, Vrancea, Anul 2004, Numar persoane, 400341
Total, Total, Total, Vrancea, Anul 2005, Numar persoane, 400008
Total, Total, Total, Vrancea, Anul 2006, Numar persoane, 399671
Total, Total, Total, Vrancea, Anul 2007, Numar persoane, 399452
Total, Total, Total, Vrancea, Anul 2008, Numar persoane, 399191
Total, Total, Total, Vrancea, Anul 2009, Numar persoane, 398805
Total, Total, Total, Vrancea, Anul 2010, Numar persoane, 398151
Total, Total, Total, Vrancea, Anul 2011, Numar persoane, 397163
Total, Total, Total, Vrancea, Anul 2012, Numar persoane, 396100
Total, Total, Total, Vrancea, Anul 2013, Numar persoane, 394864
Total, Total, Total, Vrancea, Anul 2014, Numar persoane, 393303
Total, Total, Total, Vrancea, Anul 2016, Numar persoane, 390861
Total, Total, Total, Vrancea, Anul 2017, Numar persoane, 388495
Total, Total, Total, MACROREGIUNEA TREI, Anul 1992, Numar persoane, 6036962
Total, Total, Total, MACROREGIUNEA TREI, Anul 1993, Numar persoane, 6030872
Total, Total, Total, MACROREGIUNEA TREI, Anul 1994, Numar persoane, 6022220
Total, Total, Total, MACROREGIUNEA TREI, Anul 1995, Numar persoane, 6005078
Total, Total, Total, MACROREGIUNEA TREI, Anul 1996, Numar persoane, 5978366
Total, Total, Total, MACROREGIUNEA TREI, Anul 1997, Numar persoane, 5955453
Total, Total, Total, MACROREGIUNEA TREI, Anul 1998, Numar persoane, 5938427
Total, Total, Total, MACROREGIUNEA TREI, Anul 1999, Numar persoane, 5920419
Total, Total, Total, MACROREGIUNEA TREI, Anul 2000, Numar persoane, 5912136
Total, Total, Total, MACROREGIUNEA TREI, Anul 2001, Numar persoane, 5901643
Total, Total, Total, MACROREGIUNEA TREI, Anul 2002, Numar persoane, 5886356
Total, Total, Total, MACROREGIUNEA TREI, Anul 2003, Numar persoane, 5872800
Total, Total, Total, MACROREGIUNEA TREI, Anul 2004, Numar persoane, 5862033
Total, Total, Total, MACROREGIUNEA TREI, Anul 2005, Numar persoane, 5853181
Total, Total, Total, MACROREGIUNEA TREI, Anul 2006, Numar persoane, 5848320
Total, Total, Total, MACROREGIUNEA TREI, Anul 2007, Numar persoane, 5845758
Total, Total, Total, MACROREGIUNEA TREI, Anul 2008, Numar persoane, 5847322
Total, Total, Total, MACROREGIUNEA TREI, Anul 2009, Numar persoane, 5845871
Total, Total, Total, MACROREGIUNEA TREI, Anul 2010, Numar persoane, 5843334
Total, Total, Total, MACROREGIUNEA TREI, Anul 2011, Numar persoane, 5835464
Total, Total, Total, MACROREGIUNEA TREI, Anul 2012, Numar persoane, 5826029
Total, Total, Total, MACROREGIUNEA TREI, Anul 2013, Numar persoane, 5808149
Total, Total, Total, MACROREGIUNEA TREI, Anul 2014, Numar persoane, 5771193
Total, Total, Total, MACROREGIUNEA TREI, Anul 2016, Numar persoane, 5754312
Total, Total, Total, MACROREGIUNEA TREI, Anul 2017, Numar persoane, 5749191
Total, Total, Total, Regiunea SUD-MUNTENIA, Anul 1992, Numar persoane, 3568374
Total, Total, Total, Regiunea SUD-MUNTENIA, Anul 1993, Numar persoane, 3557489
Total, Total, Total, Regiunea SUD-MUNTENIA, Anul 1994, Numar persoane, 3550053
Total, Total, Total, Regiunea SUD-MUNTENIA, Anul 1995, Numar persoane, 3537937
Total, Total, Total, Regiunea SUD-MUNTENIA, Anul 1996, Numar persoane, 3523505
Total, Total, Total, Regiunea SUD-MUNTENIA, Anul 1997, Numar persoane, 3509715
Total, Total, Total, Regiunea SUD-MUNTENIA, Anul 1998, Numar persoane, 3499676
Total, Total, Total, Regiunea SUD-MUNTENIA, Anul 1999, Numar persoane, 3488563
Total, Total, Total, Regiunea SUD-MUNTENIA, Anul 2000, Numar persoane, 3481933
Total, Total, Total, Regiunea SUD-MUNTENIA, Anul 2001, Numar persoane, 3472902
Total, Total, Total, Regiunea SUD-MUNTENIA, Anul 2002, Numar persoane, 3457556
Total, Total, Total, Regiunea SUD-MUNTENIA, Anul 2003, Numar persoane, 3443268
Total, Total, Total, Regiunea SUD-MUNTENIA, Anul 2004, Numar persoane, 3429284
Total, Total, Total, Regiunea SUD-MUNTENIA, Anul 2005, Numar persoane, 3416756
Total, Total, Total, Regiunea SUD-MUNTENIA, Anul 2006, Numar persoane, 3404665
Total, Total, Total, Regiunea SUD-MUNTENIA, Anul 2007, Numar persoane, 3394547
Total, Total, Total, Regiunea SUD-MUNTENIA, Anul 2008, Numar persoane, 3384932
Total, Total, Total, Regiunea SUD-MUNTENIA, Anul 2009, Numar persoane, 3373155
Total, Total, Total, Regiunea SUD-MUNTENIA, Anul 2010, Numar persoane, 3360408
Total, Total, Total, Regiunea SUD-MUNTENIA, Anul 2011, Numar persoane, 3343770
Total, Total, Total, Regiunea SUD-MUNTENIA, Anul 2012, Numar persoane, 3327723
Total, Total, Total, Regiunea SUD-MUNTENIA, Anul 2013, Numar persoane, 3309182
Total, Total, Total, Regiunea SUD-MUNTENIA, Anul 2014, Numar persoane, 3289404
Total, Total, Total, Regiunea SUD-MUNTENIA, Anul 2016, Numar persoane, 3252112
Total, Total, Total, Regiunea SUD-MUNTENIA, Anul 2017, Numar persoane, 3228630
Total, Total, Total, Arges, Anul 1992, Numar persoane, 680982
Total, Total, Total, Arges, Anul 1993, Numar persoane, 681446
Total, Total, Total, Arges, Anul 1994, Numar persoane, 682008
Total, Total, Total, Arges, Anul 1995, Numar persoane, 681313
Total, Total, Total, Arges, Anul 1996, Numar persoane, 679740
Total, Total, Total, Arges, Anul 1997, Numar persoane, 678174
Total, Total, Total, Arges, Anul 1998, Numar persoane, 676819
Total, Total, Total, Arges, Anul 1999, Numar persoane, 675593
Total, Total, Total, Arges, Anul 2000, Numar persoane, 674715
Total, Total, Total, Arges, Anul 2001, Numar persoane, 673484
Total, Total, Total, Arges, Anul 2002, Numar persoane, 670879
Total, Total, Total, Arges, Anul 2003, Numar persoane, 669092
Total, Total, Total, Arges, Anul 2004, Numar persoane, 667491
Total, Total, Total, Arges, Anul 2005, Numar persoane, 665828
Total, Total, Total, Arges, Anul 2006, Numar persoane, 664536
Total, Total, Total, Arges, Anul 2007, Numar persoane, 663975
Total, Total, Total, Arges, Anul 2008, Numar persoane, 665281
Total, Total, Total, Arges, Anul 2009, Numar persoane, 663075
Total, Total, Total, Arges, Anul 2010, Numar persoane, 661091
Total, Total, Total, Arges, Anul 2011, Numar persoane, 658421
Total, Total, Total, Arges, Anul 2012, Numar persoane, 655633
Total, Total, Total, Arges, Anul 2013, Numar persoane, 653212
Total, Total, Total, Arges, Anul 2014, Numar persoane, 650332
Total, Total, Total, Arges, Anul 2016, Numar persoane, 644726
Total, Total, Total, Arges, Anul 2017, Numar persoane, 641463
Total, Total, Total, Calarasi, Anul 1992, Numar persoane, 343217
Total, Total, Total, Calarasi, Anul 1993, Numar persoane, 342053
Total, Total, Total, Calarasi, Anul 1994, Numar persoane, 341130
Total, Total, Total, Calarasi, Anul 1995, Numar persoane, 339612
Total, Total, Total, Calarasi, Anul 1996, Numar persoane, 338299
Total, Total, Total, Calarasi, Anul 1997, Numar persoane, 337292
Total, Total, Total, Calarasi, Anul 1998, Numar persoane, 336587
Total, Total, Total, Calarasi, Anul 1999, Numar persoane, 335967
Total, Total, Total, Calarasi, Anul 2000, Numar persoane, 336249
Total, Total, Total, Calarasi, Anul 2001, Numar persoane, 335225
Total, Total, Total, Calarasi, Anul 2002, Numar persoane, 334108
Total, Total, Total, Calarasi, Anul 2003, Numar persoane, 333331
Total, Total, Total, Calarasi, Anul 2004, Numar persoane, 332556
Total, Total, Total, Calarasi, Anul 2005, Numar persoane, 331229
Total, Total, Total, Calarasi, Anul 2006, Numar persoane, 330576
Total, Total, Total, Calarasi, Anul 2007, Numar persoane, 329900
Total, Total, Total, Calarasi, Anul 2008, Numar persoane, 329015
Total, Total, Total, Calarasi, Anul 2009, Numar persoane, 328282
Total, Total, Total, Calarasi, Anul 2010, Numar persoane, 327085
Total, Total, Total, Calarasi, Anul 2011, Numar persoane, 325353
Total, Total, Total, Calarasi, Anul 2012, Numar persoane, 324089
Total, Total, Total, Calarasi, Anul 2013, Numar persoane, 322394
Total, Total, Total, Calarasi, Anul 2014, Numar persoane, 320302
Total, Total, Total, Calarasi, Anul 2016, Numar persoane, 316634
Total, Total, Total, Calarasi, Anul 2017, Numar persoane, 314150
Total, Total, Total, Dambovita, Anul 1992, Numar persoane, 555560
Total, Total, Total, Dambovita, Anul 1993, Numar persoane, 554451
Total, Total, Total, Dambovita, Anul 1994, Numar persoane, 554196
Total, Total, Total, Dambovita, Anul 1995, Numar persoane, 553023
Total, Total, Total, Dambovita, Anul 1996, Numar persoane, 551542
Total, Total, Total, Dambovita, Anul 1997, Numar persoane, 550066
Total, Total, Total, Dambovita, Anul 1998, Numar persoane, 549594
Total, Total, Total, Dambovita, Anul 1999, Numar persoane, 548550
Total, Total, Total, Dambovita, Anul 2000, Numar persoane, 547870
Total, Total, Total, Dambovita, Anul 2001, Numar persoane, 547331
Total, Total, Total, Dambovita, Anul 2002, Numar persoane, 546173
Total, Total, Total, Dambovita, Anul 2003, Numar persoane, 544422
Total, Total, Total, Dambovita, Anul 2004, Numar persoane, 543120
Total, Total, Total, Dambovita, Anul 2005, Numar persoane, 542036
Total, Total, Total, Dambovita, Anul 2006, Numar persoane, 540750
Total, Total, Total, Dambovita, Anul 2007, Numar persoane, 539540
Total, Total, Total, Dambovita, Anul 2008, Numar persoane, 538231
Total, Total, Total, Dambovita, Anul 2009, Numar persoane, 537877
Total, Total, Total, Dambovita, Anul 2010, Numar persoane, 537414
Total, Total, Total, Dambovita, Anul 2011, Numar persoane, 536623
Total, Total, Total, Dambovita, Anul 2012, Numar persoane, 535852
Total, Total, Total, Dambovita, Anul 2013, Numar persoane, 533954
Total, Total, Total, Dambovita, Anul 2014, Numar persoane, 531715
Total, Total, Total, Dambovita, Anul 2016, Numar persoane, 527842
Total, Total, Total, Dambovita, Anul 2017, Numar persoane, 525048
Total, Total, Total, Giurgiu, Anul 1992, Numar persoane, 313240
Total, Total, Total, Giurgiu, Anul 1993, Numar persoane, 309958
Total, Total, Total, Giurgiu, Anul 1994, Numar persoane, 307411
Total, Total, Total, Giurgiu, Anul 1995, Numar persoane, 305124
Total, Total, Total, Giurgiu, Anul 1996, Numar persoane, 302519
Total, Total, Total, Giurgiu, Anul 1997, Numar persoane, 300665
Total, Total, Total, Giurgiu, Anul 1998, Numar persoane, 299209
Total, Total, Total, Giurgiu, Anul 1999, Numar persoane, 297451
Total, Total, Total, Giurgiu, Anul 2000, Numar persoane, 296431
Total, Total, Total, Giurgiu, Anul 2001, Numar persoane, 295690
Total, Total, Total, Giurgiu, Anul 2002, Numar persoane, 293955
Total, Total, Total, Giurgiu, Anul 2003, Numar persoane, 292147
Total, Total, Total, Giurgiu, Anul 2004, Numar persoane, 290562
Total, Total, Total, Giurgiu, Anul 2005, Numar persoane, 289163
Total, Total, Total, Giurgiu, Anul 2006, Numar persoane, 287769
Total, Total, Total, Giurgiu, Anul 2007, Numar persoane, 286663
Total, Total, Total, Giurgiu, Anul 2008, Numar persoane, 285730
Total, Total, Total, Giurgiu, Anul 2009, Numar persoane, 284567
Total, Total, Total, Giurgiu, Anul 2010, Numar persoane, 283502
Total, Total, Total, Giurgiu, Anul 2011, Numar persoane, 282525
Total, Total, Total, Giurgiu, Anul 2012, Numar persoane, 281869
Total, Total, Total, Giurgiu, Anul 2013, Numar persoane, 280114
Total, Total, Total, Giurgiu, Anul 2014, Numar persoane, 278630
Total, Total, Total, Giurgiu, Anul 2016, Numar persoane, 276413
Total, Total, Total, Giurgiu, Anul 2017, Numar persoane, 274848
Total, Total, Total, Ialomita, Anul 1992, Numar persoane, 311248
Total, Total, Total, Ialomita, Anul 1993, Numar persoane, 310410
Total, Total, Total, Ialomita, Anul 1994, Numar persoane, 310611
Total, Total, Total, Ialomita, Anul 1995, Numar persoane, 310242
Total, Total, Total, Ialomita, Anul 1996, Numar persoane, 310121
Total, Total, Total, Ialomita, Anul 1997, Numar persoane, 309598
Total, Total, Total, Ialomita, Anul 1998, Numar persoane, 309750
Total, Total, Total, Ialomita, Anul 1999, Numar persoane, 309838
Total, Total, Total, Ialomita, Anul 2000, Numar persoane, 309991
Total, Total, Total, Ialomita, Anul 2001, Numar persoane, 309683
Total, Total, Total, Ialomita, Anul 2002, Numar persoane, 308973
Total, Total, Total, Ialomita, Anul 2003, Numar persoane, 308576
Total, Total, Total, Ialomita, Anul 2004, Numar persoane, 307615
Total, Total, Total, Ialomita, Anul 2005, Numar persoane, 307179
Total, Total, Total, Ialomita, Anul 2006, Numar persoane, 306316
Total, Total, Total, Ialomita, Anul 2007, Numar persoane, 305763
Total, Total, Total, Ialomita, Anul 2008, Numar persoane, 304680
Total, Total, Total, Ialomita, Anul 2009, Numar persoane, 303822
Total, Total, Total, Ialomita, Anul 2010, Numar persoane, 302845
Total, Total, Total, Ialomita, Anul 2011, Numar persoane, 301342
Total, Total, Total, Ialomita, Anul 2012, Numar persoane, 299880
Total, Total, Total, Ialomita, Anul 2013, Numar persoane, 298203
Total, Total, Total, Ialomita, Anul 2014, Numar persoane, 296162
Total, Total, Total, Ialomita, Anul 2016, Numar persoane, 292965
Total, Total, Total, Ialomita, Anul 2017, Numar persoane, 290698
Total, Total, Total, Prahova, Anul 1992, Numar persoane, 872905
Total, Total, Total, Prahova, Anul 1993, Numar persoane, 871841
Total, Total, Total, Prahova, Anul 1994, Numar persoane, 870712
Total, Total, Total, Prahova, Anul 1995, Numar persoane, 868716
Total, Total, Total, Prahova, Anul 1996, Numar persoane, 865156
Total, Total, Total, Prahova, Anul 1997, Numar persoane, 862159
Total, Total, Total, Prahova, Anul 1998, Numar persoane, 859328
Total, Total, Total, Prahova, Anul 1999, Numar persoane, 856648
Total, Total, Total, Prahova, Anul 2000, Numar persoane, 854774
Total, Total, Total, Prahova, Anul 2001, Numar persoane, 853318
Total, Total, Total, Prahova, Anul 2002, Numar persoane, 850128
Total, Total, Total, Prahova, Anul 2003, Numar persoane, 847342
Total, Total, Total, Prahova, Anul 2004, Numar persoane, 844520
Total, Total, Total, Prahova, Anul 2005, Numar persoane, 842646
Total, Total, Total, Prahova, Anul 2006, Numar persoane, 840803
Total, Total, Total, Prahova, Anul 2007, Numar persoane, 838963
Total, Total, Total, Prahova, Anul 2008, Numar persoane, 836893
Total, Total, Total, Prahova, Anul 2009, Numar persoane, 834600
Total, Total, Total, Prahova, Anul 2010, Numar persoane, 831992
Total, Total, Total, Prahova, Anul 2011, Numar persoane, 827940
Total, Total, Total, Prahova, Anul 2012, Numar persoane, 823687
Total, Total, Total, Prahova, Anul 2013, Numar persoane, 819498
Total, Total, Total, Prahova, Anul 2014, Numar persoane, 815741
Total, Total, Total, Prahova, Anul 2016, Numar persoane, 806504
Total, Total, Total, Prahova, Anul 2017, Numar persoane, 801372
Total, Total, Total, Teleorman, Anul 1992, Numar persoane, 491222
Total, Total, Total, Teleorman, Anul 1993, Numar persoane, 487330
Total, Total, Total, Teleorman, Anul 1994, Numar persoane, 483985
Total, Total, Total, Teleorman, Anul 1995, Numar persoane, 479907
Total, Total, Total, Teleorman, Anul 1996, Numar persoane, 476128
Total, Total, Total, Teleorman, Anul 1997, Numar persoane, 471761
Total, Total, Total, Teleorman, Anul 1998, Numar persoane, 468389
Total, Total, Total, Teleorman, Anul 1999, Numar persoane, 464516
Total, Total, Total, Teleorman, Anul 2000, Numar persoane, 461903
Total, Total, Total, Teleorman, Anul 2001, Numar persoane, 458171
Total, Total, Total, Teleorman, Anul 2002, Numar persoane, 453340
Total, Total, Total, Teleorman, Anul 2003, Numar persoane, 448358
Total, Total, Total, Teleorman, Anul 2004, Numar persoane, 443420
Total, Total, Total, Teleorman, Anul 2005, Numar persoane, 438675
Total, Total, Total, Teleorman, Anul 2006, Numar persoane, 433915
Total, Total, Total, Teleorman, Anul 2007, Numar persoane, 429743
Total, Total, Total, Teleorman, Anul 2008, Numar persoane, 425102
Total, Total, Total, Teleorman, Anul 2009, Numar persoane, 420932
Total, Total, Total, Teleorman, Anul 2010, Numar persoane, 416479
Total, Total, Total, Teleorman, Anul 2011, Numar persoane, 411566
Total, Total, Total, Teleorman, Anul 2012, Numar persoane, 406713
Total, Total, Total, Teleorman, Anul 2013, Numar persoane, 401807
Total, Total, Total, Teleorman, Anul 2014, Numar persoane, 396522
Total, Total, Total, Teleorman, Anul 2016, Numar persoane, 387028
Total, Total, Total, Teleorman, Anul 2017, Numar persoane, 381051
Total, Total, Total, Regiunea BUCURESTI - ILFOV, Anul 1992, Numar persoane, 2468588
Total, Total, Total, Regiunea BUCURESTI - ILFOV, Anul 1993, Numar persoane, 2473383
Total, Total, Total, Regiunea BUCURESTI - ILFOV, Anul 1994, Numar persoane, 2472167
Total, Total, Total, Regiunea BUCURESTI - ILFOV, Anul 1995, Numar persoane, 2467141
Total, Total, Total, Regiunea BUCURESTI - ILFOV, Anul 1996, Numar persoane, 2454861
Total, Total, Total, Regiunea BUCURESTI - ILFOV, Anul 1997, Numar persoane, 2445738
Total, Total, Total, Regiunea BUCURESTI - ILFOV, Anul 1998, Numar persoane, 2438751
Total, Total, Total, Regiunea BUCURESTI - ILFOV, Anul 1999, Numar persoane, 2431856
Total, Total, Total, Regiunea BUCURESTI - ILFOV, Anul 2000, Numar persoane, 2430203
Total, Total, Total, Regiunea BUCURESTI - ILFOV, Anul 2001, Numar persoane, 2428741
Total, Total, Total, Regiunea BUCURESTI - ILFOV, Anul 2002, Numar persoane, 2428800
Total, Total, Total, Regiunea BUCURESTI - ILFOV, Anul 2003, Numar persoane, 2429532
Total, Total, Total, Regiunea BUCURESTI - ILFOV, Anul 2004, Numar persoane, 2432749
Total, Total, Total, Regiunea BUCURESTI - ILFOV, Anul 2005, Numar persoane, 2436425
Total, Total, Total, Regiunea BUCURESTI - ILFOV, Anul 2006, Numar persoane, 2443655
Total, Total, Total, Regiunea BUCURESTI - ILFOV, Anul 2007, Numar persoane, 2451211
Total, Total, Total, Regiunea BUCURESTI - ILFOV, Anul 2008, Numar persoane, 2462390
Total, Total, Total, Regiunea BUCURESTI - ILFOV, Anul 2009, Numar persoane, 2472716
Total, Total, Total, Regiunea BUCURESTI - ILFOV, Anul 2010, Numar persoane, 2482926
Total, Total, Total, Regiunea BUCURESTI - ILFOV, Anul 2011, Numar persoane, 2491694
Total, Total, Total, Regiunea BUCURESTI - ILFOV, Anul 2012, Numar persoane, 2498306
Total, Total, Total, Regiunea BUCURESTI - ILFOV, Anul 2013, Numar persoane, 2498967
Total, Total, Total, Regiunea BUCURESTI - ILFOV, Anul 2014, Numar persoane, 2481789
Total, Total, Total, Regiunea BUCURESTI - ILFOV, Anul 2016, Numar persoane, 2502200
Total, Total, Total, Regiunea BUCURESTI - ILFOV, Anul 2017, Numar persoane, 2520561
Total, Total, Total, Ilfov, Anul 1992, Numar persoane, 277412
Total, Total, Total, Ilfov, Anul 1993, Numar persoane, 277893
Total, Total, Total, Ilfov, Anul 1994, Numar persoane, 279009
Total, Total, Total, Ilfov, Anul 1995, Numar persoane, 278679
Total, Total, Total, Ilfov, Anul 1996, Numar persoane, 277776
Total, Total, Total, Ilfov, Anul 1997, Numar persoane, 277589
Total, Total, Total, Ilfov, Anul 1998, Numar persoane, 277804
Total, Total, Total, Ilfov, Anul 1999, Numar persoane, 277663
Total, Total, Total, Ilfov, Anul 2000, Numar persoane, 278025
Total, Total, Total, Ilfov, Anul 2001, Numar persoane, 278978
Total, Total, Total, Ilfov, Anul 2002, Numar persoane, 277392
Total, Total, Total, Ilfov, Anul 2003, Numar persoane, 278005
Total, Total, Total, Ilfov, Anul 2004, Numar persoane, 281197
Total, Total, Total, Ilfov, Anul 2005, Numar persoane, 284824
Total, Total, Total, Ilfov, Anul 2006, Numar persoane, 289168
Total, Total, Total, Ilfov, Anul 2007, Numar persoane, 294233
Total, Total, Total, Ilfov, Anul 2008, Numar persoane, 303574
Total, Total, Total, Ilfov, Anul 2009, Numar persoane, 312089
Total, Total, Total, Ilfov, Anul 2010, Numar persoane, 320889
Total, Total, Total, Ilfov, Anul 2011, Numar persoane, 334412
Total, Total, Total, Ilfov, Anul 2012, Numar persoane, 346548
Total, Total, Total, Ilfov, Anul 2013, Numar persoane, 358151
Total, Total, Total, Ilfov, Anul 2014, Numar persoane, 371037
Total, Total, Total, Ilfov, Anul 2016, Numar persoane, 399525
Total, Total, Total, Ilfov, Anul 2017, Numar persoane, 415594
Total, Total, Total, Municipiul Bucuresti, Anul 1992, Numar persoane, 2191176
Total, Total, Total, Municipiul Bucuresti, Anul 1993, Numar persoane, 2195490
Total, Total, Total, Municipiul Bucuresti, Anul 1994, Numar persoane, 2193158
Total, Total, Total, Municipiul Bucuresti, Anul 1995, Numar persoane, 2188462
Total, Total, Total, Municipiul Bucuresti, Anul 1996, Numar persoane, 2177085
Total, Total, Total, Municipiul Bucuresti, Anul 1997, Numar persoane, 2168149
Total, Total, Total, Municipiul Bucuresti, Anul 1998, Numar persoane, 2160947
Total, Total, Total, Municipiul Bucuresti, Anul 1999, Numar persoane, 2154193
Total, Total, Total, Municipiul Bucuresti, Anul 2000, Numar persoane, 2152178
Total, Total, Total, Municipiul Bucuresti, Anul 2001, Numar persoane, 2149763
Total, Total, Total, Municipiul Bucuresti, Anul 2002, Numar persoane, 2151408
Total, Total, Total, Municipiul Bucuresti, Anul 2003, Numar persoane, 2151527
Total, Total, Total, Municipiul Bucuresti, Anul 2004, Numar persoane, 2151552
Total, Total, Total, Municipiul Bucuresti, Anul 2005, Numar persoane, 2151601
Total, Total, Total, Municipiul Bucuresti, Anul 2006, Numar persoane, 2154487
Total, Total, Total, Municipiul Bucuresti, Anul 2007, Numar persoane, 2156978
Total, Total, Total, Municipiul Bucuresti, Anul 2008, Numar persoane, 2158816
Total, Total, Total, Municipiul Bucuresti, Anul 2009, Numar persoane, 2160627
Total, Total, Total, Municipiul Bucuresti, Anul 2010, Numar persoane, 2162037
Total, Total, Total, Municipiul Bucuresti, Anul 2011, Numar persoane, 2157282
Total, Total, Total, Municipiul Bucuresti, Anul 2012, Numar persoane, 2151758
Total, Total, Total, Municipiul Bucuresti, Anul 2013, Numar persoane, 2140816
Total, Total, Total, Municipiul Bucuresti, Anul 2014, Numar persoane, 2110752
Total, Total, Total, Municipiul Bucuresti, Anul 2016, Numar persoane, 2102675
Total, Total, Total, Municipiul Bucuresti, Anul 2017, Numar persoane, 2104967
Total, Total, Total, MACROREGIUNEA PATRU, Anul 1992, Numar persoane, 4564307
Total, Total, Total, MACROREGIUNEA PATRU, Anul 1993, Numar persoane, 4557144
Total, Total, Total, MACROREGIUNEA PATRU, Anul 1994, Numar persoane, 4551385
Total, Total, Total, MACROREGIUNEA PATRU, Anul 1995, Numar persoane, 4539321
Total, Total, Total, MACROREGIUNEA PATRU, Anul 1996, Numar persoane, 4522005
Total, Total, Total, MACROREGIUNEA PATRU, Anul 1997, Numar persoane, 4508678
Total, Total, Total, MACROREGIUNEA PATRU, Anul 1998, Numar persoane, 4490912
Total, Total, Total, MACROREGIUNEA PATRU, Anul 1999, Numar persoane, 4476324
Total, Total, Total, MACROREGIUNEA PATRU, Anul 2000, Numar persoane, 4465750
Total, Total, Total, MACROREGIUNEA PATRU, Anul 2001, Numar persoane, 4456955
Total, Total, Total, MACROREGIUNEA PATRU, Anul 2002, Numar persoane, 4442569
Total, Total, Total, MACROREGIUNEA PATRU, Anul 2003, Numar persoane, 4427763
Total, Total, Total, MACROREGIUNEA PATRU, Anul 2004, Numar persoane, 4411888
Total, Total, Total, MACROREGIUNEA PATRU, Anul 2005, Numar persoane, 4397331
Total, Total, Total, MACROREGIUNEA PATRU, Anul 2006, Numar persoane, 4383746
Total, Total, Total, MACROREGIUNEA PATRU, Anul 2007, Numar persoane, 4370028
Total, Total, Total, MACROREGIUNEA PATRU, Anul 2008, Numar persoane, 4356547
Total, Total, Total, MACROREGIUNEA PATRU, Anul 2009, Numar persoane, 4343327
Total, Total, Total, MACROREGIUNEA PATRU, Anul 2010, Numar persoane, 4327981
Total, Total, Total, MACROREGIUNEA PATRU, Anul 2011, Numar persoane, 4309357
Total, Total, Total, MACROREGIUNEA PATRU, Anul 2012, Numar persoane, 4291187
Total, Total, Total, MACROREGIUNEA PATRU, Anul 2013, Numar persoane, 4272565
Total, Total, Total, MACROREGIUNEA PATRU, Anul 2014, Numar persoane, 4251605
Total, Total, Total, MACROREGIUNEA PATRU, Anul 2016, Numar persoane, 4213959
Total, Total, Total, MACROREGIUNEA PATRU, Anul 2017, Numar persoane, 4193112
Total, Total, Total, Regiunea SUD-VEST OLTENIA, Anul 1992, Numar persoane, 2444443
Total, Total, Total, Regiunea SUD-VEST OLTENIA, Anul 1993, Numar persoane, 2438960
Total, Total, Total, Regiunea SUD-VEST OLTENIA, Anul 1994, Numar persoane, 2435665
Total, Total, Total, Regiunea SUD-VEST OLTENIA, Anul 1995, Numar persoane, 2429172
Total, Total, Total, Regiunea SUD-VEST OLTENIA, Anul 1996, Numar persoane, 2420469
Total, Total, Total, Regiunea SUD-VEST OLTENIA, Anul 1997, Numar persoane, 2411722
Total, Total, Total, Regiunea SUD-VEST OLTENIA, Anul 1998, Numar persoane, 2403987
Total, Total, Total, Regiunea SUD-VEST OLTENIA, Anul 1999, Numar persoane, 2396105
Total, Total, Total, Regiunea SUD-VEST OLTENIA, Anul 2000, Numar persoane, 2391625
Total, Total, Total, Regiunea SUD-VEST OLTENIA, Anul 2001, Numar persoane, 2384974
Total, Total, Total, Regiunea SUD-VEST OLTENIA, Anul 2002, Numar persoane, 2375007
Total, Total, Total, Regiunea SUD-VEST OLTENIA, Anul 2003, Numar persoane, 2364399
Total, Total, Total, Regiunea SUD-VEST OLTENIA, Anul 2004, Numar persoane, 2353313
Total, Total, Total, Regiunea SUD-VEST OLTENIA, Anul 2005, Numar persoane, 2343431
Total, Total, Total, Regiunea SUD-VEST OLTENIA, Anul 2006, Numar persoane, 2332648
Total, Total, Total, Regiunea SUD-VEST OLTENIA, Anul 2007, Numar persoane, 2321131
Total, Total, Total, Regiunea SUD-VEST OLTENIA, Anul 2008, Numar persoane, 2308217
Total, Total, Total, Regiunea SUD-VEST OLTENIA, Anul 2009, Numar persoane, 2296849
Total, Total, Total, Regiunea SUD-VEST OLTENIA, Anul 2010, Numar persoane, 2284499
Total, Total, Total, Regiunea SUD-VEST OLTENIA, Anul 2011, Numar persoane, 2270181
Total, Total, Total, Regiunea SUD-VEST OLTENIA, Anul 2012, Numar persoane, 2257275
Total, Total, Total, Regiunea SUD-VEST OLTENIA, Anul 2013, Numar persoane, 2244111
Total, Total, Total, Regiunea SUD-VEST OLTENIA, Anul 2014, Numar persoane, 2228738
Total, Total, Total, Regiunea SUD-VEST OLTENIA, Anul 2016, Numar persoane, 2200411
Total, Total, Total, Regiunea SUD-VEST OLTENIA, Anul 2017, Numar persoane, 2184573
Total, Total, Total, Dolj, Anul 1992, Numar persoane, 771607
Total, Total, Total, Dolj, Anul 1993, Numar persoane, 769506
Total, Total, Total, Dolj, Anul 1994, Numar persoane, 767791
Total, Total, Total, Dolj, Anul 1995, Numar persoane, 764828
Total, Total, Total, Dolj, Anul 1996, Numar persoane, 760989
Total, Total, Total, Dolj, Anul 1997, Numar persoane, 757365
Total, Total, Total, Dolj, Anul 1998, Numar persoane, 754938
Total, Total, Total, Dolj, Anul 1999, Numar persoane, 752275
Total, Total, Total, Dolj, Anul 2000, Numar persoane, 751338
Total, Total, Total, Dolj, Anul 2001, Numar persoane, 749445
Total, Total, Total, Dolj, Anul 2002, Numar persoane, 746817
Total, Total, Total, Dolj, Anul 2003, Numar persoane, 742976
Total, Total, Total, Dolj, Anul 2004, Numar persoane, 739243
Total, Total, Total, Dolj, Anul 2005, Numar persoane, 735635
Total, Total, Total, Dolj, Anul 2006, Numar persoane, 732744
Total, Total, Total, Dolj, Anul 2007, Numar persoane, 729383
Total, Total, Total, Dolj, Anul 2008, Numar persoane, 726474
Total, Total, Total, Dolj, Anul 2009, Numar persoane, 723514
Total, Total, Total, Dolj, Anul 2010, Numar persoane, 720073
Total, Total, Total, Dolj, Anul 2011, Numar persoane, 716398
Total, Total, Total, Dolj, Anul 2012, Numar persoane, 713129
Total, Total, Total, Dolj, Anul 2013, Numar persoane, 709727
Total, Total, Total, Dolj, Anul 2014, Numar persoane, 705760
Total, Total, Total, Dolj, Anul 2016, Numar persoane, 698933
Total, Total, Total, Dolj, Anul 2017, Numar persoane, 695104
Total, Total, Total, Gorj, Anul 1992, Numar persoane, 384550
Total, Total, Total, Gorj, Anul 1993, Numar persoane, 385023
Total, Total, Total, Gorj, Anul 1994, Numar persoane, 386349
Total, Total, Total, Gorj, Anul 1995, Numar persoane, 387010
Total, Total, Total, Gorj, Anul 1996, Numar persoane, 387133
Total, Total, Total, Gorj, Anul 1997, Numar persoane, 387499
Total, Total, Total, Gorj, Anul 1998, Numar persoane, 386856
Total, Total, Total, Gorj, Anul 1999, Numar persoane, 386681
Total, Total, Total, Gorj, Anul 2000, Numar persoane, 386646
Total, Total, Total, Gorj, Anul 2001, Numar persoane, 386426
Total, Total, Total, Gorj, Anul 2002, Numar persoane, 385583
Total, Total, Total, Gorj, Anul 2003, Numar persoane, 385159
Total, Total, Total, Gorj, Anul 2004, Numar persoane, 384471
Total, Total, Total, Gorj, Anul 2005, Numar persoane, 383831
Total, Total, Total, Gorj, Anul 2006, Numar persoane, 382928
Total, Total, Total, Gorj, Anul 2007, Numar persoane, 381911
Total, Total, Total, Gorj, Anul 2008, Numar persoane, 380476
Total, Total, Total, Gorj, Anul 2009, Numar persoane, 379358
Total, Total, Total, Gorj, Anul 2010, Numar persoane, 377938
Total, Total, Total, Gorj, Anul 2011, Numar persoane, 376293
Total, Total, Total, Gorj, Anul 2012, Numar persoane, 374271
Total, Total, Total, Gorj, Anul 2013, Numar persoane, 372383
Total, Total, Total, Gorj, Anul 2014, Numar persoane, 369857
Total, Total, Total, Gorj, Anul 2016, Numar persoane, 365110
Total, Total, Total, Gorj, Anul 2017, Numar persoane, 362610
Total, Total, Total, Mehedinti, Anul 1992, Numar persoane, 327008
Total, Total, Total, Mehedinti, Anul 1993, Numar persoane, 326207
Total, Total, Total, Mehedinti, Anul 1994, Numar persoane, 325269
Total, Total, Total, Mehedinti, Anul 1995, Numar persoane, 323773
Total, Total, Total, Mehedinti, Anul 1996, Numar persoane, 322901
Total, Total, Total, Mehedinti, Anul 1997, Numar persoane, 321288
Total, Total, Total, Mehedinti, Anul 1998, Numar persoane, 320190
Total, Total, Total, Mehedinti, Anul 1999, Numar persoane, 318922
Total, Total, Total, Mehedinti, Anul 2000, Numar persoane, 317900
Total, Total, Total, Mehedinti, Anul 2001, Numar persoane, 316560
Total, Total, Total, Mehedinti, Anul 2002, Numar persoane, 315214
Total, Total, Total, Mehedinti, Anul 2003, Numar persoane, 313668
Total, Total, Total, Mehedinti, Anul 2004, Numar persoane, 312021
Total, Total, Total, Mehedinti, Anul 2005, Numar persoane, 310538
Total, Total, Total, Mehedinti, Anul 2006, Numar persoane, 308679
Total, Total, Total, Mehedinti, Anul 2007, Numar persoane, 306361
Total, Total, Total, Mehedinti, Anul 2008, Numar persoane, 303784
Total, Total, Total, Mehedinti, Anul 2009, Numar persoane, 301649
Total, Total, Total, Mehedinti, Anul 2010, Numar persoane, 299510
Total, Total, Total, Mehedinti, Anul 2011, Numar persoane, 296890
Total, Total, Total, Mehedinti, Anul 2012, Numar persoane, 294913
Total, Total, Total, Mehedinti, Anul 2013, Numar persoane, 292774
Total, Total, Total, Mehedinti, Anul 2014, Numar persoane, 290253
Total, Total, Total, Mehedinti, Anul 2016, Numar persoane, 285931
Total, Total, Total, Mehedinti, Anul 2017, Numar persoane, 283478
Total, Total, Total, Olt, Anul 1992, Numar persoane, 527068
Total, Total, Total, Olt, Anul 1993, Numar persoane, 524939
Total, Total, Total, Olt, Anul 1994, Numar persoane, 523690
Total, Total, Total, Olt, Anul 1995, Numar persoane, 521718
Total, Total, Total, Olt, Anul 1996, Numar persoane, 519016
Total, Total, Total, Olt, Anul 1997, Numar persoane, 516460
Total, Total, Total, Olt, Anul 1998, Numar persoane, 514451
Total, Total, Total, Olt, Anul 1999, Numar persoane, 511821
Total, Total, Total, Olt, Anul 2000, Numar persoane, 510142
Total, Total, Total, Olt, Anul 2001, Numar persoane, 507390
Total, Total, Total, Olt, Anul 2002, Numar persoane, 503301
Total, Total, Total, Olt, Anul 2003, Numar persoane, 499694
Total, Total, Total, Olt, Anul 2004, Numar persoane, 496284
Total, Total, Total, Olt, Anul 2005, Numar persoane, 493393
Total, Total, Total, Olt, Anul 2006, Numar persoane, 489876
Total, Total, Total, Olt, Anul 2007, Numar persoane, 486467
Total, Total, Total, Olt, Anul 2008, Numar persoane, 482288
Total, Total, Total, Olt, Anul 2009, Numar persoane, 478298
Total, Total, Total, Olt, Anul 2010, Numar persoane, 474274
Total, Total, Total, Olt, Anul 2011, Numar persoane, 469637
Total, Total, Total, Olt, Anul 2012, Numar persoane, 465633
Total, Total, Total, Olt, Anul 2013, Numar persoane, 461299
Total, Total, Total, Olt, Anul 2014, Numar persoane, 456554
Total, Total, Total, Olt, Anul 2016, Numar persoane, 448268
Total, Total, Total, Olt, Anul 2017, Numar persoane, 443449
Total, Total, Total, Valcea, Anul 1992, Numar persoane, 434210
Total, Total, Total, Valcea, Anul 1993, Numar persoane, 433285
Total, Total, Total, Valcea, Anul 1994, Numar persoane, 432566
Total, Total, Total, Valcea, Anul 1995, Numar persoane, 431843
Total, Total, Total, Valcea, Anul 1996, Numar persoane, 430430
Total, Total, Total, Valcea, Anul 1997, Numar persoane, 429110
Total, Total, Total, Valcea, Anul 1998, Numar persoane, 427552
Total, Total, Total, Valcea, Anul 1999, Numar persoane, 426406
Total, Total, Total, Valcea, Anul 2000, Numar persoane, 425599
Total, Total, Total, Valcea, Anul 2001, Numar persoane, 425153
Total, Total, Total, Valcea, Anul 2002, Numar persoane, 424092
Total, Total, Total, Valcea, Anul 2003, Numar persoane, 422902
Total, Total, Total, Valcea, Anul 2004, Numar persoane, 421294
Total, Total, Total, Valcea, Anul 2005, Numar persoane, 420034
Total, Total, Total, Valcea, Anul 2006, Numar persoane, 418421
Total, Total, Total, Valcea, Anul 2007, Numar persoane, 417009
Total, Total, Total, Valcea, Anul 2008, Numar persoane, 415195
Total, Total, Total, Valcea, Anul 2009, Numar persoane, 414030
Total, Total, Total, Valcea, Anul 2010, Numar persoane, 412704
Total, Total, Total, Valcea, Anul 2011, Numar persoane, 410963
Total, Total, Total, Valcea, Anul 2012, Numar persoane, 409329
Total, Total, Total, Valcea, Anul 2013, Numar persoane, 407928
Total, Total, Total, Valcea, Anul 2014, Numar persoane, 406314
Total, Total, Total, Valcea, Anul 2016, Numar persoane, 402169
Total, Total, Total, Valcea, Anul 2017, Numar persoane, 399932
Total, Total, Total, Regiunea VEST, Anul 1992, Numar persoane, 2119864
Total, Total, Total, Regiunea VEST, Anul 1993, Numar persoane, 2118184
Total, Total, Total, Regiunea VEST, Anul 1994, Numar persoane, 2115720
Total, Total, Total, Regiunea VEST, Anul 1995, Numar persoane, 2110149
Total, Total, Total, Regiunea VEST, Anul 1996, Numar persoane, 2101536
Total, Total, Total, Regiunea VEST, Anul 1997, Numar persoane, 2096956
Total, Total, Total, Regiunea VEST, Anul 1998, Numar persoane, 2086925
Total, Total, Total, Regiunea VEST, Anul 1999, Numar persoane, 2080219
Total, Total, Total, Regiunea VEST, Anul 2000, Numar persoane, 2074125
Total, Total, Total, Regiunea VEST, Anul 2001, Numar persoane, 2071981
Total, Total, Total, Regiunea VEST, Anul 2002, Numar persoane, 2067562
Total, Total, Total, Regiunea VEST, Anul 2003, Numar persoane, 2063364
Total, Total, Total, Regiunea VEST, Anul 2004, Numar persoane, 2058575
Total, Total, Total, Regiunea VEST, Anul 2005, Numar persoane, 2053900
Total, Total, Total, Regiunea VEST, Anul 2006, Numar persoane, 2051098
Total, Total, Total, Regiunea VEST, Anul 2007, Numar persoane, 2048897
Total, Total, Total, Regiunea VEST, Anul 2008, Numar persoane, 2048330
Total, Total, Total, Regiunea VEST, Anul 2009, Numar persoane, 2046478
Total, Total, Total, Regiunea VEST, Anul 2010, Numar persoane, 2043482
Total, Total, Total, Regiunea VEST, Anul 2011, Numar persoane, 2039176
Total, Total, Total, Regiunea VEST, Anul 2012, Numar persoane, 2033912
Total, Total, Total, Regiunea VEST, Anul 2013, Numar persoane, 2028454
Total, Total, Total, Regiunea VEST, Anul 2014, Numar persoane, 2022867
Total, Total, Total, Regiunea VEST, Anul 2016, Numar persoane, 2013548
Total, Total, Total, Regiunea VEST, Anul 2017, Numar persoane, 2008539
Total, Total, Total, Arad, Anul 1992, Numar persoane, 491404
Total, Total, Total, Arad, Anul 1993, Numar persoane, 488793
Total, Total, Total, Arad, Anul 1994, Numar persoane, 488321
Total, Total, Total, Arad, Anul 1995, Numar persoane, 486819
Total, Total, Total, Arad, Anul 1996, Numar persoane, 485230
Total, Total, Total, Arad, Anul 1997, Numar persoane, 484143
Total, Total, Total, Arad, Anul 1998, Numar persoane, 484067
Total, Total, Total, Arad, Anul 1999, Numar persoane, 484012
Total, Total, Total, Arad, Anul 2000, Numar persoane, 484408
Total, Total, Total, Arad, Anul 2001, Numar persoane, 484471
Total, Total, Total, Arad, Anul 2002, Numar persoane, 483792
Total, Total, Total, Arad, Anul 2003, Numar persoane, 483503
Total, Total, Total, Arad, Anul 2004, Numar persoane, 482887
Total, Total, Total, Arad, Anul 2005, Numar persoane, 481990
Total, Total, Total, Arad, Anul 2006, Numar persoane, 481486
Total, Total, Total, Arad, Anul 2007, Numar persoane, 481353
Total, Total, Total, Arad, Anul 2008, Numar persoane, 481476
Total, Total, Total, Arad, Anul 2009, Numar persoane, 480989
Total, Total, Total, Arad, Anul 2010, Numar persoane, 480430
Total, Total, Total, Arad, Anul 2011, Numar persoane, 479615
Total, Total, Total, Arad, Anul 2012, Numar persoane, 478418
Total, Total, Total, Arad, Anul 2013, Numar persoane, 477355
Total, Total, Total, Arad, Anul 2014, Numar persoane, 475841
Total, Total, Total, Arad, Anul 2016, Numar persoane, 473680
Total, Total, Total, Arad, Anul 2017, Numar persoane, 472493
Total, Total, Total, Caras-Severin, Anul 1992, Numar persoane, 373105
Total, Total, Total, Caras-Severin, Anul 1993, Numar persoane, 370775
Total, Total, Total, Caras-Severin, Anul 1994, Numar persoane, 369380
Total, Total, Total, Caras-Severin, Anul 1995, Numar persoane, 367074
Total, Total, Total, Caras-Severin, Anul 1996, Numar persoane, 363754
Total, Total, Total, Caras-Severin, Anul 1997, Numar persoane, 361828
Total, Total, Total, Caras-Severin, Anul 1998, Numar persoane, 359602
Total, Total, Total, Caras-Severin, Anul 1999, Numar persoane, 357749
Total, Total, Total, Caras-Severin, Anul 2000, Numar persoane, 355962
Total, Total, Total, Caras-Severin, Anul 2001, Numar persoane, 354884
Total, Total, Total, Caras-Severin, Anul 2002, Numar persoane, 354040
Total, Total, Total, Caras-Severin, Anul 2003, Numar persoane, 353571
Total, Total, Total, Caras-Severin, Anul 2004, Numar persoane, 352851
Total, Total, Total, Caras-Severin, Anul 2005, Numar persoane, 351823
Total, Total, Total, Caras-Severin, Anul 2006, Numar persoane, 350624
Total, Total, Total, Caras-Severin, Anul 2007, Numar persoane, 348393
Total, Total, Total, Caras-Severin, Anul 2008, Numar persoane, 346907
Total, Total, Total, Caras-Severin, Anul 2009, Numar persoane, 345170
Total, Total, Total, Caras-Severin, Anul 2010, Numar persoane, 343120
Total, Total, Total, Caras-Severin, Anul 2011, Numar persoane, 340288
Total, Total, Total, Caras-Severin, Anul 2012, Numar persoane, 337941
Total, Total, Total, Caras-Severin, Anul 2013, Numar persoane, 335275
Total, Total, Total, Caras-Severin, Anul 2014, Numar persoane, 332267
Total, Total, Total, Caras-Severin, Anul 2016, Numar persoane, 326867
Total, Total, Total, Caras-Severin, Anul 2017, Numar persoane, 323655
Total, Total, Total, Hunedoara, Anul 1992, Numar persoane, 545064
Total, Total, Total, Hunedoara, Anul 1993, Numar persoane, 544580
Total, Total, Total, Hunedoara, Anul 1994, Numar persoane, 544020
Total, Total, Total, Hunedoara, Anul 1995, Numar persoane, 543392
Total, Total, Total, Hunedoara, Anul 1996, Numar persoane, 541197
Total, Total, Total, Hunedoara, Anul 1997, Numar persoane, 540463
Total, Total, Total, Hunedoara, Anul 1998, Numar persoane, 532761
Total, Total, Total, Hunedoara, Anul 1999, Numar persoane, 528373
Total, Total, Total, Hunedoara, Anul 2000, Numar persoane, 524857
Total, Total, Total, Hunedoara, Anul 2001, Numar persoane, 522184
Total, Total, Total, Hunedoara, Anul 2002, Numar persoane, 518765
Total, Total, Total, Hunedoara, Anul 2003, Numar persoane, 515466
Total, Total, Total, Hunedoara, Anul 2004, Numar persoane, 511378
Total, Total, Total, Hunedoara, Anul 2005, Numar persoane, 507765
Total, Total, Total, Hunedoara, Anul 2006, Numar persoane, 504370
Total, Total, Total, Hunedoara, Anul 2007, Numar persoane, 500805
Total, Total, Total, Hunedoara, Anul 2008, Numar persoane, 497792
Total, Total, Total, Hunedoara, Anul 2009, Numar persoane, 494923
Total, Total, Total, Hunedoara, Anul 2010, Numar persoane, 491816
Total, Total, Total, Hunedoara, Anul 2011, Numar persoane, 487612
Total, Total, Total, Hunedoara, Anul 2012, Numar persoane, 483653
Total, Total, Total, Hunedoara, Anul 2013, Numar persoane, 479719
Total, Total, Total, Hunedoara, Anul 2014, Numar persoane, 475542
Total, Total, Total, Hunedoara, Anul 2016, Numar persoane, 468041
Total, Total, Total, Hunedoara, Anul 2017, Numar persoane, 463888
Total, Total, Total, Timis, Anul 1992, Numar persoane, 710291
Total, Total, Total, Timis, Anul 1993, Numar persoane, 714036
Total, Total, Total, Timis, Anul 1994, Numar persoane, 713999
Total, Total, Total, Timis, Anul 1995, Numar persoane, 712864
Total, Total, Total, Timis, Anul 1996, Numar persoane, 711355
Total, Total, Total, Timis, Anul 1997, Numar persoane, 710522
Total, Total, Total, Timis, Anul 1998, Numar persoane, 710495
Total, Total, Total, Timis, Anul 1999, Numar persoane, 710085
Total, Total, Total, Timis, Anul 2000, Numar persoane, 708898
Total, Total, Total, Timis, Anul 2001, Numar persoane, 710442
Total, Total, Total, Timis, Anul 2002, Numar persoane, 710965
Total, Total, Total, Timis, Anul 2003, Numar persoane, 710824
Total, Total, Total, Timis, Anul 2004, Numar persoane, 711459
Total, Total, Total, Timis, Anul 2005, Numar persoane, 712322
Total, Total, Total, Timis, Anul 2006, Numar persoane, 714618
Total, Total, Total, Timis, Anul 2007, Numar persoane, 718346
Total, Total, Total, Timis, Anul 2008, Numar persoane, 722155
Total, Total, Total, Timis, Anul 2009, Numar persoane, 725396
Total, Total, Total, Timis, Anul 2010, Numar persoane, 728116
Total, Total, Total, Timis, Anul 2011, Numar persoane, 731661
Total, Total, Total, Timis, Anul 2012, Numar persoane, 733900
Total, Total, Total, Timis, Anul 2013, Numar persoane, 736105
Total, Total, Total, Timis, Anul 2014, Numar persoane, 739217
Total, Total, Total, Timis, Anul 2016, Numar persoane, 744960
Total, Total, Total, Timis, Anul 2017, Numar persoane, 748503
