Categorii de accidente de munca, Macroregiuni  regiuni de dezvoltare si judete, Ani, Unitati de masura, Valoare
Total, TOTAL, Anul 1992, Numar persoane, 9808
Total, TOTAL, Anul 1993, Numar persoane, 9439
Total, TOTAL, Anul 1994, Numar persoane, 8300
Total, TOTAL, Anul 1995, Numar persoane, 7801
Total, TOTAL, Anul 1996, Numar persoane, 8484
Total, TOTAL, Anul 1997, Numar persoane, 8277
Total, TOTAL, Anul 1998, Numar persoane, 7043
Total, TOTAL, Anul 1999, Numar persoane, 6591
Total, TOTAL, Anul 2000, Numar persoane, 6631
Total, TOTAL, Anul 2001, Numar persoane, 6808
Total, TOTAL, Anul 2002, Numar persoane, 6348
Total, TOTAL, Anul 2003, Numar persoane, 5952
Total, TOTAL, Anul 2004, Numar persoane, 5673
Total, TOTAL, Anul 2005, Numar persoane, 5039
Total, TOTAL, Anul 2006, Numar persoane, 4764
Total, TOTAL, Anul 2007, Numar persoane, 4601
Total, TOTAL, Anul 2008, Numar persoane, 4953
Total, TOTAL, Anul 2009, Numar persoane, 3839
Total, TOTAL, Anul 2010, Numar persoane, 4040
Total, TOTAL, Anul 2011, Numar persoane, 3908
Total, TOTAL, Anul 2012, Numar persoane, 4083
Total, TOTAL, Anul 2013, Numar persoane, 3575
Total, TOTAL, Anul 2014, Numar persoane, 3575
Total, TOTAL, Anul 2015, Numar persoane, 4013
Total, TOTAL, Anul 2016, Numar persoane, 4314
Total, TOTAL, Anul 2017, Numar persoane, 4704
Total, MACROREGIUNEA UNU, Anul 1992, Numar persoane, 2790
Total, MACROREGIUNEA UNU, Anul 1993, Numar persoane, 2378
Total, MACROREGIUNEA UNU, Anul 1994, Numar persoane, 2006
Total, MACROREGIUNEA UNU, Anul 1995, Numar persoane, 1908
Total, MACROREGIUNEA UNU, Anul 1996, Numar persoane, 1981
Total, MACROREGIUNEA UNU, Anul 1997, Numar persoane, 2031
Total, MACROREGIUNEA UNU, Anul 1998, Numar persoane, 1836
Total, MACROREGIUNEA UNU, Anul 1999, Numar persoane, 1618
Total, MACROREGIUNEA UNU, Anul 2000, Numar persoane, 1493
Total, MACROREGIUNEA UNU, Anul 2001, Numar persoane, 1513
Total, MACROREGIUNEA UNU, Anul 2002, Numar persoane, 1418
Total, MACROREGIUNEA UNU, Anul 2003, Numar persoane, 1349
Total, MACROREGIUNEA UNU, Anul 2004, Numar persoane, 1390
Total, MACROREGIUNEA UNU, Anul 2005, Numar persoane, 1374
Total, MACROREGIUNEA UNU, Anul 2006, Numar persoane, 1151
Total, MACROREGIUNEA UNU, Anul 2007, Numar persoane, 1184
Total, MACROREGIUNEA UNU, Anul 2008, Numar persoane, 1265
Total, MACROREGIUNEA UNU, Anul 2009, Numar persoane, 924
Total, MACROREGIUNEA UNU, Anul 2010, Numar persoane, 931
Total, MACROREGIUNEA UNU, Anul 2011, Numar persoane, 950
Total, MACROREGIUNEA UNU, Anul 2012, Numar persoane, 986
Total, MACROREGIUNEA UNU, Anul 2013, Numar persoane, 862
Total, MACROREGIUNEA UNU, Anul 2014, Numar persoane, 963
Total, MACROREGIUNEA UNU, Anul 2015, Numar persoane, 1077
Total, MACROREGIUNEA UNU, Anul 2016, Numar persoane, 1189
Total, MACROREGIUNEA UNU, Anul 2017, Numar persoane, 1215
Total, Regiunea NORD-VEST, Anul 1992, Numar persoane, 1309
Total, Regiunea NORD-VEST, Anul 1993, Numar persoane, 1104
Total, Regiunea NORD-VEST, Anul 1994, Numar persoane, 978
Total, Regiunea NORD-VEST, Anul 1995, Numar persoane, 939
Total, Regiunea NORD-VEST, Anul 1996, Numar persoane, 971
Total, Regiunea NORD-VEST, Anul 1997, Numar persoane, 928
Total, Regiunea NORD-VEST, Anul 1998, Numar persoane, 846
Total, Regiunea NORD-VEST, Anul 1999, Numar persoane, 774
Total, Regiunea NORD-VEST, Anul 2000, Numar persoane, 698
Total, Regiunea NORD-VEST, Anul 2001, Numar persoane, 742
Total, Regiunea NORD-VEST, Anul 2002, Numar persoane, 682
Total, Regiunea NORD-VEST, Anul 2003, Numar persoane, 622
Total, Regiunea NORD-VEST, Anul 2004, Numar persoane, 688
Total, Regiunea NORD-VEST, Anul 2005, Numar persoane, 717
Total, Regiunea NORD-VEST, Anul 2006, Numar persoane, 573
Total, Regiunea NORD-VEST, Anul 2007, Numar persoane, 577
Total, Regiunea NORD-VEST, Anul 2008, Numar persoane, 572
Total, Regiunea NORD-VEST, Anul 2009, Numar persoane, 449
Total, Regiunea NORD-VEST, Anul 2010, Numar persoane, 456
Total, Regiunea NORD-VEST, Anul 2011, Numar persoane, 461
Total, Regiunea NORD-VEST, Anul 2012, Numar persoane, 427
Total, Regiunea NORD-VEST, Anul 2013, Numar persoane, 377
Total, Regiunea NORD-VEST, Anul 2014, Numar persoane, 445
Total, Regiunea NORD-VEST, Anul 2015, Numar persoane, 523
Total, Regiunea NORD-VEST, Anul 2016, Numar persoane, 530
Total, Regiunea NORD-VEST, Anul 2017, Numar persoane, 553
Total, Bihor, Anul 1992, Numar persoane, 290
Total, Bihor, Anul 1993, Numar persoane, 246
Total, Bihor, Anul 1994, Numar persoane, 195
Total, Bihor, Anul 1995, Numar persoane, 130
Total, Bihor, Anul 1996, Numar persoane, 129
Total, Bihor, Anul 1997, Numar persoane, 133
Total, Bihor, Anul 1998, Numar persoane, 156
Total, Bihor, Anul 1999, Numar persoane, 100
Total, Bihor, Anul 2000, Numar persoane, 131
Total, Bihor, Anul 2001, Numar persoane, 138
Total, Bihor, Anul 2002, Numar persoane, 106
Total, Bihor, Anul 2003, Numar persoane, 108
Total, Bihor, Anul 2004, Numar persoane, 125
Total, Bihor, Anul 2005, Numar persoane, 110
Total, Bihor, Anul 2006, Numar persoane, 79
Total, Bihor, Anul 2007, Numar persoane, 76
Total, Bihor, Anul 2008, Numar persoane, 82
Total, Bihor, Anul 2009, Numar persoane, 68
Total, Bihor, Anul 2010, Numar persoane, 78
Total, Bihor, Anul 2011, Numar persoane, 101
Total, Bihor, Anul 2012, Numar persoane, 61
Total, Bihor, Anul 2013, Numar persoane, 71
Total, Bihor, Anul 2014, Numar persoane, 97
Total, Bihor, Anul 2015, Numar persoane, 119
Total, Bihor, Anul 2016, Numar persoane, 112
Total, Bihor, Anul 2017, Numar persoane, 126
Total, Bistrita-Nasaud, Anul 1992, Numar persoane, 101
Total, Bistrita-Nasaud, Anul 1993, Numar persoane, 75
Total, Bistrita-Nasaud, Anul 1994, Numar persoane, 61
Total, Bistrita-Nasaud, Anul 1995, Numar persoane, 72
Total, Bistrita-Nasaud, Anul 1996, Numar persoane, 75
Total, Bistrita-Nasaud, Anul 1997, Numar persoane, 67
Total, Bistrita-Nasaud, Anul 1998, Numar persoane, 76
Total, Bistrita-Nasaud, Anul 1999, Numar persoane, 63
Total, Bistrita-Nasaud, Anul 2000, Numar persoane, 63
Total, Bistrita-Nasaud, Anul 2001, Numar persoane, 69
Total, Bistrita-Nasaud, Anul 2002, Numar persoane, 66
Total, Bistrita-Nasaud, Anul 2003, Numar persoane, 38
Total, Bistrita-Nasaud, Anul 2004, Numar persoane, 77
Total, Bistrita-Nasaud, Anul 2005, Numar persoane, 77
Total, Bistrita-Nasaud, Anul 2006, Numar persoane, 77
Total, Bistrita-Nasaud, Anul 2007, Numar persoane, 108
Total, Bistrita-Nasaud, Anul 2008, Numar persoane, 82
Total, Bistrita-Nasaud, Anul 2009, Numar persoane, 82
Total, Bistrita-Nasaud, Anul 2010, Numar persoane, 59
Total, Bistrita-Nasaud, Anul 2011, Numar persoane, 41
Total, Bistrita-Nasaud, Anul 2012, Numar persoane, 47
Total, Bistrita-Nasaud, Anul 2013, Numar persoane, 52
Total, Bistrita-Nasaud, Anul 2014, Numar persoane, 57
Total, Bistrita-Nasaud, Anul 2015, Numar persoane, 78
Total, Bistrita-Nasaud, Anul 2016, Numar persoane, 95
Total, Bistrita-Nasaud, Anul 2017, Numar persoane, 76
Total, Cluj, Anul 1992, Numar persoane, 293
Total, Cluj, Anul 1993, Numar persoane, 238
Total, Cluj, Anul 1994, Numar persoane, 239
Total, Cluj, Anul 1995, Numar persoane, 230
Total, Cluj, Anul 1996, Numar persoane, 256
Total, Cluj, Anul 1997, Numar persoane, 280
Total, Cluj, Anul 1998, Numar persoane, 274
Total, Cluj, Anul 1999, Numar persoane, 272
Total, Cluj, Anul 2000, Numar persoane, 216
Total, Cluj, Anul 2001, Numar persoane, 235
Total, Cluj, Anul 2002, Numar persoane, 202
Total, Cluj, Anul 2003, Numar persoane, 188
Total, Cluj, Anul 2004, Numar persoane, 202
Total, Cluj, Anul 2005, Numar persoane, 262
Total, Cluj, Anul 2006, Numar persoane, 162
Total, Cluj, Anul 2007, Numar persoane, 176
Total, Cluj, Anul 2008, Numar persoane, 186
Total, Cluj, Anul 2009, Numar persoane, 106
Total, Cluj, Anul 2010, Numar persoane, 128
Total, Cluj, Anul 2011, Numar persoane, 126
Total, Cluj, Anul 2012, Numar persoane, 134
Total, Cluj, Anul 2013, Numar persoane, 84
Total, Cluj, Anul 2014, Numar persoane, 107
Total, Cluj, Anul 2015, Numar persoane, 107
Total, Cluj, Anul 2016, Numar persoane, 96
Total, Cluj, Anul 2017, Numar persoane, 122
Total, Maramures, Anul 1992, Numar persoane, 430
Total, Maramures, Anul 1993, Numar persoane, 377
Total, Maramures, Anul 1994, Numar persoane, 356
Total, Maramures, Anul 1995, Numar persoane, 333
Total, Maramures, Anul 1996, Numar persoane, 351
Total, Maramures, Anul 1997, Numar persoane, 264
Total, Maramures, Anul 1998, Numar persoane, 205
Total, Maramures, Anul 1999, Numar persoane, 215
Total, Maramures, Anul 2000, Numar persoane, 164
Total, Maramures, Anul 2001, Numar persoane, 133
Total, Maramures, Anul 2002, Numar persoane, 167
Total, Maramures, Anul 2003, Numar persoane, 167
Total, Maramures, Anul 2004, Numar persoane, 140
Total, Maramures, Anul 2005, Numar persoane, 136
Total, Maramures, Anul 2006, Numar persoane, 133
Total, Maramures, Anul 2007, Numar persoane, 113
Total, Maramures, Anul 2008, Numar persoane, 115
Total, Maramures, Anul 2009, Numar persoane, 105
Total, Maramures, Anul 2010, Numar persoane, 89
Total, Maramures, Anul 2011, Numar persoane, 103
Total, Maramures, Anul 2012, Numar persoane, 96
Total, Maramures, Anul 2013, Numar persoane, 97
Total, Maramures, Anul 2014, Numar persoane, 99
Total, Maramures, Anul 2015, Numar persoane, 127
Total, Maramures, Anul 2016, Numar persoane, 124
Total, Maramures, Anul 2017, Numar persoane, 142
Total, Satu Mare, Anul 1992, Numar persoane, 107
Total, Satu Mare, Anul 1993, Numar persoane, 97
Total, Satu Mare, Anul 1994, Numar persoane, 78
Total, Satu Mare, Anul 1995, Numar persoane, 96
Total, Satu Mare, Anul 1996, Numar persoane, 80
Total, Satu Mare, Anul 1997, Numar persoane, 87
Total, Satu Mare, Anul 1998, Numar persoane, 82
Total, Satu Mare, Anul 1999, Numar persoane, 81
Total, Satu Mare, Anul 2000, Numar persoane, 73
Total, Satu Mare, Anul 2001, Numar persoane, 85
Total, Satu Mare, Anul 2002, Numar persoane, 93
Total, Satu Mare, Anul 2003, Numar persoane, 70
Total, Satu Mare, Anul 2004, Numar persoane, 85
Total, Satu Mare, Anul 2005, Numar persoane, 82
Total, Satu Mare, Anul 2006, Numar persoane, 77
Total, Satu Mare, Anul 2007, Numar persoane, 54
Total, Satu Mare, Anul 2008, Numar persoane, 66
Total, Satu Mare, Anul 2009, Numar persoane, 48
Total, Satu Mare, Anul 2010, Numar persoane, 52
Total, Satu Mare, Anul 2011, Numar persoane, 48
Total, Satu Mare, Anul 2012, Numar persoane, 54
Total, Satu Mare, Anul 2013, Numar persoane, 43
Total, Satu Mare, Anul 2014, Numar persoane, 52
Total, Satu Mare, Anul 2015, Numar persoane, 67
Total, Satu Mare, Anul 2016, Numar persoane, 72
Total, Satu Mare, Anul 2017, Numar persoane, 62
Total, Salaj, Anul 1992, Numar persoane, 88
Total, Salaj, Anul 1993, Numar persoane, 71
Total, Salaj, Anul 1994, Numar persoane, 49
Total, Salaj, Anul 1995, Numar persoane, 78
Total, Salaj, Anul 1996, Numar persoane, 80
Total, Salaj, Anul 1997, Numar persoane, 97
Total, Salaj, Anul 1998, Numar persoane, 53
Total, Salaj, Anul 1999, Numar persoane, 43
Total, Salaj, Anul 2000, Numar persoane, 51
Total, Salaj, Anul 2001, Numar persoane, 82
Total, Salaj, Anul 2002, Numar persoane, 48
Total, Salaj, Anul 2003, Numar persoane, 51
Total, Salaj, Anul 2004, Numar persoane, 59
Total, Salaj, Anul 2005, Numar persoane, 50
Total, Salaj, Anul 2006, Numar persoane, 45
Total, Salaj, Anul 2007, Numar persoane, 50
Total, Salaj, Anul 2008, Numar persoane, 41
Total, Salaj, Anul 2009, Numar persoane, 40
Total, Salaj, Anul 2010, Numar persoane, 50
Total, Salaj, Anul 2011, Numar persoane, 42
Total, Salaj, Anul 2012, Numar persoane, 35
Total, Salaj, Anul 2013, Numar persoane, 30
Total, Salaj, Anul 2014, Numar persoane, 33
Total, Salaj, Anul 2015, Numar persoane, 25
Total, Salaj, Anul 2016, Numar persoane, 31
Total, Salaj, Anul 2017, Numar persoane, 25
Total, Regiunea CENTRU, Anul 1992, Numar persoane, 1481
Total, Regiunea CENTRU, Anul 1993, Numar persoane, 1274
Total, Regiunea CENTRU, Anul 1994, Numar persoane, 1028
Total, Regiunea CENTRU, Anul 1995, Numar persoane, 969
Total, Regiunea CENTRU, Anul 1996, Numar persoane, 1010
Total, Regiunea CENTRU, Anul 1997, Numar persoane, 1103
Total, Regiunea CENTRU, Anul 1998, Numar persoane, 990
Total, Regiunea CENTRU, Anul 1999, Numar persoane, 844
Total, Regiunea CENTRU, Anul 2000, Numar persoane, 795
Total, Regiunea CENTRU, Anul 2001, Numar persoane, 771
Total, Regiunea CENTRU, Anul 2002, Numar persoane, 736
Total, Regiunea CENTRU, Anul 2003, Numar persoane, 727
Total, Regiunea CENTRU, Anul 2004, Numar persoane, 702
Total, Regiunea CENTRU, Anul 2005, Numar persoane, 657
Total, Regiunea CENTRU, Anul 2006, Numar persoane, 578
Total, Regiunea CENTRU, Anul 2007, Numar persoane, 607
Total, Regiunea CENTRU, Anul 2008, Numar persoane, 693
Total, Regiunea CENTRU, Anul 2009, Numar persoane, 475
Total, Regiunea CENTRU, Anul 2010, Numar persoane, 475
Total, Regiunea CENTRU, Anul 2011, Numar persoane, 489
Total, Regiunea CENTRU, Anul 2012, Numar persoane, 559
Total, Regiunea CENTRU, Anul 2013, Numar persoane, 485
Total, Regiunea CENTRU, Anul 2014, Numar persoane, 518
Total, Regiunea CENTRU, Anul 2015, Numar persoane, 554
Total, Regiunea CENTRU, Anul 2016, Numar persoane, 659
Total, Regiunea CENTRU, Anul 2017, Numar persoane, 662
Total, Alba, Anul 1992, Numar persoane, 222
Total, Alba, Anul 1993, Numar persoane, 177
Total, Alba, Anul 1994, Numar persoane, 180
Total, Alba, Anul 1995, Numar persoane, 171
Total, Alba, Anul 1996, Numar persoane, 184
Total, Alba, Anul 1997, Numar persoane, 187
Total, Alba, Anul 1998, Numar persoane, 182
Total, Alba, Anul 1999, Numar persoane, 150
Total, Alba, Anul 2000, Numar persoane, 125
Total, Alba, Anul 2001, Numar persoane, 108
Total, Alba, Anul 2002, Numar persoane, 108
Total, Alba, Anul 2003, Numar persoane, 117
Total, Alba, Anul 2004, Numar persoane, 130
Total, Alba, Anul 2005, Numar persoane, 120
Total, Alba, Anul 2006, Numar persoane, 111
Total, Alba, Anul 2007, Numar persoane, 130
Total, Alba, Anul 2008, Numar persoane, 99
Total, Alba, Anul 2009, Numar persoane, 79
Total, Alba, Anul 2010, Numar persoane, 76
Total, Alba, Anul 2011, Numar persoane, 93
Total, Alba, Anul 2012, Numar persoane, 109
Total, Alba, Anul 2013, Numar persoane, 95
Total, Alba, Anul 2014, Numar persoane, 90
Total, Alba, Anul 2015, Numar persoane, 84
Total, Alba, Anul 2016, Numar persoane, 101
Total, Alba, Anul 2017, Numar persoane, 97
Total, Brasov, Anul 1992, Numar persoane, 436
Total, Brasov, Anul 1993, Numar persoane, 375
Total, Brasov, Anul 1994, Numar persoane, 318
Total, Brasov, Anul 1995, Numar persoane, 315
Total, Brasov, Anul 1996, Numar persoane, 307
Total, Brasov, Anul 1997, Numar persoane, 363
Total, Brasov, Anul 1998, Numar persoane, 296
Total, Brasov, Anul 1999, Numar persoane, 241
Total, Brasov, Anul 2000, Numar persoane, 243
Total, Brasov, Anul 2001, Numar persoane, 277
Total, Brasov, Anul 2002, Numar persoane, 255
Total, Brasov, Anul 2003, Numar persoane, 247
Total, Brasov, Anul 2004, Numar persoane, 246
Total, Brasov, Anul 2005, Numar persoane, 214
Total, Brasov, Anul 2006, Numar persoane, 163
Total, Brasov, Anul 2007, Numar persoane, 165
Total, Brasov, Anul 2008, Numar persoane, 211
Total, Brasov, Anul 2009, Numar persoane, 126
Total, Brasov, Anul 2010, Numar persoane, 121
Total, Brasov, Anul 2011, Numar persoane, 137
Total, Brasov, Anul 2012, Numar persoane, 154
Total, Brasov, Anul 2013, Numar persoane, 151
Total, Brasov, Anul 2014, Numar persoane, 176
Total, Brasov, Anul 2015, Numar persoane, 187
Total, Brasov, Anul 2016, Numar persoane, 226
Total, Brasov, Anul 2017, Numar persoane, 262
Total, Covasna, Anul 1992, Numar persoane, 78
Total, Covasna, Anul 1993, Numar persoane, 92
Total, Covasna, Anul 1994, Numar persoane, 56
Total, Covasna, Anul 1995, Numar persoane, 58
Total, Covasna, Anul 1996, Numar persoane, 62
Total, Covasna, Anul 1997, Numar persoane, 81
Total, Covasna, Anul 1998, Numar persoane, 78
Total, Covasna, Anul 1999, Numar persoane, 71
Total, Covasna, Anul 2000, Numar persoane, 62
Total, Covasna, Anul 2001, Numar persoane, 49
Total, Covasna, Anul 2002, Numar persoane, 31
Total, Covasna, Anul 2003, Numar persoane, 40
Total, Covasna, Anul 2004, Numar persoane, 37
Total, Covasna, Anul 2005, Numar persoane, 32
Total, Covasna, Anul 2006, Numar persoane, 25
Total, Covasna, Anul 2007, Numar persoane, 32
Total, Covasna, Anul 2008, Numar persoane, 39
Total, Covasna, Anul 2009, Numar persoane, 37
Total, Covasna, Anul 2010, Numar persoane, 29
Total, Covasna, Anul 2011, Numar persoane, 21
Total, Covasna, Anul 2012, Numar persoane, 29
Total, Covasna, Anul 2013, Numar persoane, 27
Total, Covasna, Anul 2014, Numar persoane, 27
Total, Covasna, Anul 2015, Numar persoane, 25
Total, Covasna, Anul 2016, Numar persoane, 30
Total, Covasna, Anul 2017, Numar persoane, 22
Total, Harghita, Anul 1992, Numar persoane, 198
Total, Harghita, Anul 1993, Numar persoane, 177
Total, Harghita, Anul 1994, Numar persoane, 117
Total, Harghita, Anul 1995, Numar persoane, 116
Total, Harghita, Anul 1996, Numar persoane, 146
Total, Harghita, Anul 1997, Numar persoane, 115
Total, Harghita, Anul 1998, Numar persoane, 115
Total, Harghita, Anul 1999, Numar persoane, 111
Total, Harghita, Anul 2000, Numar persoane, 130
Total, Harghita, Anul 2001, Numar persoane, 119
Total, Harghita, Anul 2002, Numar persoane, 82
Total, Harghita, Anul 2003, Numar persoane, 88
Total, Harghita, Anul 2004, Numar persoane, 81
Total, Harghita, Anul 2005, Numar persoane, 70
Total, Harghita, Anul 2006, Numar persoane, 63
Total, Harghita, Anul 2007, Numar persoane, 81
Total, Harghita, Anul 2008, Numar persoane, 96
Total, Harghita, Anul 2009, Numar persoane, 57
Total, Harghita, Anul 2010, Numar persoane, 43
Total, Harghita, Anul 2011, Numar persoane, 44
Total, Harghita, Anul 2012, Numar persoane, 45
Total, Harghita, Anul 2013, Numar persoane, 41
Total, Harghita, Anul 2014, Numar persoane, 32
Total, Harghita, Anul 2015, Numar persoane, 45
Total, Harghita, Anul 2016, Numar persoane, 45
Total, Harghita, Anul 2017, Numar persoane, 39
Total, Mures, Anul 1992, Numar persoane, 291
Total, Mures, Anul 1993, Numar persoane, 258
Total, Mures, Anul 1994, Numar persoane, 209
Total, Mures, Anul 1995, Numar persoane, 178
Total, Mures, Anul 1996, Numar persoane, 191
Total, Mures, Anul 1997, Numar persoane, 182
Total, Mures, Anul 1998, Numar persoane, 172
Total, Mures, Anul 1999, Numar persoane, 152
Total, Mures, Anul 2000, Numar persoane, 112
Total, Mures, Anul 2001, Numar persoane, 104
Total, Mures, Anul 2002, Numar persoane, 137
Total, Mures, Anul 2003, Numar persoane, 132
Total, Mures, Anul 2004, Numar persoane, 124
Total, Mures, Anul 2005, Numar persoane, 106
Total, Mures, Anul 2006, Numar persoane, 99
Total, Mures, Anul 2007, Numar persoane, 127
Total, Mures, Anul 2008, Numar persoane, 124
Total, Mures, Anul 2009, Numar persoane, 81
Total, Mures, Anul 2010, Numar persoane, 123
Total, Mures, Anul 2011, Numar persoane, 111
Total, Mures, Anul 2012, Numar persoane, 137
Total, Mures, Anul 2013, Numar persoane, 101
Total, Mures, Anul 2014, Numar persoane, 128
Total, Mures, Anul 2015, Numar persoane, 128
Total, Mures, Anul 2016, Numar persoane, 125
Total, Mures, Anul 2017, Numar persoane, 120
Total, Sibiu, Anul 1992, Numar persoane, 256
Total, Sibiu, Anul 1993, Numar persoane, 195
Total, Sibiu, Anul 1994, Numar persoane, 148
Total, Sibiu, Anul 1995, Numar persoane, 131
Total, Sibiu, Anul 1996, Numar persoane, 120
Total, Sibiu, Anul 1997, Numar persoane, 175
Total, Sibiu, Anul 1998, Numar persoane, 147
Total, Sibiu, Anul 1999, Numar persoane, 119
Total, Sibiu, Anul 2000, Numar persoane, 123
Total, Sibiu, Anul 2001, Numar persoane, 114
Total, Sibiu, Anul 2002, Numar persoane, 123
Total, Sibiu, Anul 2003, Numar persoane, 103
Total, Sibiu, Anul 2004, Numar persoane, 84
Total, Sibiu, Anul 2005, Numar persoane, 115
Total, Sibiu, Anul 2006, Numar persoane, 117
Total, Sibiu, Anul 2007, Numar persoane, 72
Total, Sibiu, Anul 2008, Numar persoane, 124
Total, Sibiu, Anul 2009, Numar persoane, 95
Total, Sibiu, Anul 2010, Numar persoane, 83
Total, Sibiu, Anul 2011, Numar persoane, 83
Total, Sibiu, Anul 2012, Numar persoane, 85
Total, Sibiu, Anul 2013, Numar persoane, 70
Total, Sibiu, Anul 2014, Numar persoane, 65
Total, Sibiu, Anul 2015, Numar persoane, 85
Total, Sibiu, Anul 2016, Numar persoane, 132
Total, Sibiu, Anul 2017, Numar persoane, 122
Total, MACROREGIUNEA DOI, Anul 1992, Numar persoane, 2028
Total, MACROREGIUNEA DOI, Anul 1993, Numar persoane, 1928
Total, MACROREGIUNEA DOI, Anul 1994, Numar persoane, 1573
Total, MACROREGIUNEA DOI, Anul 1995, Numar persoane, 1518
Total, MACROREGIUNEA DOI, Anul 1996, Numar persoane, 1688
Total, MACROREGIUNEA DOI, Anul 1997, Numar persoane, 1904
Total, MACROREGIUNEA DOI, Anul 1998, Numar persoane, 1531
Total, MACROREGIUNEA DOI, Anul 1999, Numar persoane, 1365
Total, MACROREGIUNEA DOI, Anul 2000, Numar persoane, 1449
Total, MACROREGIUNEA DOI, Anul 2001, Numar persoane, 1566
Total, MACROREGIUNEA DOI, Anul 2002, Numar persoane, 1474
Total, MACROREGIUNEA DOI, Anul 2003, Numar persoane, 1433
Total, MACROREGIUNEA DOI, Anul 2004, Numar persoane, 1418
Total, MACROREGIUNEA DOI, Anul 2005, Numar persoane, 1229
Total, MACROREGIUNEA DOI, Anul 2006, Numar persoane, 1180
Total, MACROREGIUNEA DOI, Anul 2007, Numar persoane, 1061
Total, MACROREGIUNEA DOI, Anul 2008, Numar persoane, 1039
Total, MACROREGIUNEA DOI, Anul 2009, Numar persoane, 807
Total, MACROREGIUNEA DOI, Anul 2010, Numar persoane, 904
Total, MACROREGIUNEA DOI, Anul 2011, Numar persoane, 858
Total, MACROREGIUNEA DOI, Anul 2012, Numar persoane, 789
Total, MACROREGIUNEA DOI, Anul 2013, Numar persoane, 751
Total, MACROREGIUNEA DOI, Anul 2014, Numar persoane, 713
Total, MACROREGIUNEA DOI, Anul 2015, Numar persoane, 832
Total, MACROREGIUNEA DOI, Anul 2016, Numar persoane, 819
Total, MACROREGIUNEA DOI, Anul 2017, Numar persoane, 869
Total, Regiunea NORD-EST, Anul 1992, Numar persoane, 980
Total, Regiunea NORD-EST, Anul 1993, Numar persoane, 901
Total, Regiunea NORD-EST, Anul 1994, Numar persoane, 737
Total, Regiunea NORD-EST, Anul 1995, Numar persoane, 683
Total, Regiunea NORD-EST, Anul 1996, Numar persoane, 806
Total, Regiunea NORD-EST, Anul 1997, Numar persoane, 943
Total, Regiunea NORD-EST, Anul 1998, Numar persoane, 665
Total, Regiunea NORD-EST, Anul 1999, Numar persoane, 611
Total, Regiunea NORD-EST, Anul 2000, Numar persoane, 661
Total, Regiunea NORD-EST, Anul 2001, Numar persoane, 684
Total, Regiunea NORD-EST, Anul 2002, Numar persoane, 648
Total, Regiunea NORD-EST, Anul 2003, Numar persoane, 614
Total, Regiunea NORD-EST, Anul 2004, Numar persoane, 639
Total, Regiunea NORD-EST, Anul 2005, Numar persoane, 542
Total, Regiunea NORD-EST, Anul 2006, Numar persoane, 470
Total, Regiunea NORD-EST, Anul 2007, Numar persoane, 467
Total, Regiunea NORD-EST, Anul 2008, Numar persoane, 448
Total, Regiunea NORD-EST, Anul 2009, Numar persoane, 308
Total, Regiunea NORD-EST, Anul 2010, Numar persoane, 375
Total, Regiunea NORD-EST, Anul 2011, Numar persoane, 378
Total, Regiunea NORD-EST, Anul 2012, Numar persoane, 363
Total, Regiunea NORD-EST, Anul 2013, Numar persoane, 315
Total, Regiunea NORD-EST, Anul 2014, Numar persoane, 295
Total, Regiunea NORD-EST, Anul 2015, Numar persoane, 379
Total, Regiunea NORD-EST, Anul 2016, Numar persoane, 352
Total, Regiunea NORD-EST, Anul 2017, Numar persoane, 406
Total, Bacau, Anul 1992, Numar persoane, 353
Total, Bacau, Anul 1993, Numar persoane, 318
Total, Bacau, Anul 1994, Numar persoane, 192
Total, Bacau, Anul 1995, Numar persoane, 177
Total, Bacau, Anul 1996, Numar persoane, 198
Total, Bacau, Anul 1997, Numar persoane, 214
Total, Bacau, Anul 1998, Numar persoane, 153
Total, Bacau, Anul 1999, Numar persoane, 122
Total, Bacau, Anul 2000, Numar persoane, 131
Total, Bacau, Anul 2001, Numar persoane, 158
Total, Bacau, Anul 2002, Numar persoane, 146
Total, Bacau, Anul 2003, Numar persoane, 153
Total, Bacau, Anul 2004, Numar persoane, 180
Total, Bacau, Anul 2005, Numar persoane, 133
Total, Bacau, Anul 2006, Numar persoane, 122
Total, Bacau, Anul 2007, Numar persoane, 93
Total, Bacau, Anul 2008, Numar persoane, 108
Total, Bacau, Anul 2009, Numar persoane, 69
Total, Bacau, Anul 2010, Numar persoane, 89
Total, Bacau, Anul 2011, Numar persoane, 81
Total, Bacau, Anul 2012, Numar persoane, 77
Total, Bacau, Anul 2013, Numar persoane, 62
Total, Bacau, Anul 2014, Numar persoane, 63
Total, Bacau, Anul 2015, Numar persoane, 93
Total, Bacau, Anul 2016, Numar persoane, 83
Total, Bacau, Anul 2017, Numar persoane, 123
Total, Botosani, Anul 1992, Numar persoane, 53
Total, Botosani, Anul 1993, Numar persoane, 55
Total, Botosani, Anul 1994, Numar persoane, 55
Total, Botosani, Anul 1995, Numar persoane, 39
Total, Botosani, Anul 1996, Numar persoane, 49
Total, Botosani, Anul 1997, Numar persoane, 51
Total, Botosani, Anul 1998, Numar persoane, 44
Total, Botosani, Anul 1999, Numar persoane, 29
Total, Botosani, Anul 2000, Numar persoane, 64
Total, Botosani, Anul 2001, Numar persoane, 52
Total, Botosani, Anul 2002, Numar persoane, 53
Total, Botosani, Anul 2003, Numar persoane, 40
Total, Botosani, Anul 2004, Numar persoane, 49
Total, Botosani, Anul 2005, Numar persoane, 50
Total, Botosani, Anul 2006, Numar persoane, 30
Total, Botosani, Anul 2007, Numar persoane, 55
Total, Botosani, Anul 2008, Numar persoane, 32
Total, Botosani, Anul 2009, Numar persoane, 29
Total, Botosani, Anul 2010, Numar persoane, 40
Total, Botosani, Anul 2011, Numar persoane, 25
Total, Botosani, Anul 2012, Numar persoane, 35
Total, Botosani, Anul 2013, Numar persoane, 29
Total, Botosani, Anul 2014, Numar persoane, 36
Total, Botosani, Anul 2015, Numar persoane, 50
Total, Botosani, Anul 2016, Numar persoane, 34
Total, Botosani, Anul 2017, Numar persoane, 36
Total, Iasi, Anul 1992, Numar persoane, 165
Total, Iasi, Anul 1993, Numar persoane, 163
Total, Iasi, Anul 1994, Numar persoane, 157
Total, Iasi, Anul 1995, Numar persoane, 146
Total, Iasi, Anul 1996, Numar persoane, 175
Total, Iasi, Anul 1997, Numar persoane, 255
Total, Iasi, Anul 1998, Numar persoane, 165
Total, Iasi, Anul 1999, Numar persoane, 182
Total, Iasi, Anul 2000, Numar persoane, 165
Total, Iasi, Anul 2001, Numar persoane, 176
Total, Iasi, Anul 2002, Numar persoane, 143
Total, Iasi, Anul 2003, Numar persoane, 129
Total, Iasi, Anul 2004, Numar persoane, 146
Total, Iasi, Anul 2005, Numar persoane, 167
Total, Iasi, Anul 2006, Numar persoane, 126
Total, Iasi, Anul 2007, Numar persoane, 142
Total, Iasi, Anul 2008, Numar persoane, 133
Total, Iasi, Anul 2009, Numar persoane, 82
Total, Iasi, Anul 2010, Numar persoane, 106
Total, Iasi, Anul 2011, Numar persoane, 100
Total, Iasi, Anul 2012, Numar persoane, 105
Total, Iasi, Anul 2013, Numar persoane, 84
Total, Iasi, Anul 2014, Numar persoane, 64
Total, Iasi, Anul 2015, Numar persoane, 77
Total, Iasi, Anul 2016, Numar persoane, 79
Total, Iasi, Anul 2017, Numar persoane, 81
Total, Neamt, Anul 1992, Numar persoane, 175
Total, Neamt, Anul 1993, Numar persoane, 172
Total, Neamt, Anul 1994, Numar persoane, 152
Total, Neamt, Anul 1995, Numar persoane, 158
Total, Neamt, Anul 1996, Numar persoane, 140
Total, Neamt, Anul 1997, Numar persoane, 181
Total, Neamt, Anul 1998, Numar persoane, 146
Total, Neamt, Anul 1999, Numar persoane, 128
Total, Neamt, Anul 2000, Numar persoane, 143
Total, Neamt, Anul 2001, Numar persoane, 155
Total, Neamt, Anul 2002, Numar persoane, 140
Total, Neamt, Anul 2003, Numar persoane, 125
Total, Neamt, Anul 2004, Numar persoane, 130
Total, Neamt, Anul 2005, Numar persoane, 94
Total, Neamt, Anul 2006, Numar persoane, 89
Total, Neamt, Anul 2007, Numar persoane, 82
Total, Neamt, Anul 2008, Numar persoane, 67
Total, Neamt, Anul 2009, Numar persoane, 59
Total, Neamt, Anul 2010, Numar persoane, 65
Total, Neamt, Anul 2011, Numar persoane, 76
Total, Neamt, Anul 2012, Numar persoane, 55
Total, Neamt, Anul 2013, Numar persoane, 61
Total, Neamt, Anul 2014, Numar persoane, 52
Total, Neamt, Anul 2015, Numar persoane, 75
Total, Neamt, Anul 2016, Numar persoane, 65
Total, Neamt, Anul 2017, Numar persoane, 88
Total, Suceava, Anul 1992, Numar persoane, 184
Total, Suceava, Anul 1993, Numar persoane, 147
Total, Suceava, Anul 1994, Numar persoane, 146
Total, Suceava, Anul 1995, Numar persoane, 129
Total, Suceava, Anul 1996, Numar persoane, 199
Total, Suceava, Anul 1997, Numar persoane, 199
Total, Suceava, Anul 1998, Numar persoane, 125
Total, Suceava, Anul 1999, Numar persoane, 119
Total, Suceava, Anul 2000, Numar persoane, 127
Total, Suceava, Anul 2001, Numar persoane, 100
Total, Suceava, Anul 2002, Numar persoane, 112
Total, Suceava, Anul 2003, Numar persoane, 135
Total, Suceava, Anul 2004, Numar persoane, 105
Total, Suceava, Anul 2005, Numar persoane, 76
Total, Suceava, Anul 2006, Numar persoane, 54
Total, Suceava, Anul 2007, Numar persoane, 65
Total, Suceava, Anul 2008, Numar persoane, 74
Total, Suceava, Anul 2009, Numar persoane, 57
Total, Suceava, Anul 2010, Numar persoane, 50
Total, Suceava, Anul 2011, Numar persoane, 76
Total, Suceava, Anul 2012, Numar persoane, 62
Total, Suceava, Anul 2013, Numar persoane, 54
Total, Suceava, Anul 2014, Numar persoane, 45
Total, Suceava, Anul 2015, Numar persoane, 56
Total, Suceava, Anul 2016, Numar persoane, 67
Total, Suceava, Anul 2017, Numar persoane, 58
Total, Vaslui, Anul 1992, Numar persoane, 50
Total, Vaslui, Anul 1993, Numar persoane, 46
Total, Vaslui, Anul 1994, Numar persoane, 35
Total, Vaslui, Anul 1995, Numar persoane, 34
Total, Vaslui, Anul 1996, Numar persoane, 45
Total, Vaslui, Anul 1997, Numar persoane, 43
Total, Vaslui, Anul 1998, Numar persoane, 32
Total, Vaslui, Anul 1999, Numar persoane, 31
Total, Vaslui, Anul 2000, Numar persoane, 31
Total, Vaslui, Anul 2001, Numar persoane, 43
Total, Vaslui, Anul 2002, Numar persoane, 54
Total, Vaslui, Anul 2003, Numar persoane, 32
Total, Vaslui, Anul 2004, Numar persoane, 29
Total, Vaslui, Anul 2005, Numar persoane, 22
Total, Vaslui, Anul 2006, Numar persoane, 49
Total, Vaslui, Anul 2007, Numar persoane, 30
Total, Vaslui, Anul 2008, Numar persoane, 34
Total, Vaslui, Anul 2009, Numar persoane, 12
Total, Vaslui, Anul 2010, Numar persoane, 25
Total, Vaslui, Anul 2011, Numar persoane, 20
Total, Vaslui, Anul 2012, Numar persoane, 29
Total, Vaslui, Anul 2013, Numar persoane, 25
Total, Vaslui, Anul 2014, Numar persoane, 35
Total, Vaslui, Anul 2015, Numar persoane, 28
Total, Vaslui, Anul 2016, Numar persoane, 24
Total, Vaslui, Anul 2017, Numar persoane, 20
Total, Regiunea SUD-EST, Anul 1992, Numar persoane, 1048
Total, Regiunea SUD-EST, Anul 1993, Numar persoane, 1027
Total, Regiunea SUD-EST, Anul 1994, Numar persoane, 836
Total, Regiunea SUD-EST, Anul 1995, Numar persoane, 835
Total, Regiunea SUD-EST, Anul 1996, Numar persoane, 882
Total, Regiunea SUD-EST, Anul 1997, Numar persoane, 961
Total, Regiunea SUD-EST, Anul 1998, Numar persoane, 866
Total, Regiunea SUD-EST, Anul 1999, Numar persoane, 754
Total, Regiunea SUD-EST, Anul 2000, Numar persoane, 788
Total, Regiunea SUD-EST, Anul 2001, Numar persoane, 882
Total, Regiunea SUD-EST, Anul 2002, Numar persoane, 826
Total, Regiunea SUD-EST, Anul 2003, Numar persoane, 819
Total, Regiunea SUD-EST, Anul 2004, Numar persoane, 779
Total, Regiunea SUD-EST, Anul 2005, Numar persoane, 687
Total, Regiunea SUD-EST, Anul 2006, Numar persoane, 710
Total, Regiunea SUD-EST, Anul 2007, Numar persoane, 594
Total, Regiunea SUD-EST, Anul 2008, Numar persoane, 591
Total, Regiunea SUD-EST, Anul 2009, Numar persoane, 499
Total, Regiunea SUD-EST, Anul 2010, Numar persoane, 529
Total, Regiunea SUD-EST, Anul 2011, Numar persoane, 480
Total, Regiunea SUD-EST, Anul 2012, Numar persoane, 426
Total, Regiunea SUD-EST, Anul 2013, Numar persoane, 436
Total, Regiunea SUD-EST, Anul 2014, Numar persoane, 418
Total, Regiunea SUD-EST, Anul 2015, Numar persoane, 453
Total, Regiunea SUD-EST, Anul 2016, Numar persoane, 467
Total, Regiunea SUD-EST, Anul 2017, Numar persoane, 463
Total, Braila, Anul 1992, Numar persoane, 173
Total, Braila, Anul 1993, Numar persoane, 171
Total, Braila, Anul 1994, Numar persoane, 88
Total, Braila, Anul 1995, Numar persoane, 110
Total, Braila, Anul 1996, Numar persoane, 100
Total, Braila, Anul 1997, Numar persoane, 136
Total, Braila, Anul 1998, Numar persoane, 98
Total, Braila, Anul 1999, Numar persoane, 98
Total, Braila, Anul 2000, Numar persoane, 96
Total, Braila, Anul 2001, Numar persoane, 93
Total, Braila, Anul 2002, Numar persoane, 94
Total, Braila, Anul 2003, Numar persoane, 88
Total, Braila, Anul 2004, Numar persoane, 97
Total, Braila, Anul 2005, Numar persoane, 87
Total, Braila, Anul 2006, Numar persoane, 109
Total, Braila, Anul 2007, Numar persoane, 74
Total, Braila, Anul 2008, Numar persoane, 73
Total, Braila, Anul 2009, Numar persoane, 50
Total, Braila, Anul 2010, Numar persoane, 42
Total, Braila, Anul 2011, Numar persoane, 65
Total, Braila, Anul 2012, Numar persoane, 44
Total, Braila, Anul 2013, Numar persoane, 40
Total, Braila, Anul 2014, Numar persoane, 39
Total, Braila, Anul 2015, Numar persoane, 44
Total, Braila, Anul 2016, Numar persoane, 54
Total, Braila, Anul 2017, Numar persoane, 41
Total, Buzau, Anul 1992, Numar persoane, 146
Total, Buzau, Anul 1993, Numar persoane, 133
Total, Buzau, Anul 1994, Numar persoane, 103
Total, Buzau, Anul 1995, Numar persoane, 83
Total, Buzau, Anul 1996, Numar persoane, 106
Total, Buzau, Anul 1997, Numar persoane, 132
Total, Buzau, Anul 1998, Numar persoane, 99
Total, Buzau, Anul 1999, Numar persoane, 71
Total, Buzau, Anul 2000, Numar persoane, 91
Total, Buzau, Anul 2001, Numar persoane, 104
Total, Buzau, Anul 2002, Numar persoane, 79
Total, Buzau, Anul 2003, Numar persoane, 93
Total, Buzau, Anul 2004, Numar persoane, 83
Total, Buzau, Anul 2005, Numar persoane, 97
Total, Buzau, Anul 2006, Numar persoane, 90
Total, Buzau, Anul 2007, Numar persoane, 70
Total, Buzau, Anul 2008, Numar persoane, 89
Total, Buzau, Anul 2009, Numar persoane, 69
Total, Buzau, Anul 2010, Numar persoane, 36
Total, Buzau, Anul 2011, Numar persoane, 59
Total, Buzau, Anul 2012, Numar persoane, 61
Total, Buzau, Anul 2013, Numar persoane, 61
Total, Buzau, Anul 2014, Numar persoane, 50
Total, Buzau, Anul 2015, Numar persoane, 40
Total, Buzau, Anul 2016, Numar persoane, 54
Total, Buzau, Anul 2017, Numar persoane, 67
Total, Constanta, Anul 1992, Numar persoane, 303
Total, Constanta, Anul 1993, Numar persoane, 320
Total, Constanta, Anul 1994, Numar persoane, 255
Total, Constanta, Anul 1995, Numar persoane, 262
Total, Constanta, Anul 1996, Numar persoane, 307
Total, Constanta, Anul 1997, Numar persoane, 268
Total, Constanta, Anul 1998, Numar persoane, 274
Total, Constanta, Anul 1999, Numar persoane, 220
Total, Constanta, Anul 2000, Numar persoane, 260
Total, Constanta, Anul 2001, Numar persoane, 297
Total, Constanta, Anul 2002, Numar persoane, 297
Total, Constanta, Anul 2003, Numar persoane, 277
Total, Constanta, Anul 2004, Numar persoane, 229
Total, Constanta, Anul 2005, Numar persoane, 182
Total, Constanta, Anul 2006, Numar persoane, 202
Total, Constanta, Anul 2007, Numar persoane, 184
Total, Constanta, Anul 2008, Numar persoane, 192
Total, Constanta, Anul 2009, Numar persoane, 159
Total, Constanta, Anul 2010, Numar persoane, 163
Total, Constanta, Anul 2011, Numar persoane, 162
Total, Constanta, Anul 2012, Numar persoane, 131
Total, Constanta, Anul 2013, Numar persoane, 171
Total, Constanta, Anul 2014, Numar persoane, 165
Total, Constanta, Anul 2015, Numar persoane, 190
Total, Constanta, Anul 2016, Numar persoane, 172
Total, Constanta, Anul 2017, Numar persoane, 167
Total, Galati, Anul 1992, Numar persoane, 280
Total, Galati, Anul 1993, Numar persoane, 256
Total, Galati, Anul 1994, Numar persoane, 267
Total, Galati, Anul 1995, Numar persoane, 254
Total, Galati, Anul 1996, Numar persoane, 243
Total, Galati, Anul 1997, Numar persoane, 274
Total, Galati, Anul 1998, Numar persoane, 254
Total, Galati, Anul 1999, Numar persoane, 229
Total, Galati, Anul 2000, Numar persoane, 207
Total, Galati, Anul 2001, Numar persoane, 178
Total, Galati, Anul 2002, Numar persoane, 184
Total, Galati, Anul 2003, Numar persoane, 174
Total, Galati, Anul 2004, Numar persoane, 177
Total, Galati, Anul 2005, Numar persoane, 173
Total, Galati, Anul 2006, Numar persoane, 172
Total, Galati, Anul 2007, Numar persoane, 140
Total, Galati, Anul 2008, Numar persoane, 145
Total, Galati, Anul 2009, Numar persoane, 120
Total, Galati, Anul 2010, Numar persoane, 111
Total, Galati, Anul 2011, Numar persoane, 97
Total, Galati, Anul 2012, Numar persoane, 97
Total, Galati, Anul 2013, Numar persoane, 99
Total, Galati, Anul 2014, Numar persoane, 92
Total, Galati, Anul 2015, Numar persoane, 87
Total, Galati, Anul 2016, Numar persoane, 92
Total, Galati, Anul 2017, Numar persoane, 88
Total, Tulcea, Anul 1992, Numar persoane, 70
Total, Tulcea, Anul 1993, Numar persoane, 85
Total, Tulcea, Anul 1994, Numar persoane, 67
Total, Tulcea, Anul 1995, Numar persoane, 66
Total, Tulcea, Anul 1996, Numar persoane, 78
Total, Tulcea, Anul 1997, Numar persoane, 88
Total, Tulcea, Anul 1998, Numar persoane, 97
Total, Tulcea, Anul 1999, Numar persoane, 98
Total, Tulcea, Anul 2000, Numar persoane, 101
Total, Tulcea, Anul 2001, Numar persoane, 156
Total, Tulcea, Anul 2002, Numar persoane, 124
Total, Tulcea, Anul 2003, Numar persoane, 136
Total, Tulcea, Anul 2004, Numar persoane, 141
Total, Tulcea, Anul 2005, Numar persoane, 100
Total, Tulcea, Anul 2006, Numar persoane, 103
Total, Tulcea, Anul 2007, Numar persoane, 89
Total, Tulcea, Anul 2008, Numar persoane, 67
Total, Tulcea, Anul 2009, Numar persoane, 65
Total, Tulcea, Anul 2010, Numar persoane, 148
Total, Tulcea, Anul 2011, Numar persoane, 72
Total, Tulcea, Anul 2012, Numar persoane, 59
Total, Tulcea, Anul 2013, Numar persoane, 42
Total, Tulcea, Anul 2014, Numar persoane, 43
Total, Tulcea, Anul 2015, Numar persoane, 56
Total, Tulcea, Anul 2016, Numar persoane, 65
Total, Tulcea, Anul 2017, Numar persoane, 62
Total, Vrancea, Anul 1992, Numar persoane, 76
Total, Vrancea, Anul 1993, Numar persoane, 62
Total, Vrancea, Anul 1994, Numar persoane, 56
Total, Vrancea, Anul 1995, Numar persoane, 60
Total, Vrancea, Anul 1996, Numar persoane, 48
Total, Vrancea, Anul 1997, Numar persoane, 63
Total, Vrancea, Anul 1998, Numar persoane, 44
Total, Vrancea, Anul 1999, Numar persoane, 38
Total, Vrancea, Anul 2000, Numar persoane, 33
Total, Vrancea, Anul 2001, Numar persoane, 54
Total, Vrancea, Anul 2002, Numar persoane, 48
Total, Vrancea, Anul 2003, Numar persoane, 51
Total, Vrancea, Anul 2004, Numar persoane, 52
Total, Vrancea, Anul 2005, Numar persoane, 48
Total, Vrancea, Anul 2006, Numar persoane, 34
Total, Vrancea, Anul 2007, Numar persoane, 37
Total, Vrancea, Anul 2008, Numar persoane, 25
Total, Vrancea, Anul 2009, Numar persoane, 36
Total, Vrancea, Anul 2010, Numar persoane, 29
Total, Vrancea, Anul 2011, Numar persoane, 25
Total, Vrancea, Anul 2012, Numar persoane, 34
Total, Vrancea, Anul 2013, Numar persoane, 23
Total, Vrancea, Anul 2014, Numar persoane, 29
Total, Vrancea, Anul 2015, Numar persoane, 36
Total, Vrancea, Anul 2016, Numar persoane, 30
Total, Vrancea, Anul 2017, Numar persoane, 38
Total, MACROREGIUNEA TREI, Anul 1992, Numar persoane, 1762
Total, MACROREGIUNEA TREI, Anul 1993, Numar persoane, 1832
Total, MACROREGIUNEA TREI, Anul 1994, Numar persoane, 1506
Total, MACROREGIUNEA TREI, Anul 1995, Numar persoane, 1380
Total, MACROREGIUNEA TREI, Anul 1996, Numar persoane, 1385
Total, MACROREGIUNEA TREI, Anul 1997, Numar persoane, 1476
Total, MACROREGIUNEA TREI, Anul 1998, Numar persoane, 1347
Total, MACROREGIUNEA TREI, Anul 1999, Numar persoane, 1316
Total, MACROREGIUNEA TREI, Anul 2000, Numar persoane, 1258
Total, MACROREGIUNEA TREI, Anul 2001, Numar persoane, 1321
Total, MACROREGIUNEA TREI, Anul 2002, Numar persoane, 1243
Total, MACROREGIUNEA TREI, Anul 2003, Numar persoane, 1280
Total, MACROREGIUNEA TREI, Anul 2004, Numar persoane, 1292
Total, MACROREGIUNEA TREI, Anul 2005, Numar persoane, 1129
Total, MACROREGIUNEA TREI, Anul 2006, Numar persoane, 1148
Total, MACROREGIUNEA TREI, Anul 2007, Numar persoane, 1195
Total, MACROREGIUNEA TREI, Anul 2008, Numar persoane, 1498
Total, MACROREGIUNEA TREI, Anul 2009, Numar persoane, 1193
Total, MACROREGIUNEA TREI, Anul 2010, Numar persoane, 1306
Total, MACROREGIUNEA TREI, Anul 2011, Numar persoane, 1261
Total, MACROREGIUNEA TREI, Anul 2012, Numar persoane, 1500
Total, MACROREGIUNEA TREI, Anul 2013, Numar persoane, 1239
Total, MACROREGIUNEA TREI, Anul 2014, Numar persoane, 1228
Total, MACROREGIUNEA TREI, Anul 2015, Numar persoane, 1384
Total, MACROREGIUNEA TREI, Anul 2016, Numar persoane, 1558
Total, MACROREGIUNEA TREI, Anul 2017, Numar persoane, 1840
Total, Regiunea SUD-MUNTENIA, Anul 1992, Numar persoane, 1298
Total, Regiunea SUD-MUNTENIA, Anul 1993, Numar persoane, 1259
Total, Regiunea SUD-MUNTENIA, Anul 1994, Numar persoane, 1108
Total, Regiunea SUD-MUNTENIA, Anul 1995, Numar persoane, 1006
Total, Regiunea SUD-MUNTENIA, Anul 1996, Numar persoane, 894
Total, Regiunea SUD-MUNTENIA, Anul 1997, Numar persoane, 1028
Total, Regiunea SUD-MUNTENIA, Anul 1998, Numar persoane, 879
Total, Regiunea SUD-MUNTENIA, Anul 1999, Numar persoane, 780
Total, Regiunea SUD-MUNTENIA, Anul 2000, Numar persoane, 787
Total, Regiunea SUD-MUNTENIA, Anul 2001, Numar persoane, 730
Total, Regiunea SUD-MUNTENIA, Anul 2002, Numar persoane, 653
Total, Regiunea SUD-MUNTENIA, Anul 2003, Numar persoane, 653
Total, Regiunea SUD-MUNTENIA, Anul 2004, Numar persoane, 598
Total, Regiunea SUD-MUNTENIA, Anul 2005, Numar persoane, 549
Total, Regiunea SUD-MUNTENIA, Anul 2006, Numar persoane, 525
Total, Regiunea SUD-MUNTENIA, Anul 2007, Numar persoane, 434
Total, Regiunea SUD-MUNTENIA, Anul 2008, Numar persoane, 489
Total, Regiunea SUD-MUNTENIA, Anul 2009, Numar persoane, 414
Total, Regiunea SUD-MUNTENIA, Anul 2010, Numar persoane, 407
Total, Regiunea SUD-MUNTENIA, Anul 2011, Numar persoane, 394
Total, Regiunea SUD-MUNTENIA, Anul 2012, Numar persoane, 443
Total, Regiunea SUD-MUNTENIA, Anul 2013, Numar persoane, 374
Total, Regiunea SUD-MUNTENIA, Anul 2014, Numar persoane, 336
Total, Regiunea SUD-MUNTENIA, Anul 2015, Numar persoane, 362
Total, Regiunea SUD-MUNTENIA, Anul 2016, Numar persoane, 389
Total, Regiunea SUD-MUNTENIA, Anul 2017, Numar persoane, 412
Total, Arges, Anul 1992, Numar persoane, 278
Total, Arges, Anul 1993, Numar persoane, 256
Total, Arges, Anul 1994, Numar persoane, 228
Total, Arges, Anul 1995, Numar persoane, 221
Total, Arges, Anul 1996, Numar persoane, 232
Total, Arges, Anul 1997, Numar persoane, 256
Total, Arges, Anul 1998, Numar persoane, 236
Total, Arges, Anul 1999, Numar persoane, 235
Total, Arges, Anul 2000, Numar persoane, 256
Total, Arges, Anul 2001, Numar persoane, 196
Total, Arges, Anul 2002, Numar persoane, 207
Total, Arges, Anul 2003, Numar persoane, 188
Total, Arges, Anul 2004, Numar persoane, 187
Total, Arges, Anul 2005, Numar persoane, 186
Total, Arges, Anul 2006, Numar persoane, 143
Total, Arges, Anul 2007, Numar persoane, 143
Total, Arges, Anul 2008, Numar persoane, 153
Total, Arges, Anul 2009, Numar persoane, 114
Total, Arges, Anul 2010, Numar persoane, 122
Total, Arges, Anul 2011, Numar persoane, 132
Total, Arges, Anul 2012, Numar persoane, 164
Total, Arges, Anul 2013, Numar persoane, 101
Total, Arges, Anul 2014, Numar persoane, 106
Total, Arges, Anul 2015, Numar persoane, 101
Total, Arges, Anul 2016, Numar persoane, 131
Total, Arges, Anul 2017, Numar persoane, 145
Total, Calarasi, Anul 1992, Numar persoane, 104
Total, Calarasi, Anul 1993, Numar persoane, 127
Total, Calarasi, Anul 1994, Numar persoane, 98
Total, Calarasi, Anul 1995, Numar persoane, 72
Total, Calarasi, Anul 1996, Numar persoane, 63
Total, Calarasi, Anul 1997, Numar persoane, 94
Total, Calarasi, Anul 1998, Numar persoane, 72
Total, Calarasi, Anul 1999, Numar persoane, 53
Total, Calarasi, Anul 2000, Numar persoane, 38
Total, Calarasi, Anul 2001, Numar persoane, 47
Total, Calarasi, Anul 2002, Numar persoane, 39
Total, Calarasi, Anul 2003, Numar persoane, 50
Total, Calarasi, Anul 2004, Numar persoane, 35
Total, Calarasi, Anul 2005, Numar persoane, 39
Total, Calarasi, Anul 2006, Numar persoane, 48
Total, Calarasi, Anul 2007, Numar persoane, 28
Total, Calarasi, Anul 2008, Numar persoane, 37
Total, Calarasi, Anul 2009, Numar persoane, 35
Total, Calarasi, Anul 2010, Numar persoane, 40
Total, Calarasi, Anul 2011, Numar persoane, 24
Total, Calarasi, Anul 2012, Numar persoane, 39
Total, Calarasi, Anul 2013, Numar persoane, 34
Total, Calarasi, Anul 2014, Numar persoane, 24
Total, Calarasi, Anul 2015, Numar persoane, 38
Total, Calarasi, Anul 2016, Numar persoane, 13
Total, Calarasi, Anul 2017, Numar persoane, 23
Total, Dambovita, Anul 1992, Numar persoane, 215
Total, Dambovita, Anul 1993, Numar persoane, 215
Total, Dambovita, Anul 1994, Numar persoane, 214
Total, Dambovita, Anul 1995, Numar persoane, 188
Total, Dambovita, Anul 1996, Numar persoane, 143
Total, Dambovita, Anul 1997, Numar persoane, 204
Total, Dambovita, Anul 1998, Numar persoane, 167
Total, Dambovita, Anul 1999, Numar persoane, 150
Total, Dambovita, Anul 2000, Numar persoane, 124
Total, Dambovita, Anul 2001, Numar persoane, 140
Total, Dambovita, Anul 2002, Numar persoane, 133
Total, Dambovita, Anul 2003, Numar persoane, 127
Total, Dambovita, Anul 2004, Numar persoane, 105
Total, Dambovita, Anul 2005, Numar persoane, 61
Total, Dambovita, Anul 2006, Numar persoane, 90
Total, Dambovita, Anul 2007, Numar persoane, 73
Total, Dambovita, Anul 2008, Numar persoane, 66
Total, Dambovita, Anul 2009, Numar persoane, 35
Total, Dambovita, Anul 2010, Numar persoane, 54
Total, Dambovita, Anul 2011, Numar persoane, 52
Total, Dambovita, Anul 2012, Numar persoane, 51
Total, Dambovita, Anul 2013, Numar persoane, 53
Total, Dambovita, Anul 2014, Numar persoane, 43
Total, Dambovita, Anul 2015, Numar persoane, 45
Total, Dambovita, Anul 2016, Numar persoane, 53
Total, Dambovita, Anul 2017, Numar persoane, 53
Total, Giurgiu, Anul 1992, Numar persoane, 36
Total, Giurgiu, Anul 1993, Numar persoane, 29
Total, Giurgiu, Anul 1994, Numar persoane, 37
Total, Giurgiu, Anul 1995, Numar persoane, 38
Total, Giurgiu, Anul 1996, Numar persoane, 33
Total, Giurgiu, Anul 1997, Numar persoane, 34
Total, Giurgiu, Anul 1998, Numar persoane, 31
Total, Giurgiu, Anul 1999, Numar persoane, 28
Total, Giurgiu, Anul 2000, Numar persoane, 30
Total, Giurgiu, Anul 2001, Numar persoane, 38
Total, Giurgiu, Anul 2002, Numar persoane, 28
Total, Giurgiu, Anul 2003, Numar persoane, 40
Total, Giurgiu, Anul 2004, Numar persoane, 43
Total, Giurgiu, Anul 2005, Numar persoane, 41
Total, Giurgiu, Anul 2006, Numar persoane, 45
Total, Giurgiu, Anul 2007, Numar persoane, 27
Total, Giurgiu, Anul 2008, Numar persoane, 32
Total, Giurgiu, Anul 2009, Numar persoane, 20
Total, Giurgiu, Anul 2010, Numar persoane, 25
Total, Giurgiu, Anul 2011, Numar persoane, 39
Total, Giurgiu, Anul 2012, Numar persoane, 22
Total, Giurgiu, Anul 2013, Numar persoane, 18
Total, Giurgiu, Anul 2014, Numar persoane, 23
Total, Giurgiu, Anul 2015, Numar persoane, 17
Total, Giurgiu, Anul 2016, Numar persoane, 33
Total, Giurgiu, Anul 2017, Numar persoane, 23
Total, Ialomita, Anul 1992, Numar persoane, 75
Total, Ialomita, Anul 1993, Numar persoane, 69
Total, Ialomita, Anul 1994, Numar persoane, 59
Total, Ialomita, Anul 1995, Numar persoane, 65
Total, Ialomita, Anul 1996, Numar persoane, 55
Total, Ialomita, Anul 1997, Numar persoane, 59
Total, Ialomita, Anul 1998, Numar persoane, 42
Total, Ialomita, Anul 1999, Numar persoane, 44
Total, Ialomita, Anul 2000, Numar persoane, 44
Total, Ialomita, Anul 2001, Numar persoane, 58
Total, Ialomita, Anul 2002, Numar persoane, 37
Total, Ialomita, Anul 2003, Numar persoane, 48
Total, Ialomita, Anul 2004, Numar persoane, 52
Total, Ialomita, Anul 2005, Numar persoane, 67
Total, Ialomita, Anul 2006, Numar persoane, 38
Total, Ialomita, Anul 2007, Numar persoane, 26
Total, Ialomita, Anul 2008, Numar persoane, 11
Total, Ialomita, Anul 2009, Numar persoane, 37
Total, Ialomita, Anul 2010, Numar persoane, 26
Total, Ialomita, Anul 2011, Numar persoane, 30
Total, Ialomita, Anul 2012, Numar persoane, 26
Total, Ialomita, Anul 2013, Numar persoane, 11
Total, Ialomita, Anul 2014, Numar persoane, 21
Total, Ialomita, Anul 2015, Numar persoane, 11
Total, Ialomita, Anul 2016, Numar persoane, 21
Total, Ialomita, Anul 2017, Numar persoane, 22
Total, Prahova, Anul 1992, Numar persoane, 490
Total, Prahova, Anul 1993, Numar persoane, 471
Total, Prahova, Anul 1994, Numar persoane, 401
Total, Prahova, Anul 1995, Numar persoane, 339
Total, Prahova, Anul 1996, Numar persoane, 287
Total, Prahova, Anul 1997, Numar persoane, 312
Total, Prahova, Anul 1998, Numar persoane, 259
Total, Prahova, Anul 1999, Numar persoane, 215
Total, Prahova, Anul 2000, Numar persoane, 223
Total, Prahova, Anul 2001, Numar persoane, 181
Total, Prahova, Anul 2002, Numar persoane, 146
Total, Prahova, Anul 2003, Numar persoane, 132
Total, Prahova, Anul 2004, Numar persoane, 124
Total, Prahova, Anul 2005, Numar persoane, 108
Total, Prahova, Anul 2006, Numar persoane, 114
Total, Prahova, Anul 2007, Numar persoane, 114
Total, Prahova, Anul 2008, Numar persoane, 137
Total, Prahova, Anul 2009, Numar persoane, 136
Total, Prahova, Anul 2010, Numar persoane, 109
Total, Prahova, Anul 2011, Numar persoane, 104
Total, Prahova, Anul 2012, Numar persoane, 116
Total, Prahova, Anul 2013, Numar persoane, 141
Total, Prahova, Anul 2014, Numar persoane, 105
Total, Prahova, Anul 2015, Numar persoane, 125
Total, Prahova, Anul 2016, Numar persoane, 119
Total, Prahova, Anul 2017, Numar persoane, 133
Total, Teleorman, Anul 1992, Numar persoane, 100
Total, Teleorman, Anul 1993, Numar persoane, 92
Total, Teleorman, Anul 1994, Numar persoane, 71
Total, Teleorman, Anul 1995, Numar persoane, 83
Total, Teleorman, Anul 1996, Numar persoane, 81
Total, Teleorman, Anul 1997, Numar persoane, 69
Total, Teleorman, Anul 1998, Numar persoane, 72
Total, Teleorman, Anul 1999, Numar persoane, 55
Total, Teleorman, Anul 2000, Numar persoane, 72
Total, Teleorman, Anul 2001, Numar persoane, 70
Total, Teleorman, Anul 2002, Numar persoane, 63
Total, Teleorman, Anul 2003, Numar persoane, 68
Total, Teleorman, Anul 2004, Numar persoane, 52
Total, Teleorman, Anul 2005, Numar persoane, 47
Total, Teleorman, Anul 2006, Numar persoane, 47
Total, Teleorman, Anul 2007, Numar persoane, 23
Total, Teleorman, Anul 2008, Numar persoane, 53
Total, Teleorman, Anul 2009, Numar persoane, 37
Total, Teleorman, Anul 2010, Numar persoane, 31
Total, Teleorman, Anul 2011, Numar persoane, 13
Total, Teleorman, Anul 2012, Numar persoane, 25
Total, Teleorman, Anul 2013, Numar persoane, 16
Total, Teleorman, Anul 2014, Numar persoane, 14
Total, Teleorman, Anul 2015, Numar persoane, 25
Total, Teleorman, Anul 2016, Numar persoane, 19
Total, Teleorman, Anul 2017, Numar persoane, 13
Total, Regiunea BUCURESTI - ILFOV, Anul 1992, Numar persoane, 464
Total, Regiunea BUCURESTI - ILFOV, Anul 1993, Numar persoane, 573
Total, Regiunea BUCURESTI - ILFOV, Anul 1994, Numar persoane, 398
Total, Regiunea BUCURESTI - ILFOV, Anul 1995, Numar persoane, 374
Total, Regiunea BUCURESTI - ILFOV, Anul 1996, Numar persoane, 491
Total, Regiunea BUCURESTI - ILFOV, Anul 1997, Numar persoane, 448
Total, Regiunea BUCURESTI - ILFOV, Anul 1998, Numar persoane, 468
Total, Regiunea BUCURESTI - ILFOV, Anul 1999, Numar persoane, 536
Total, Regiunea BUCURESTI - ILFOV, Anul 2000, Numar persoane, 471
Total, Regiunea BUCURESTI - ILFOV, Anul 2001, Numar persoane, 591
Total, Regiunea BUCURESTI - ILFOV, Anul 2002, Numar persoane, 590
Total, Regiunea BUCURESTI - ILFOV, Anul 2003, Numar persoane, 627
Total, Regiunea BUCURESTI - ILFOV, Anul 2004, Numar persoane, 694
Total, Regiunea BUCURESTI - ILFOV, Anul 2005, Numar persoane, 580
Total, Regiunea BUCURESTI - ILFOV, Anul 2006, Numar persoane, 623
Total, Regiunea BUCURESTI - ILFOV, Anul 2007, Numar persoane, 761
Total, Regiunea BUCURESTI - ILFOV, Anul 2008, Numar persoane, 1009
Total, Regiunea BUCURESTI - ILFOV, Anul 2009, Numar persoane, 779
Total, Regiunea BUCURESTI - ILFOV, Anul 2010, Numar persoane, 899
Total, Regiunea BUCURESTI - ILFOV, Anul 2011, Numar persoane, 867
Total, Regiunea BUCURESTI - ILFOV, Anul 2012, Numar persoane, 1057
Total, Regiunea BUCURESTI - ILFOV, Anul 2013, Numar persoane, 865
Total, Regiunea BUCURESTI - ILFOV, Anul 2014, Numar persoane, 892
Total, Regiunea BUCURESTI - ILFOV, Anul 2015, Numar persoane, 1022
Total, Regiunea BUCURESTI - ILFOV, Anul 2016, Numar persoane, 1169
Total, Regiunea BUCURESTI - ILFOV, Anul 2017, Numar persoane, 1428
Total, Ilfov, Anul 1998, Numar persoane, 32
Total, Ilfov, Anul 1999, Numar persoane, 31
Total, Ilfov, Anul 2000, Numar persoane, 34
Total, Ilfov, Anul 2001, Numar persoane, 26
Total, Ilfov, Anul 2002, Numar persoane, 32
Total, Ilfov, Anul 2003, Numar persoane, 59
Total, Ilfov, Anul 2004, Numar persoane, 59
Total, Ilfov, Anul 2005, Numar persoane, 63
Total, Ilfov, Anul 2006, Numar persoane, 98
Total, Ilfov, Anul 2007, Numar persoane, 100
Total, Ilfov, Anul 2008, Numar persoane, 124
Total, Ilfov, Anul 2009, Numar persoane, 103
Total, Ilfov, Anul 2010, Numar persoane, 110
Total, Ilfov, Anul 2011, Numar persoane, 92
Total, Ilfov, Anul 2012, Numar persoane, 96
Total, Ilfov, Anul 2013, Numar persoane, 106
Total, Ilfov, Anul 2014, Numar persoane, 117
Total, Ilfov, Anul 2015, Numar persoane, 110
Total, Ilfov, Anul 2016, Numar persoane, 143
Total, Ilfov, Anul 2017, Numar persoane, 162
Total, Municipiul Bucuresti, Anul 1998, Numar persoane, 436
Total, Municipiul Bucuresti, Anul 1999, Numar persoane, 505
Total, Municipiul Bucuresti, Anul 2000, Numar persoane, 437
Total, Municipiul Bucuresti, Anul 2001, Numar persoane, 565
Total, Municipiul Bucuresti, Anul 2002, Numar persoane, 558
Total, Municipiul Bucuresti, Anul 2003, Numar persoane, 568
Total, Municipiul Bucuresti, Anul 2004, Numar persoane, 635
Total, Municipiul Bucuresti, Anul 2005, Numar persoane, 517
Total, Municipiul Bucuresti, Anul 2006, Numar persoane, 525
Total, Municipiul Bucuresti, Anul 2007, Numar persoane, 661
Total, Municipiul Bucuresti, Anul 2008, Numar persoane, 885
Total, Municipiul Bucuresti, Anul 2009, Numar persoane, 676
Total, Municipiul Bucuresti, Anul 2010, Numar persoane, 789
Total, Municipiul Bucuresti, Anul 2011, Numar persoane, 775
Total, Municipiul Bucuresti, Anul 2012, Numar persoane, 961
Total, Municipiul Bucuresti, Anul 2013, Numar persoane, 759
Total, Municipiul Bucuresti, Anul 2014, Numar persoane, 775
Total, Municipiul Bucuresti, Anul 2015, Numar persoane, 912
Total, Municipiul Bucuresti, Anul 2016, Numar persoane, 1026
Total, Municipiul Bucuresti, Anul 2017, Numar persoane, 1266
Total, Mun. Bucuresti -incl. SAI, Anul 1992, Numar persoane, 464
Total, Mun. Bucuresti -incl. SAI, Anul 1993, Numar persoane, 573
Total, Mun. Bucuresti -incl. SAI, Anul 1994, Numar persoane, 398
Total, Mun. Bucuresti -incl. SAI, Anul 1995, Numar persoane, 374
Total, Mun. Bucuresti -incl. SAI, Anul 1996, Numar persoane, 491
Total, Mun. Bucuresti -incl. SAI, Anul 1997, Numar persoane, 448
Total, MACROREGIUNEA PATRU, Anul 1992, Numar persoane, 3228
Total, MACROREGIUNEA PATRU, Anul 1993, Numar persoane, 3301
Total, MACROREGIUNEA PATRU, Anul 1994, Numar persoane, 3215
Total, MACROREGIUNEA PATRU, Anul 1995, Numar persoane, 2995
Total, MACROREGIUNEA PATRU, Anul 1996, Numar persoane, 3430
Total, MACROREGIUNEA PATRU, Anul 1997, Numar persoane, 2866
Total, MACROREGIUNEA PATRU, Anul 1998, Numar persoane, 2329
Total, MACROREGIUNEA PATRU, Anul 1999, Numar persoane, 2292
Total, MACROREGIUNEA PATRU, Anul 2000, Numar persoane, 2431
Total, MACROREGIUNEA PATRU, Anul 2001, Numar persoane, 2408
Total, MACROREGIUNEA PATRU, Anul 2002, Numar persoane, 2213
Total, MACROREGIUNEA PATRU, Anul 2003, Numar persoane, 1890
Total, MACROREGIUNEA PATRU, Anul 2004, Numar persoane, 1573
Total, MACROREGIUNEA PATRU, Anul 2005, Numar persoane, 1307
Total, MACROREGIUNEA PATRU, Anul 2006, Numar persoane, 1285
Total, MACROREGIUNEA PATRU, Anul 2007, Numar persoane, 1161
Total, MACROREGIUNEA PATRU, Anul 2008, Numar persoane, 1151
Total, MACROREGIUNEA PATRU, Anul 2009, Numar persoane, 915
Total, MACROREGIUNEA PATRU, Anul 2010, Numar persoane, 899
Total, MACROREGIUNEA PATRU, Anul 2011, Numar persoane, 839
Total, MACROREGIUNEA PATRU, Anul 2012, Numar persoane, 808
Total, MACROREGIUNEA PATRU, Anul 2013, Numar persoane, 723
Total, MACROREGIUNEA PATRU, Anul 2014, Numar persoane, 671
Total, MACROREGIUNEA PATRU, Anul 2015, Numar persoane, 720
Total, MACROREGIUNEA PATRU, Anul 2016, Numar persoane, 748
Total, MACROREGIUNEA PATRU, Anul 2017, Numar persoane, 780
Total, Regiunea SUD-VEST OLTENIA, Anul 1992, Numar persoane, 982
Total, Regiunea SUD-VEST OLTENIA, Anul 1993, Numar persoane, 879
Total, Regiunea SUD-VEST OLTENIA, Anul 1994, Numar persoane, 883
Total, Regiunea SUD-VEST OLTENIA, Anul 1995, Numar persoane, 827
Total, Regiunea SUD-VEST OLTENIA, Anul 1996, Numar persoane, 854
Total, Regiunea SUD-VEST OLTENIA, Anul 1997, Numar persoane, 814
Total, Regiunea SUD-VEST OLTENIA, Anul 1998, Numar persoane, 644
Total, Regiunea SUD-VEST OLTENIA, Anul 1999, Numar persoane, 630
Total, Regiunea SUD-VEST OLTENIA, Anul 2000, Numar persoane, 596
Total, Regiunea SUD-VEST OLTENIA, Anul 2001, Numar persoane, 597
Total, Regiunea SUD-VEST OLTENIA, Anul 2002, Numar persoane, 575
Total, Regiunea SUD-VEST OLTENIA, Anul 2003, Numar persoane, 457
Total, Regiunea SUD-VEST OLTENIA, Anul 2004, Numar persoane, 468
Total, Regiunea SUD-VEST OLTENIA, Anul 2005, Numar persoane, 499
Total, Regiunea SUD-VEST OLTENIA, Anul 2006, Numar persoane, 499
Total, Regiunea SUD-VEST OLTENIA, Anul 2007, Numar persoane, 437
Total, Regiunea SUD-VEST OLTENIA, Anul 2008, Numar persoane, 458
Total, Regiunea SUD-VEST OLTENIA, Anul 2009, Numar persoane, 294
Total, Regiunea SUD-VEST OLTENIA, Anul 2010, Numar persoane, 280
Total, Regiunea SUD-VEST OLTENIA, Anul 2011, Numar persoane, 280
Total, Regiunea SUD-VEST OLTENIA, Anul 2012, Numar persoane, 333
Total, Regiunea SUD-VEST OLTENIA, Anul 2013, Numar persoane, 237
Total, Regiunea SUD-VEST OLTENIA, Anul 2014, Numar persoane, 260
Total, Regiunea SUD-VEST OLTENIA, Anul 2015, Numar persoane, 249
Total, Regiunea SUD-VEST OLTENIA, Anul 2016, Numar persoane, 270
Total, Regiunea SUD-VEST OLTENIA, Anul 2017, Numar persoane, 300
Total, Dolj, Anul 1992, Numar persoane, 156
Total, Dolj, Anul 1993, Numar persoane, 161
Total, Dolj, Anul 1994, Numar persoane, 128
Total, Dolj, Anul 1995, Numar persoane, 145
Total, Dolj, Anul 1996, Numar persoane, 132
Total, Dolj, Anul 1997, Numar persoane, 149
Total, Dolj, Anul 1998, Numar persoane, 139
Total, Dolj, Anul 1999, Numar persoane, 146
Total, Dolj, Anul 2000, Numar persoane, 132
Total, Dolj, Anul 2001, Numar persoane, 101
Total, Dolj, Anul 2002, Numar persoane, 119
Total, Dolj, Anul 2003, Numar persoane, 100
Total, Dolj, Anul 2004, Numar persoane, 119
Total, Dolj, Anul 2005, Numar persoane, 100
Total, Dolj, Anul 2006, Numar persoane, 101
Total, Dolj, Anul 2007, Numar persoane, 86
Total, Dolj, Anul 2008, Numar persoane, 98
Total, Dolj, Anul 2009, Numar persoane, 73
Total, Dolj, Anul 2010, Numar persoane, 73
Total, Dolj, Anul 2011, Numar persoane, 47
Total, Dolj, Anul 2012, Numar persoane, 84
Total, Dolj, Anul 2013, Numar persoane, 49
Total, Dolj, Anul 2014, Numar persoane, 53
Total, Dolj, Anul 2015, Numar persoane, 59
Total, Dolj, Anul 2016, Numar persoane, 77
Total, Dolj, Anul 2017, Numar persoane, 87
Total, Gorj, Anul 1992, Numar persoane, 467
Total, Gorj, Anul 1993, Numar persoane, 395
Total, Gorj, Anul 1994, Numar persoane, 453
Total, Gorj, Anul 1995, Numar persoane, 419
Total, Gorj, Anul 1996, Numar persoane, 401
Total, Gorj, Anul 1997, Numar persoane, 319
Total, Gorj, Anul 1998, Numar persoane, 263
Total, Gorj, Anul 1999, Numar persoane, 234
Total, Gorj, Anul 2000, Numar persoane, 235
Total, Gorj, Anul 2001, Numar persoane, 225
Total, Gorj, Anul 2002, Numar persoane, 199
Total, Gorj, Anul 2003, Numar persoane, 126
Total, Gorj, Anul 2004, Numar persoane, 136
Total, Gorj, Anul 2005, Numar persoane, 153
Total, Gorj, Anul 2006, Numar persoane, 130
Total, Gorj, Anul 2007, Numar persoane, 122
Total, Gorj, Anul 2008, Numar persoane, 114
Total, Gorj, Anul 2009, Numar persoane, 69
Total, Gorj, Anul 2010, Numar persoane, 80
Total, Gorj, Anul 2011, Numar persoane, 78
Total, Gorj, Anul 2012, Numar persoane, 88
Total, Gorj, Anul 2013, Numar persoane, 74
Total, Gorj, Anul 2014, Numar persoane, 61
Total, Gorj, Anul 2015, Numar persoane, 52
Total, Gorj, Anul 2016, Numar persoane, 40
Total, Gorj, Anul 2017, Numar persoane, 66
Total, Mehedinti, Anul 1992, Numar persoane, 124
Total, Mehedinti, Anul 1993, Numar persoane, 102
Total, Mehedinti, Anul 1994, Numar persoane, 114
Total, Mehedinti, Anul 1995, Numar persoane, 73
Total, Mehedinti, Anul 1996, Numar persoane, 93
Total, Mehedinti, Anul 1997, Numar persoane, 114
Total, Mehedinti, Anul 1998, Numar persoane, 70
Total, Mehedinti, Anul 1999, Numar persoane, 79
Total, Mehedinti, Anul 2000, Numar persoane, 51
Total, Mehedinti, Anul 2001, Numar persoane, 74
Total, Mehedinti, Anul 2002, Numar persoane, 63
Total, Mehedinti, Anul 2003, Numar persoane, 56
Total, Mehedinti, Anul 2004, Numar persoane, 47
Total, Mehedinti, Anul 2005, Numar persoane, 74
Total, Mehedinti, Anul 2006, Numar persoane, 70
Total, Mehedinti, Anul 2007, Numar persoane, 52
Total, Mehedinti, Anul 2008, Numar persoane, 41
Total, Mehedinti, Anul 2009, Numar persoane, 35
Total, Mehedinti, Anul 2010, Numar persoane, 31
Total, Mehedinti, Anul 2011, Numar persoane, 31
Total, Mehedinti, Anul 2012, Numar persoane, 32
Total, Mehedinti, Anul 2013, Numar persoane, 24
Total, Mehedinti, Anul 2014, Numar persoane, 23
Total, Mehedinti, Anul 2015, Numar persoane, 25
Total, Mehedinti, Anul 2016, Numar persoane, 22
Total, Mehedinti, Anul 2017, Numar persoane, 17
Total, Olt, Anul 1992, Numar persoane, 112
Total, Olt, Anul 1993, Numar persoane, 110
Total, Olt, Anul 1994, Numar persoane, 89
Total, Olt, Anul 1995, Numar persoane, 92
Total, Olt, Anul 1996, Numar persoane, 121
Total, Olt, Anul 1997, Numar persoane, 122
Total, Olt, Anul 1998, Numar persoane, 97
Total, Olt, Anul 1999, Numar persoane, 93
Total, Olt, Anul 2000, Numar persoane, 90
Total, Olt, Anul 2001, Numar persoane, 101
Total, Olt, Anul 2002, Numar persoane, 71
Total, Olt, Anul 2003, Numar persoane, 75
Total, Olt, Anul 2004, Numar persoane, 87
Total, Olt, Anul 2005, Numar persoane, 79
Total, Olt, Anul 2006, Numar persoane, 109
Total, Olt, Anul 2007, Numar persoane, 88
Total, Olt, Anul 2008, Numar persoane, 101
Total, Olt, Anul 2009, Numar persoane, 42
Total, Olt, Anul 2010, Numar persoane, 34
Total, Olt, Anul 2011, Numar persoane, 48
Total, Olt, Anul 2012, Numar persoane, 56
Total, Olt, Anul 2013, Numar persoane, 46
Total, Olt, Anul 2014, Numar persoane, 54
Total, Olt, Anul 2015, Numar persoane, 51
Total, Olt, Anul 2016, Numar persoane, 59
Total, Olt, Anul 2017, Numar persoane, 77
Total, Valcea, Anul 1992, Numar persoane, 123
Total, Valcea, Anul 1993, Numar persoane, 111
Total, Valcea, Anul 1994, Numar persoane, 99
Total, Valcea, Anul 1995, Numar persoane, 98
Total, Valcea, Anul 1996, Numar persoane, 107
Total, Valcea, Anul 1997, Numar persoane, 110
Total, Valcea, Anul 1998, Numar persoane, 75
Total, Valcea, Anul 1999, Numar persoane, 78
Total, Valcea, Anul 2000, Numar persoane, 88
Total, Valcea, Anul 2001, Numar persoane, 96
Total, Valcea, Anul 2002, Numar persoane, 123
Total, Valcea, Anul 2003, Numar persoane, 100
Total, Valcea, Anul 2004, Numar persoane, 79
Total, Valcea, Anul 2005, Numar persoane, 93
Total, Valcea, Anul 2006, Numar persoane, 89
Total, Valcea, Anul 2007, Numar persoane, 89
Total, Valcea, Anul 2008, Numar persoane, 104
Total, Valcea, Anul 2009, Numar persoane, 75
Total, Valcea, Anul 2010, Numar persoane, 62
Total, Valcea, Anul 2011, Numar persoane, 76
Total, Valcea, Anul 2012, Numar persoane, 73
Total, Valcea, Anul 2013, Numar persoane, 44
Total, Valcea, Anul 2014, Numar persoane, 69
Total, Valcea, Anul 2015, Numar persoane, 62
Total, Valcea, Anul 2016, Numar persoane, 72
Total, Valcea, Anul 2017, Numar persoane, 53
Total, Regiunea VEST, Anul 1992, Numar persoane, 2246
Total, Regiunea VEST, Anul 1993, Numar persoane, 2422
Total, Regiunea VEST, Anul 1994, Numar persoane, 2332
Total, Regiunea VEST, Anul 1995, Numar persoane, 2168
Total, Regiunea VEST, Anul 1996, Numar persoane, 2576
Total, Regiunea VEST, Anul 1997, Numar persoane, 2052
Total, Regiunea VEST, Anul 1998, Numar persoane, 1685
Total, Regiunea VEST, Anul 1999, Numar persoane, 1662
Total, Regiunea VEST, Anul 2000, Numar persoane, 1835
Total, Regiunea VEST, Anul 2001, Numar persoane, 1811
Total, Regiunea VEST, Anul 2002, Numar persoane, 1638
Total, Regiunea VEST, Anul 2003, Numar persoane, 1433
Total, Regiunea VEST, Anul 2004, Numar persoane, 1105
Total, Regiunea VEST, Anul 2005, Numar persoane, 808
Total, Regiunea VEST, Anul 2006, Numar persoane, 786
Total, Regiunea VEST, Anul 2007, Numar persoane, 724
Total, Regiunea VEST, Anul 2008, Numar persoane, 693
Total, Regiunea VEST, Anul 2009, Numar persoane, 621
Total, Regiunea VEST, Anul 2010, Numar persoane, 619
Total, Regiunea VEST, Anul 2011, Numar persoane, 559
Total, Regiunea VEST, Anul 2012, Numar persoane, 475
Total, Regiunea VEST, Anul 2013, Numar persoane, 486
Total, Regiunea VEST, Anul 2014, Numar persoane, 411
Total, Regiunea VEST, Anul 2015, Numar persoane, 471
Total, Regiunea VEST, Anul 2016, Numar persoane, 478
Total, Regiunea VEST, Anul 2017, Numar persoane, 480
Total, Arad, Anul 1992, Numar persoane, 130
Total, Arad, Anul 1993, Numar persoane, 118
Total, Arad, Anul 1994, Numar persoane, 124
Total, Arad, Anul 1995, Numar persoane, 88
Total, Arad, Anul 1996, Numar persoane, 74
Total, Arad, Anul 1997, Numar persoane, 104
Total, Arad, Anul 1998, Numar persoane, 109
Total, Arad, Anul 1999, Numar persoane, 109
Total, Arad, Anul 2000, Numar persoane, 96
Total, Arad, Anul 2001, Numar persoane, 97
Total, Arad, Anul 2002, Numar persoane, 82
Total, Arad, Anul 2003, Numar persoane, 78
Total, Arad, Anul 2004, Numar persoane, 126
Total, Arad, Anul 2005, Numar persoane, 120
Total, Arad, Anul 2006, Numar persoane, 119
Total, Arad, Anul 2007, Numar persoane, 116
Total, Arad, Anul 2008, Numar persoane, 114
Total, Arad, Anul 2009, Numar persoane, 73
Total, Arad, Anul 2010, Numar persoane, 82
Total, Arad, Anul 2011, Numar persoane, 70
Total, Arad, Anul 2012, Numar persoane, 86
Total, Arad, Anul 2013, Numar persoane, 83
Total, Arad, Anul 2014, Numar persoane, 50
Total, Arad, Anul 2015, Numar persoane, 72
Total, Arad, Anul 2016, Numar persoane, 83
Total, Arad, Anul 2017, Numar persoane, 93
Total, Caras-Severin, Anul 1992, Numar persoane, 236
Total, Caras-Severin, Anul 1993, Numar persoane, 198
Total, Caras-Severin, Anul 1994, Numar persoane, 187
Total, Caras-Severin, Anul 1995, Numar persoane, 180
Total, Caras-Severin, Anul 1996, Numar persoane, 182
Total, Caras-Severin, Anul 1997, Numar persoane, 165
Total, Caras-Severin, Anul 1998, Numar persoane, 118
Total, Caras-Severin, Anul 1999, Numar persoane, 126
Total, Caras-Severin, Anul 2000, Numar persoane, 118
Total, Caras-Severin, Anul 2001, Numar persoane, 76
Total, Caras-Severin, Anul 2002, Numar persoane, 75
Total, Caras-Severin, Anul 2003, Numar persoane, 71
Total, Caras-Severin, Anul 2004, Numar persoane, 86
Total, Caras-Severin, Anul 2005, Numar persoane, 49
Total, Caras-Severin, Anul 2006, Numar persoane, 65
Total, Caras-Severin, Anul 2007, Numar persoane, 25
Total, Caras-Severin, Anul 2008, Numar persoane, 24
Total, Caras-Severin, Anul 2009, Numar persoane, 31
Total, Caras-Severin, Anul 2010, Numar persoane, 33
Total, Caras-Severin, Anul 2011, Numar persoane, 38
Total, Caras-Severin, Anul 2012, Numar persoane, 11
Total, Caras-Severin, Anul 2013, Numar persoane, 31
Total, Caras-Severin, Anul 2014, Numar persoane, 32
Total, Caras-Severin, Anul 2015, Numar persoane, 33
Total, Caras-Severin, Anul 2016, Numar persoane, 44
Total, Caras-Severin, Anul 2017, Numar persoane, 53
Total, Hunedoara, Anul 1992, Numar persoane, 1773
Total, Hunedoara, Anul 1993, Numar persoane, 1986
Total, Hunedoara, Anul 1994, Numar persoane, 1936
Total, Hunedoara, Anul 1995, Numar persoane, 1790
Total, Hunedoara, Anul 1996, Numar persoane, 2224
Total, Hunedoara, Anul 1997, Numar persoane, 1664
Total, Hunedoara, Anul 1998, Numar persoane, 1341
Total, Hunedoara, Anul 1999, Numar persoane, 1304
Total, Hunedoara, Anul 2000, Numar persoane, 1484
Total, Hunedoara, Anul 2001, Numar persoane, 1524
Total, Hunedoara, Anul 2002, Numar persoane, 1345
Total, Hunedoara, Anul 2003, Numar persoane, 1131
Total, Hunedoara, Anul 2004, Numar persoane, 722
Total, Hunedoara, Anul 2005, Numar persoane, 465
Total, Hunedoara, Anul 2006, Numar persoane, 416
Total, Hunedoara, Anul 2007, Numar persoane, 402
Total, Hunedoara, Anul 2008, Numar persoane, 342
Total, Hunedoara, Anul 2009, Numar persoane, 360
Total, Hunedoara, Anul 2010, Numar persoane, 311
Total, Hunedoara, Anul 2011, Numar persoane, 268
Total, Hunedoara, Anul 2012, Numar persoane, 223
Total, Hunedoara, Anul 2013, Numar persoane, 220
Total, Hunedoara, Anul 2014, Numar persoane, 178
Total, Hunedoara, Anul 2015, Numar persoane, 207
Total, Hunedoara, Anul 2016, Numar persoane, 196
Total, Hunedoara, Anul 2017, Numar persoane, 170
Total, Timis, Anul 1992, Numar persoane, 107
Total, Timis, Anul 1993, Numar persoane, 120
Total, Timis, Anul 1994, Numar persoane, 85
Total, Timis, Anul 1995, Numar persoane, 110
Total, Timis, Anul 1996, Numar persoane, 96
Total, Timis, Anul 1997, Numar persoane, 119
Total, Timis, Anul 1998, Numar persoane, 117
Total, Timis, Anul 1999, Numar persoane, 123
Total, Timis, Anul 2000, Numar persoane, 137
Total, Timis, Anul 2001, Numar persoane, 114
Total, Timis, Anul 2002, Numar persoane, 136
Total, Timis, Anul 2003, Numar persoane, 153
Total, Timis, Anul 2004, Numar persoane, 171
Total, Timis, Anul 2005, Numar persoane, 174
Total, Timis, Anul 2006, Numar persoane, 186
Total, Timis, Anul 2007, Numar persoane, 181
Total, Timis, Anul 2008, Numar persoane, 213
Total, Timis, Anul 2009, Numar persoane, 157
Total, Timis, Anul 2010, Numar persoane, 193
Total, Timis, Anul 2011, Numar persoane, 183
Total, Timis, Anul 2012, Numar persoane, 155
Total, Timis, Anul 2013, Numar persoane, 152
Total, Timis, Anul 2014, Numar persoane, 151
Total, Timis, Anul 2015, Numar persoane, 159
Total, Timis, Anul 2016, Numar persoane, 155
Total, Timis, Anul 2017, Numar persoane, 164
