Medii de rezidenta, Sexe, Macroregiuni  regiuni de dezvoltare si judete, Ani, UM: Ani, Valoare
Total, Total, TOTAL, Anul 1990, Ani, 69.56
Total, Total, TOTAL, Anul 1991, Ani, 69.76
Total, Total, TOTAL, Anul 1992, Ani, 69.78
Total, Total, TOTAL, Anul 1993, Ani, 69.52
Total, Total, TOTAL, Anul 1994, Ani, 69.48
Total, Total, TOTAL, Anul 1995, Ani, 69.4
Total, Total, TOTAL, Anul 1996, Ani, 69.05
Total, Total, TOTAL, Anul 1997, Ani, 68.95
Total, Total, TOTAL, Anul 1998, Ani, 69.24
Total, Total, TOTAL, Anul 1999, Ani, 69.74
Total, Total, TOTAL, Anul 2000, Ani, 70.53
Total, Total, TOTAL, Anul 2001, Ani, 71.19
Total, Total, TOTAL, Anul 2002, Ani, 71.18
Total, Total, TOTAL, Anul 2003, Ani, 71.01
Total, Total, TOTAL, Anul 2004, Ani, 71.32
Total, Total, TOTAL, Anul 2005, Ani, 71.76
Total, Total, TOTAL, Anul 2006, Ani, 72.22
Total, Total, TOTAL, Anul 2007, Ani, 72.61
Total, Total, TOTAL, Anul 2008, Ani, 73.47
Total, Total, TOTAL, Anul 2009, Ani, 73.76
Total, Total, TOTAL, Anul 2010, Ani, 73.9
Total, Total, TOTAL, Anul 2011, Ani, 74.2
Total, Total, TOTAL, Anul 2012, Ani, 74.69
Total, Total, TOTAL, Anul 2013, Ani, 75.15
Total, Total, TOTAL, Anul 2014, Ani, 75.41
Total, Total, TOTAL, Anul 2015, Ani, 75.35
Total, Total, TOTAL, Anul 2016, Ani, 75.56
Total, Total, TOTAL, Anul 2017, Ani, 75.73
Total, Total, MACROREGIUNEA UNU, Anul 2000, Ani, 70.32
Total, Total, MACROREGIUNEA UNU, Anul 2005, Ani, 71.49
Total, Total, MACROREGIUNEA UNU, Anul 2006, Ani, 71.89
Total, Total, MACROREGIUNEA UNU, Anul 2007, Ani, 72.29
Total, Total, MACROREGIUNEA UNU, Anul 2008, Ani, 73.31
Total, Total, MACROREGIUNEA UNU, Anul 2009, Ani, 73.68
Total, Total, MACROREGIUNEA UNU, Anul 2010, Ani, 73.87
Total, Total, MACROREGIUNEA UNU, Anul 2011, Ani, 74.28
Total, Total, MACROREGIUNEA UNU, Anul 2012, Ani, 74.74
Total, Total, MACROREGIUNEA UNU, Anul 2013, Ani, 75.15
Total, Total, MACROREGIUNEA UNU, Anul 2014, Ani, 75.45
Total, Total, MACROREGIUNEA UNU, Anul 2015, Ani, 75.46
Total, Total, MACROREGIUNEA UNU, Anul 2016, Ani, 75.66
Total, Total, MACROREGIUNEA UNU, Anul 2017, Ani, 75.86
Total, Total, Regiunea NORD-VEST, Anul 1990, Ani, 68.75
Total, Total, Regiunea NORD-VEST, Anul 1991, Ani, 68.84
Total, Total, Regiunea NORD-VEST, Anul 1992, Ani, 68.49
Total, Total, Regiunea NORD-VEST, Anul 1993, Ani, 68.06
Total, Total, Regiunea NORD-VEST, Anul 1994, Ani, 67.91
Total, Total, Regiunea NORD-VEST, Anul 1995, Ani, 67.98
Total, Total, Regiunea NORD-VEST, Anul 1996, Ani, 68.22
Total, Total, Regiunea NORD-VEST, Anul 1997, Ani, 68.29
Total, Total, Regiunea NORD-VEST, Anul 1998, Ani, 68.34
Total, Total, Regiunea NORD-VEST, Anul 1999, Ani, 68.72
Total, Total, Regiunea NORD-VEST, Anul 2000, Ani, 69.5
Total, Total, Regiunea NORD-VEST, Anul 2001, Ani, 70.21
Total, Total, Regiunea NORD-VEST, Anul 2002, Ani, 70.2
Total, Total, Regiunea NORD-VEST, Anul 2003, Ani, 70.1
Total, Total, Regiunea NORD-VEST, Anul 2004, Ani, 70.56
Total, Total, Regiunea NORD-VEST, Anul 2005, Ani, 71
Total, Total, Regiunea NORD-VEST, Anul 2006, Ani, 71.38
Total, Total, Regiunea NORD-VEST, Anul 2007, Ani, 71.76
Total, Total, Regiunea NORD-VEST, Anul 2008, Ani, 72.87
Total, Total, Regiunea NORD-VEST, Anul 2009, Ani, 73.3
Total, Total, Regiunea NORD-VEST, Anul 2010, Ani, 73.47
Total, Total, Regiunea NORD-VEST, Anul 2011, Ani, 73.9
Total, Total, Regiunea NORD-VEST, Anul 2012, Ani, 74.36
Total, Total, Regiunea NORD-VEST, Anul 2013, Ani, 74.71
Total, Total, Regiunea NORD-VEST, Anul 2014, Ani, 75.01
Total, Total, Regiunea NORD-VEST, Anul 2015, Ani, 75.06
Total, Total, Regiunea NORD-VEST, Anul 2016, Ani, 75.27
Total, Total, Regiunea NORD-VEST, Anul 2017, Ani, 75.49
Total, Total, Bihor, Anul 1990, Ani, 68.13
Total, Total, Bihor, Anul 1991, Ani, 68.3
Total, Total, Bihor, Anul 1992, Ani, 68.1
Total, Total, Bihor, Anul 1993, Ani, 67.46
Total, Total, Bihor, Anul 1994, Ani, 67.42
Total, Total, Bihor, Anul 1995, Ani, 67.52
Total, Total, Bihor, Anul 1996, Ani, 67.37
Total, Total, Bihor, Anul 1997, Ani, 67.2
Total, Total, Bihor, Anul 1998, Ani, 67.26
Total, Total, Bihor, Anul 1999, Ani, 67.64
Total, Total, Bihor, Anul 2000, Ani, 68.47
Total, Total, Bihor, Anul 2001, Ani, 69.49
Total, Total, Bihor, Anul 2002, Ani, 69.53
Total, Total, Bihor, Anul 2003, Ani, 69.36
Total, Total, Bihor, Anul 2004, Ani, 69.88
Total, Total, Bihor, Anul 2005, Ani, 70.38
Total, Total, Bihor, Anul 2006, Ani, 70.9
Total, Total, Bihor, Anul 2007, Ani, 71.25
Total, Total, Bihor, Anul 2008, Ani, 72.39
Total, Total, Bihor, Anul 2009, Ani, 72.73
Total, Total, Bihor, Anul 2010, Ani, 72.81
Total, Total, Bihor, Anul 2011, Ani, 73.37
Total, Total, Bihor, Anul 2012, Ani, 73.88
Total, Total, Bihor, Anul 2013, Ani, 74.24
Total, Total, Bihor, Anul 2014, Ani, 74.38
Total, Total, Bihor, Anul 2015, Ani, 74.41
Total, Total, Bihor, Anul 2016, Ani, 74.73
Total, Total, Bihor, Anul 2017, Ani, 75.08
Total, Total, Bistrita-Nasaud, Anul 1990, Ani, 69.58
Total, Total, Bistrita-Nasaud, Anul 1991, Ani, 69.88
Total, Total, Bistrita-Nasaud, Anul 1992, Ani, 69.83
Total, Total, Bistrita-Nasaud, Anul 1993, Ani, 69.96
Total, Total, Bistrita-Nasaud, Anul 1994, Ani, 69.79
Total, Total, Bistrita-Nasaud, Anul 1995, Ani, 69.78
Total, Total, Bistrita-Nasaud, Anul 1996, Ani, 70.24
Total, Total, Bistrita-Nasaud, Anul 1997, Ani, 70.47
Total, Total, Bistrita-Nasaud, Anul 1998, Ani, 70.2
Total, Total, Bistrita-Nasaud, Anul 1999, Ani, 70.07
Total, Total, Bistrita-Nasaud, Anul 2000, Ani, 71
Total, Total, Bistrita-Nasaud, Anul 2001, Ani, 72.25
Total, Total, Bistrita-Nasaud, Anul 2002, Ani, 71.79
Total, Total, Bistrita-Nasaud, Anul 2003, Ani, 71.85
Total, Total, Bistrita-Nasaud, Anul 2004, Ani, 72.56
Total, Total, Bistrita-Nasaud, Anul 2005, Ani, 72.75
Total, Total, Bistrita-Nasaud, Anul 2006, Ani, 72.74
Total, Total, Bistrita-Nasaud, Anul 2007, Ani, 72.88
Total, Total, Bistrita-Nasaud, Anul 2008, Ani, 73.63
Total, Total, Bistrita-Nasaud, Anul 2009, Ani, 74.04
Total, Total, Bistrita-Nasaud, Anul 2010, Ani, 74.45
Total, Total, Bistrita-Nasaud, Anul 2011, Ani, 74.84
Total, Total, Bistrita-Nasaud, Anul 2012, Ani, 74.92
Total, Total, Bistrita-Nasaud, Anul 2013, Ani, 75.14
Total, Total, Bistrita-Nasaud, Anul 2014, Ani, 75.57
Total, Total, Bistrita-Nasaud, Anul 2015, Ani, 75.77
Total, Total, Bistrita-Nasaud, Anul 2016, Ani, 75.96
Total, Total, Bistrita-Nasaud, Anul 2017, Ani, 75.79
Total, Total, Cluj, Anul 1990, Ani, 70.1
Total, Total, Cluj, Anul 1991, Ani, 70.25
Total, Total, Cluj, Anul 1992, Ani, 70.04
Total, Total, Cluj, Anul 1993, Ani, 69.72
Total, Total, Cluj, Anul 1994, Ani, 69.76
Total, Total, Cluj, Anul 1995, Ani, 69.97
Total, Total, Cluj, Anul 1996, Ani, 70.32
Total, Total, Cluj, Anul 1997, Ani, 70.32
Total, Total, Cluj, Anul 1998, Ani, 70.08
Total, Total, Cluj, Anul 1999, Ani, 70.45
Total, Total, Cluj, Anul 2000, Ani, 71.43
Total, Total, Cluj, Anul 2001, Ani, 71.81
Total, Total, Cluj, Anul 2002, Ani, 71.75
Total, Total, Cluj, Anul 2003, Ani, 71.84
Total, Total, Cluj, Anul 2004, Ani, 72.5
Total, Total, Cluj, Anul 2005, Ani, 72.83
Total, Total, Cluj, Anul 2006, Ani, 72.86
Total, Total, Cluj, Anul 2007, Ani, 73.31
Total, Total, Cluj, Anul 2008, Ani, 74.48
Total, Total, Cluj, Anul 2009, Ani, 75.01
Total, Total, Cluj, Anul 2010, Ani, 75.31
Total, Total, Cluj, Anul 2011, Ani, 75.68
Total, Total, Cluj, Anul 2012, Ani, 76.05
Total, Total, Cluj, Anul 2013, Ani, 76.37
Total, Total, Cluj, Anul 2014, Ani, 76.66
Total, Total, Cluj, Anul 2015, Ani, 76.71
Total, Total, Cluj, Anul 2016, Ani, 76.93
Total, Total, Cluj, Anul 2017, Ani, 77.27
Total, Total, Maramures, Anul 1990, Ani, 68.62
Total, Total, Maramures, Anul 1991, Ani, 68.55
Total, Total, Maramures, Anul 1992, Ani, 67.9
Total, Total, Maramures, Anul 1993, Ani, 67.64
Total, Total, Maramures, Anul 1994, Ani, 67.77
Total, Total, Maramures, Anul 1995, Ani, 67.73
Total, Total, Maramures, Anul 1996, Ani, 67.91
Total, Total, Maramures, Anul 1997, Ani, 68.15
Total, Total, Maramures, Anul 1998, Ani, 68.42
Total, Total, Maramures, Anul 1999, Ani, 68.57
Total, Total, Maramures, Anul 2000, Ani, 69.01
Total, Total, Maramures, Anul 2001, Ani, 69.83
Total, Total, Maramures, Anul 2002, Ani, 70.07
Total, Total, Maramures, Anul 2003, Ani, 69.92
Total, Total, Maramures, Anul 2004, Ani, 70.18
Total, Total, Maramures, Anul 2005, Ani, 70.76
Total, Total, Maramures, Anul 2006, Ani, 71.17
Total, Total, Maramures, Anul 2007, Ani, 71.53
Total, Total, Maramures, Anul 2008, Ani, 72.82
Total, Total, Maramures, Anul 2009, Ani, 73.31
Total, Total, Maramures, Anul 2010, Ani, 73.3
Total, Total, Maramures, Anul 2011, Ani, 73.39
Total, Total, Maramures, Anul 2012, Ani, 74
Total, Total, Maramures, Anul 2013, Ani, 74.58
Total, Total, Maramures, Anul 2014, Ani, 74.87
Total, Total, Maramures, Anul 2015, Ani, 74.84
Total, Total, Maramures, Anul 2016, Ani, 74.68
Total, Total, Maramures, Anul 2017, Ani, 74.88
Total, Total, Satu Mare, Anul 1990, Ani, 67.14
Total, Total, Satu Mare, Anul 1991, Ani, 67.47
Total, Total, Satu Mare, Anul 1992, Ani, 66.97
Total, Total, Satu Mare, Anul 1993, Ani, 65.96
Total, Total, Satu Mare, Anul 1994, Ani, 65.49
Total, Total, Satu Mare, Anul 1995, Ani, 65.26
Total, Total, Satu Mare, Anul 1996, Ani, 65.41
Total, Total, Satu Mare, Anul 1997, Ani, 65.83
Total, Total, Satu Mare, Anul 1998, Ani, 66.17
Total, Total, Satu Mare, Anul 1999, Ani, 66.67
Total, Total, Satu Mare, Anul 2000, Ani, 67.31
Total, Total, Satu Mare, Anul 2001, Ani, 67.71
Total, Total, Satu Mare, Anul 2002, Ani, 67.72
Total, Total, Satu Mare, Anul 2003, Ani, 67.36
Total, Total, Satu Mare, Anul 2004, Ani, 67.63
Total, Total, Satu Mare, Anul 2005, Ani, 68.27
Total, Total, Satu Mare, Anul 2006, Ani, 69.03
Total, Total, Satu Mare, Anul 2007, Ani, 69.46
Total, Total, Satu Mare, Anul 2008, Ani, 70.71
Total, Total, Satu Mare, Anul 2009, Ani, 71.14
Total, Total, Satu Mare, Anul 2010, Ani, 71.33
Total, Total, Satu Mare, Anul 2011, Ani, 71.91
Total, Total, Satu Mare, Anul 2012, Ani, 72.64
Total, Total, Satu Mare, Anul 2013, Ani, 72.94
Total, Total, Satu Mare, Anul 2014, Ani, 73.09
Total, Total, Satu Mare, Anul 2015, Ani, 73.19
Total, Total, Satu Mare, Anul 2016, Ani, 73.56
Total, Total, Satu Mare, Anul 2017, Ani, 73.56
Total, Total, Salaj, Anul 1990, Ani, 68.93
Total, Total, Salaj, Anul 1991, Ani, 68.61
Total, Total, Salaj, Anul 1992, Ani, 68.07
Total, Total, Salaj, Anul 1993, Ani, 67.62
Total, Total, Salaj, Anul 1994, Ani, 67.25
Total, Total, Salaj, Anul 1995, Ani, 67.6
Total, Total, Salaj, Anul 1996, Ani, 68.09
Total, Total, Salaj, Anul 1997, Ani, 67.78
Total, Total, Salaj, Anul 1998, Ani, 67.91
Total, Total, Salaj, Anul 1999, Ani, 68.71
Total, Total, Salaj, Anul 2000, Ani, 69.51
Total, Total, Salaj, Anul 2001, Ani, 70.17
Total, Total, Salaj, Anul 2002, Ani, 70.05
Total, Total, Salaj, Anul 2003, Ani, 70.08
Total, Total, Salaj, Anul 2004, Ani, 70.31
Total, Total, Salaj, Anul 2005, Ani, 70.43
Total, Total, Salaj, Anul 2006, Ani, 71.04
Total, Total, Salaj, Anul 2007, Ani, 71.51
Total, Total, Salaj, Anul 2008, Ani, 72.25
Total, Total, Salaj, Anul 2009, Ani, 72.47
Total, Total, Salaj, Anul 2010, Ani, 72.51
Total, Total, Salaj, Anul 2011, Ani, 73.27
Total, Total, Salaj, Anul 2012, Ani, 73.68
Total, Total, Salaj, Anul 2013, Ani, 73.76
Total, Total, Salaj, Anul 2014, Ani, 74.58
Total, Total, Salaj, Anul 2015, Ani, 74.59
Total, Total, Salaj, Anul 2016, Ani, 74.9
Total, Total, Salaj, Anul 2017, Ani, 75.24
Total, Total, Regiunea CENTRU, Anul 1990, Ani, 70.59
Total, Total, Regiunea CENTRU, Anul 1991, Ani, 70.69
Total, Total, Regiunea CENTRU, Anul 1992, Ani, 70.63
Total, Total, Regiunea CENTRU, Anul 1993, Ani, 70.05
Total, Total, Regiunea CENTRU, Anul 1994, Ani, 69.99
Total, Total, Regiunea CENTRU, Anul 1995, Ani, 70.07
Total, Total, Regiunea CENTRU, Anul 1996, Ani, 69.83
Total, Total, Regiunea CENTRU, Anul 1997, Ani, 69.72
Total, Total, Regiunea CENTRU, Anul 1998, Ani, 69.9
Total, Total, Regiunea CENTRU, Anul 1999, Ani, 70.07
Total, Total, Regiunea CENTRU, Anul 2000, Ani, 70.84
Total, Total, Regiunea CENTRU, Anul 2001, Ani, 71.7
Total, Total, Regiunea CENTRU, Anul 2002, Ani, 71.66
Total, Total, Regiunea CENTRU, Anul 2003, Ani, 71.51
Total, Total, Regiunea CENTRU, Anul 2004, Ani, 71.82
Total, Total, Regiunea CENTRU, Anul 2005, Ani, 72.07
Total, Total, Regiunea CENTRU, Anul 2006, Ani, 72.48
Total, Total, Regiunea CENTRU, Anul 2007, Ani, 72.89
Total, Total, Regiunea CENTRU, Anul 2008, Ani, 73.81
Total, Total, Regiunea CENTRU, Anul 2009, Ani, 74.08
Total, Total, Regiunea CENTRU, Anul 2010, Ani, 74.31
Total, Total, Regiunea CENTRU, Anul 2011, Ani, 74.7
Total, Total, Regiunea CENTRU, Anul 2012, Ani, 75.16
Total, Total, Regiunea CENTRU, Anul 2013, Ani, 75.63
Total, Total, Regiunea CENTRU, Anul 2014, Ani, 75.94
Total, Total, Regiunea CENTRU, Anul 2015, Ani, 75.91
Total, Total, Regiunea CENTRU, Anul 2016, Ani, 76.09
Total, Total, Regiunea CENTRU, Anul 2017, Ani, 76.25
Total, Total, Alba, Anul 1990, Ani, 70.34
Total, Total, Alba, Anul 1991, Ani, 70.53
Total, Total, Alba, Anul 1992, Ani, 70.36
Total, Total, Alba, Anul 1993, Ani, 69.77
Total, Total, Alba, Anul 1994, Ani, 70.03
Total, Total, Alba, Anul 1995, Ani, 70.11
Total, Total, Alba, Anul 1996, Ani, 69.58
Total, Total, Alba, Anul 1997, Ani, 69.41
Total, Total, Alba, Anul 1998, Ani, 69.66
Total, Total, Alba, Anul 1999, Ani, 70.08
Total, Total, Alba, Anul 2000, Ani, 70.88
Total, Total, Alba, Anul 2001, Ani, 71.55
Total, Total, Alba, Anul 2002, Ani, 71.29
Total, Total, Alba, Anul 2003, Ani, 71.39
Total, Total, Alba, Anul 2004, Ani, 71.88
Total, Total, Alba, Anul 2005, Ani, 71.89
Total, Total, Alba, Anul 2006, Ani, 72.22
Total, Total, Alba, Anul 2007, Ani, 72.85
Total, Total, Alba, Anul 2008, Ani, 73.82
Total, Total, Alba, Anul 2009, Ani, 74.19
Total, Total, Alba, Anul 2010, Ani, 74.29
Total, Total, Alba, Anul 2011, Ani, 74.53
Total, Total, Alba, Anul 2012, Ani, 74.82
Total, Total, Alba, Anul 2013, Ani, 75.54
Total, Total, Alba, Anul 2014, Ani, 76.09
Total, Total, Alba, Anul 2015, Ani, 76.06
Total, Total, Alba, Anul 2016, Ani, 76.08
Total, Total, Alba, Anul 2017, Ani, 76.12
Total, Total, Brasov, Anul 1990, Ani, 70.68
Total, Total, Brasov, Anul 1991, Ani, 70.68
Total, Total, Brasov, Anul 1992, Ani, 70.88
Total, Total, Brasov, Anul 1993, Ani, 70.58
Total, Total, Brasov, Anul 1994, Ani, 70.41
Total, Total, Brasov, Anul 1995, Ani, 70.45
Total, Total, Brasov, Anul 1996, Ani, 70.3
Total, Total, Brasov, Anul 1997, Ani, 70.12
Total, Total, Brasov, Anul 1998, Ani, 70.31
Total, Total, Brasov, Anul 1999, Ani, 70.5
Total, Total, Brasov, Anul 2000, Ani, 71.24
Total, Total, Brasov, Anul 2001, Ani, 72.17
Total, Total, Brasov, Anul 2002, Ani, 72.22
Total, Total, Brasov, Anul 2003, Ani, 72.26
Total, Total, Brasov, Anul 2004, Ani, 72.8
Total, Total, Brasov, Anul 2005, Ani, 72.97
Total, Total, Brasov, Anul 2006, Ani, 73.08
Total, Total, Brasov, Anul 2007, Ani, 73.38
Total, Total, Brasov, Anul 2008, Ani, 74.41
Total, Total, Brasov, Anul 2009, Ani, 74.82
Total, Total, Brasov, Anul 2010, Ani, 75.25
Total, Total, Brasov, Anul 2011, Ani, 75.78
Total, Total, Brasov, Anul 2012, Ani, 76.1
Total, Total, Brasov, Anul 2013, Ani, 76.29
Total, Total, Brasov, Anul 2014, Ani, 76.57
Total, Total, Brasov, Anul 2015, Ani, 76.56
Total, Total, Brasov, Anul 2016, Ani, 77.02
Total, Total, Brasov, Anul 2017, Ani, 77.02
Total, Total, Covasna, Anul 1990, Ani, 70.71
Total, Total, Covasna, Anul 1991, Ani, 70.7
Total, Total, Covasna, Anul 1992, Ani, 70.41
Total, Total, Covasna, Anul 1993, Ani, 70
Total, Total, Covasna, Anul 1994, Ani, 70.07
Total, Total, Covasna, Anul 1995, Ani, 70.11
Total, Total, Covasna, Anul 1996, Ani, 69.92
Total, Total, Covasna, Anul 1997, Ani, 70.29
Total, Total, Covasna, Anul 1998, Ani, 70.61
Total, Total, Covasna, Anul 1999, Ani, 70.69
Total, Total, Covasna, Anul 2000, Ani, 71.39
Total, Total, Covasna, Anul 2001, Ani, 72.37
Total, Total, Covasna, Anul 2002, Ani, 72.48
Total, Total, Covasna, Anul 2003, Ani, 71.91
Total, Total, Covasna, Anul 2004, Ani, 71.62
Total, Total, Covasna, Anul 2005, Ani, 71.9
Total, Total, Covasna, Anul 2006, Ani, 72.57
Total, Total, Covasna, Anul 2007, Ani, 72.8
Total, Total, Covasna, Anul 2008, Ani, 73.34
Total, Total, Covasna, Anul 2009, Ani, 73.62
Total, Total, Covasna, Anul 2010, Ani, 73.7
Total, Total, Covasna, Anul 2011, Ani, 74.12
Total, Total, Covasna, Anul 2012, Ani, 74.83
Total, Total, Covasna, Anul 2013, Ani, 75.15
Total, Total, Covasna, Anul 2014, Ani, 75.07
Total, Total, Covasna, Anul 2015, Ani, 75.43
Total, Total, Covasna, Anul 2016, Ani, 75.76
Total, Total, Covasna, Anul 2017, Ani, 75.49
Total, Total, Harghita, Anul 1990, Ani, 71.04
Total, Total, Harghita, Anul 1991, Ani, 71.16
Total, Total, Harghita, Anul 1992, Ani, 70.87
Total, Total, Harghita, Anul 1993, Ani, 70.27
Total, Total, Harghita, Anul 1994, Ani, 70.09
Total, Total, Harghita, Anul 1995, Ani, 70.02
Total, Total, Harghita, Anul 1996, Ani, 69.7
Total, Total, Harghita, Anul 1997, Ani, 69.47
Total, Total, Harghita, Anul 1998, Ani, 69.96
Total, Total, Harghita, Anul 1999, Ani, 70.28
Total, Total, Harghita, Anul 2000, Ani, 71.03
Total, Total, Harghita, Anul 2001, Ani, 72.11
Total, Total, Harghita, Anul 2002, Ani, 71.69
Total, Total, Harghita, Anul 2003, Ani, 71.57
Total, Total, Harghita, Anul 2004, Ani, 71.62
Total, Total, Harghita, Anul 2005, Ani, 71.81
Total, Total, Harghita, Anul 2006, Ani, 72.3
Total, Total, Harghita, Anul 2007, Ani, 72.57
Total, Total, Harghita, Anul 2008, Ani, 73.42
Total, Total, Harghita, Anul 2009, Ani, 73.74
Total, Total, Harghita, Anul 2010, Ani, 74.04
Total, Total, Harghita, Anul 2011, Ani, 74.37
Total, Total, Harghita, Anul 2012, Ani, 74.73
Total, Total, Harghita, Anul 2013, Ani, 75.28
Total, Total, Harghita, Anul 2014, Ani, 75.74
Total, Total, Harghita, Anul 2015, Ani, 75.84
Total, Total, Harghita, Anul 2016, Ani, 76.14
Total, Total, Harghita, Anul 2017, Ani, 76.36
Total, Total, Mures, Anul 1990, Ani, 70.03
Total, Total, Mures, Anul 1991, Ani, 70.09
Total, Total, Mures, Anul 1992, Ani, 70.23
Total, Total, Mures, Anul 1993, Ani, 69.51
Total, Total, Mures, Anul 1994, Ani, 69.27
Total, Total, Mures, Anul 1995, Ani, 69.65
Total, Total, Mures, Anul 1996, Ani, 69.3
Total, Total, Mures, Anul 1997, Ani, 68.92
Total, Total, Mures, Anul 1998, Ani, 68.8
Total, Total, Mures, Anul 1999, Ani, 69.16
Total, Total, Mures, Anul 2000, Ani, 69.99
Total, Total, Mures, Anul 2001, Ani, 70.79
Total, Total, Mures, Anul 2002, Ani, 70.9
Total, Total, Mures, Anul 2003, Ani, 70.83
Total, Total, Mures, Anul 2004, Ani, 71.16
Total, Total, Mures, Anul 2005, Ani, 71.54
Total, Total, Mures, Anul 2006, Ani, 72.07
Total, Total, Mures, Anul 2007, Ani, 72.47
Total, Total, Mures, Anul 2008, Ani, 73.29
Total, Total, Mures, Anul 2009, Ani, 73.59
Total, Total, Mures, Anul 2010, Ani, 73.58
Total, Total, Mures, Anul 2011, Ani, 73.89
Total, Total, Mures, Anul 2012, Ani, 74.38
Total, Total, Mures, Anul 2013, Ani, 75.16
Total, Total, Mures, Anul 2014, Ani, 75.57
Total, Total, Mures, Anul 2015, Ani, 75.19
Total, Total, Mures, Anul 2016, Ani, 75.22
Total, Total, Mures, Anul 2017, Ani, 75.64
Total, Total, Sibiu, Anul 1990, Ani, 70.75
Total, Total, Sibiu, Anul 1991, Ani, 70.97
Total, Total, Sibiu, Anul 1992, Ani, 71.05
Total, Total, Sibiu, Anul 1993, Ani, 70.18
Total, Total, Sibiu, Anul 1994, Ani, 70.08
Total, Total, Sibiu, Anul 1995, Ani, 70.1
Total, Total, Sibiu, Anul 1996, Ani, 70.17
Total, Total, Sibiu, Anul 1997, Ani, 70.12
Total, Total, Sibiu, Anul 1998, Ani, 70.07
Total, Total, Sibiu, Anul 1999, Ani, 70.24
Total, Total, Sibiu, Anul 2000, Ani, 70.97
Total, Total, Sibiu, Anul 2001, Ani, 71.77
Total, Total, Sibiu, Anul 2002, Ani, 71.81
Total, Total, Sibiu, Anul 2003, Ani, 71.31
Total, Total, Sibiu, Anul 2004, Ani, 71.73
Total, Total, Sibiu, Anul 2005, Ani, 72.14
Total, Total, Sibiu, Anul 2006, Ani, 72.48
Total, Total, Sibiu, Anul 2007, Ani, 73.09
Total, Total, Sibiu, Anul 2008, Ani, 74.36
Total, Total, Sibiu, Anul 2009, Ani, 74.24
Total, Total, Sibiu, Anul 2010, Ani, 74.68
Total, Total, Sibiu, Anul 2011, Ani, 75.16
Total, Total, Sibiu, Anul 2012, Ani, 75.76
Total, Total, Sibiu, Anul 2013, Ani, 75.96
Total, Total, Sibiu, Anul 2014, Ani, 76.07
Total, Total, Sibiu, Anul 2015, Ani, 76.18
Total, Total, Sibiu, Anul 2016, Ani, 76.2
Total, Total, Sibiu, Anul 2017, Ani, 76.58
Total, Total, MACROREGIUNEA DOI, Anul 2000, Ani, 70.64
Total, Total, MACROREGIUNEA DOI, Anul 2005, Ani, 71.74
Total, Total, MACROREGIUNEA DOI, Anul 2006, Ani, 72.37
Total, Total, MACROREGIUNEA DOI, Anul 2007, Ani, 72.72
Total, Total, MACROREGIUNEA DOI, Anul 2008, Ani, 73.38
Total, Total, MACROREGIUNEA DOI, Anul 2009, Ani, 73.58
Total, Total, MACROREGIUNEA DOI, Anul 2010, Ani, 73.6
Total, Total, MACROREGIUNEA DOI, Anul 2011, Ani, 73.8
Total, Total, MACROREGIUNEA DOI, Anul 2012, Ani, 74.33
Total, Total, MACROREGIUNEA DOI, Anul 2013, Ani, 74.81
Total, Total, MACROREGIUNEA DOI, Anul 2014, Ani, 75.01
Total, Total, MACROREGIUNEA DOI, Anul 2015, Ani, 74.95
Total, Total, MACROREGIUNEA DOI, Anul 2016, Ani, 75.2
Total, Total, MACROREGIUNEA DOI, Anul 2017, Ani, 75.32
Total, Total, Regiunea NORD-EST, Anul 1990, Ani, 70.32
Total, Total, Regiunea NORD-EST, Anul 1991, Ani, 70.34
Total, Total, Regiunea NORD-EST, Anul 1992, Ani, 70.2
Total, Total, Regiunea NORD-EST, Anul 1993, Ani, 70.06
Total, Total, Regiunea NORD-EST, Anul 1994, Ani, 69.92
Total, Total, Regiunea NORD-EST, Anul 1995, Ani, 69.56
Total, Total, Regiunea NORD-EST, Anul 1996, Ani, 69.01
Total, Total, Regiunea NORD-EST, Anul 1997, Ani, 68.85
Total, Total, Regiunea NORD-EST, Anul 1998, Ani, 69.32
Total, Total, Regiunea NORD-EST, Anul 1999, Ani, 70.1
Total, Total, Regiunea NORD-EST, Anul 2000, Ani, 70.78
Total, Total, Regiunea NORD-EST, Anul 2001, Ani, 71.19
Total, Total, Regiunea NORD-EST, Anul 2002, Ani, 71.19
Total, Total, Regiunea NORD-EST, Anul 2003, Ani, 70.92
Total, Total, Regiunea NORD-EST, Anul 2004, Ani, 71.13
Total, Total, Regiunea NORD-EST, Anul 2005, Ani, 71.8
Total, Total, Regiunea NORD-EST, Anul 2006, Ani, 72.39
Total, Total, Regiunea NORD-EST, Anul 2007, Ani, 72.78
Total, Total, Regiunea NORD-EST, Anul 2008, Ani, 73.5
Total, Total, Regiunea NORD-EST, Anul 2009, Ani, 73.74
Total, Total, Regiunea NORD-EST, Anul 2010, Ani, 73.61
Total, Total, Regiunea NORD-EST, Anul 2011, Ani, 73.75
Total, Total, Regiunea NORD-EST, Anul 2012, Ani, 74.41
Total, Total, Regiunea NORD-EST, Anul 2013, Ani, 74.91
Total, Total, Regiunea NORD-EST, Anul 2014, Ani, 75.09
Total, Total, Regiunea NORD-EST, Anul 2015, Ani, 74.99
Total, Total, Regiunea NORD-EST, Anul 2016, Ani, 75.22
Total, Total, Regiunea NORD-EST, Anul 2017, Ani, 75.43
Total, Total, Bacau, Anul 1990, Ani, 69.87
Total, Total, Bacau, Anul 1991, Ani, 70.21
Total, Total, Bacau, Anul 1992, Ani, 70.14
Total, Total, Bacau, Anul 1993, Ani, 70.07
Total, Total, Bacau, Anul 1994, Ani, 70.1
Total, Total, Bacau, Anul 1995, Ani, 69.63
Total, Total, Bacau, Anul 1996, Ani, 69
Total, Total, Bacau, Anul 1997, Ani, 69.05
Total, Total, Bacau, Anul 1998, Ani, 69.63
Total, Total, Bacau, Anul 1999, Ani, 69.9
Total, Total, Bacau, Anul 2000, Ani, 70.39
Total, Total, Bacau, Anul 2001, Ani, 70.58
Total, Total, Bacau, Anul 2002, Ani, 70.35
Total, Total, Bacau, Anul 2003, Ani, 70.1
Total, Total, Bacau, Anul 2004, Ani, 70.33
Total, Total, Bacau, Anul 2005, Ani, 71.01
Total, Total, Bacau, Anul 2006, Ani, 71.52
Total, Total, Bacau, Anul 2007, Ani, 71.93
Total, Total, Bacau, Anul 2008, Ani, 72.73
Total, Total, Bacau, Anul 2009, Ani, 72.81
Total, Total, Bacau, Anul 2010, Ani, 72.78
Total, Total, Bacau, Anul 2011, Ani, 72.96
Total, Total, Bacau, Anul 2012, Ani, 73.53
Total, Total, Bacau, Anul 2013, Ani, 74.11
Total, Total, Bacau, Anul 2014, Ani, 74.15
Total, Total, Bacau, Anul 2015, Ani, 74.12
Total, Total, Bacau, Anul 2016, Ani, 74.54
Total, Total, Bacau, Anul 2017, Ani, 74.51
Total, Total, Botosani, Anul 1990, Ani, 69.16
Total, Total, Botosani, Anul 1991, Ani, 69.16
Total, Total, Botosani, Anul 1992, Ani, 68.81
Total, Total, Botosani, Anul 1993, Ani, 68.71
Total, Total, Botosani, Anul 1994, Ani, 68.89
Total, Total, Botosani, Anul 1995, Ani, 68.48
Total, Total, Botosani, Anul 1996, Ani, 67.73
Total, Total, Botosani, Anul 1997, Ani, 67.51
Total, Total, Botosani, Anul 1998, Ani, 67.96
Total, Total, Botosani, Anul 1999, Ani, 69.01
Total, Total, Botosani, Anul 2000, Ani, 69.97
Total, Total, Botosani, Anul 2001, Ani, 70.45
Total, Total, Botosani, Anul 2002, Ani, 70.33
Total, Total, Botosani, Anul 2003, Ani, 70.11
Total, Total, Botosani, Anul 2004, Ani, 70.54
Total, Total, Botosani, Anul 2005, Ani, 71.18
Total, Total, Botosani, Anul 2006, Ani, 71.64
Total, Total, Botosani, Anul 2007, Ani, 71.89
Total, Total, Botosani, Anul 2008, Ani, 72.67
Total, Total, Botosani, Anul 2009, Ani, 73.08
Total, Total, Botosani, Anul 2010, Ani, 72.95
Total, Total, Botosani, Anul 2011, Ani, 73.07
Total, Total, Botosani, Anul 2012, Ani, 73.68
Total, Total, Botosani, Anul 2013, Ani, 74
Total, Total, Botosani, Anul 2014, Ani, 74.42
Total, Total, Botosani, Anul 2015, Ani, 74.27
Total, Total, Botosani, Anul 2016, Ani, 74.23
Total, Total, Botosani, Anul 2017, Ani, 74.51
Total, Total, Iasi, Anul 1990, Ani, 70.42
Total, Total, Iasi, Anul 1991, Ani, 70.67
Total, Total, Iasi, Anul 1992, Ani, 70.61
Total, Total, Iasi, Anul 1993, Ani, 70.18
Total, Total, Iasi, Anul 1994, Ani, 69.66
Total, Total, Iasi, Anul 1995, Ani, 69.26
Total, Total, Iasi, Anul 1996, Ani, 68.64
Total, Total, Iasi, Anul 1997, Ani, 68.44
Total, Total, Iasi, Anul 1998, Ani, 69.08
Total, Total, Iasi, Anul 1999, Ani, 70.11
Total, Total, Iasi, Anul 2000, Ani, 70.93
Total, Total, Iasi, Anul 2001, Ani, 71.33
Total, Total, Iasi, Anul 2002, Ani, 71.4
Total, Total, Iasi, Anul 2003, Ani, 70.97
Total, Total, Iasi, Anul 2004, Ani, 71.16
Total, Total, Iasi, Anul 2005, Ani, 71.88
Total, Total, Iasi, Anul 2006, Ani, 72.63
Total, Total, Iasi, Anul 2007, Ani, 73.13
Total, Total, Iasi, Anul 2008, Ani, 74.02
Total, Total, Iasi, Anul 2009, Ani, 74.29
Total, Total, Iasi, Anul 2010, Ani, 74.15
Total, Total, Iasi, Anul 2011, Ani, 74.11
Total, Total, Iasi, Anul 2012, Ani, 74.67
Total, Total, Iasi, Anul 2013, Ani, 75.41
Total, Total, Iasi, Anul 2014, Ani, 75.8
Total, Total, Iasi, Anul 2015, Ani, 75.51
Total, Total, Iasi, Anul 2016, Ani, 75.65
Total, Total, Iasi, Anul 2017, Ani, 76.11
Total, Total, Neamt, Anul 1990, Ani, 70.87
Total, Total, Neamt, Anul 1991, Ani, 70.69
Total, Total, Neamt, Anul 1992, Ani, 70.54
Total, Total, Neamt, Anul 1993, Ani, 70.23
Total, Total, Neamt, Anul 1994, Ani, 70.54
Total, Total, Neamt, Anul 1995, Ani, 70.56
Total, Total, Neamt, Anul 1996, Ani, 69.81
Total, Total, Neamt, Anul 1997, Ani, 69.6
Total, Total, Neamt, Anul 1998, Ani, 69.92
Total, Total, Neamt, Anul 1999, Ani, 70.22
Total, Total, Neamt, Anul 2000, Ani, 70.64
Total, Total, Neamt, Anul 2001, Ani, 71.11
Total, Total, Neamt, Anul 2002, Ani, 71.18
Total, Total, Neamt, Anul 2003, Ani, 71.01
Total, Total, Neamt, Anul 2004, Ani, 71.26
Total, Total, Neamt, Anul 2005, Ani, 72.01
Total, Total, Neamt, Anul 2006, Ani, 72.69
Total, Total, Neamt, Anul 2007, Ani, 73.21
Total, Total, Neamt, Anul 2008, Ani, 73.91
Total, Total, Neamt, Anul 2009, Ani, 73.89
Total, Total, Neamt, Anul 2010, Ani, 73.95
Total, Total, Neamt, Anul 2011, Ani, 74.29
Total, Total, Neamt, Anul 2012, Ani, 74.82
Total, Total, Neamt, Anul 2013, Ani, 75.16
Total, Total, Neamt, Anul 2014, Ani, 75.27
Total, Total, Neamt, Anul 2015, Ani, 75.28
Total, Total, Neamt, Anul 2016, Ani, 75.58
Total, Total, Neamt, Anul 2017, Ani, 75.75
Total, Total, Suceava, Anul 1990, Ani, 70.99
Total, Total, Suceava, Anul 1991, Ani, 70.84
Total, Total, Suceava, Anul 1992, Ani, 70.53
Total, Total, Suceava, Anul 1993, Ani, 70.44
Total, Total, Suceava, Anul 1994, Ani, 70.41
Total, Total, Suceava, Anul 1995, Ani, 70.18
Total, Total, Suceava, Anul 1996, Ani, 69.93
Total, Total, Suceava, Anul 1997, Ani, 69.9
Total, Total, Suceava, Anul 1998, Ani, 70.2
Total, Total, Suceava, Anul 1999, Ani, 70.73
Total, Total, Suceava, Anul 2000, Ani, 71.55
Total, Total, Suceava, Anul 2001, Ani, 72.26
Total, Total, Suceava, Anul 2002, Ani, 72.55
Total, Total, Suceava, Anul 2003, Ani, 72.38
Total, Total, Suceava, Anul 2004, Ani, 72.44
Total, Total, Suceava, Anul 2005, Ani, 72.95
Total, Total, Suceava, Anul 2006, Ani, 73.33
Total, Total, Suceava, Anul 2007, Ani, 73.48
Total, Total, Suceava, Anul 2008, Ani, 74.06
Total, Total, Suceava, Anul 2009, Ani, 74.54
Total, Total, Suceava, Anul 2010, Ani, 74.62
Total, Total, Suceava, Anul 2011, Ani, 74.81
Total, Total, Suceava, Anul 2012, Ani, 75.42
Total, Total, Suceava, Anul 2013, Ani, 75.88
Total, Total, Suceava, Anul 2014, Ani, 75.92
Total, Total, Suceava, Anul 2015, Ani, 75.73
Total, Total, Suceava, Anul 2016, Ani, 76.05
Total, Total, Suceava, Anul 2017, Ani, 76.47
Total, Total, Vaslui, Anul 1990, Ani, 70.58
Total, Total, Vaslui, Anul 1991, Ani, 70.49
Total, Total, Vaslui, Anul 1992, Ani, 70.54
Total, Total, Vaslui, Anul 1993, Ani, 70.75
Total, Total, Vaslui, Anul 1994, Ani, 69.94
Total, Total, Vaslui, Anul 1995, Ani, 69.26
Total, Total, Vaslui, Anul 1996, Ani, 68.96
Total, Total, Vaslui, Anul 1997, Ani, 68.59
Total, Total, Vaslui, Anul 1998, Ani, 69.13
Total, Total, Vaslui, Anul 1999, Ani, 70.33
Total, Total, Vaslui, Anul 2000, Ani, 70.96
Total, Total, Vaslui, Anul 2001, Ani, 71.13
Total, Total, Vaslui, Anul 2002, Ani, 71.05
Total, Total, Vaslui, Anul 2003, Ani, 70.77
Total, Total, Vaslui, Anul 2004, Ani, 70.8
Total, Total, Vaslui, Anul 2005, Ani, 71.5
Total, Total, Vaslui, Anul 2006, Ani, 72.31
Total, Total, Vaslui, Anul 2007, Ani, 72.86
Total, Total, Vaslui, Anul 2008, Ani, 73.38
Total, Total, Vaslui, Anul 2009, Ani, 73.62
Total, Total, Vaslui, Anul 2010, Ani, 72.84
Total, Total, Vaslui, Anul 2011, Ani, 72.8
Total, Total, Vaslui, Anul 2012, Ani, 74.02
Total, Total, Vaslui, Anul 2013, Ani, 74.43
Total, Total, Vaslui, Anul 2014, Ani, 74.53
Total, Total, Vaslui, Anul 2015, Ani, 74.59
Total, Total, Vaslui, Anul 2016, Ani, 74.74
Total, Total, Vaslui, Anul 2017, Ani, 74.61
Total, Total, Regiunea SUD-EST, Anul 1990, Ani, 69.48
Total, Total, Regiunea SUD-EST, Anul 1991, Ani, 69.59
Total, Total, Regiunea SUD-EST, Anul 1992, Ani, 69.7
Total, Total, Regiunea SUD-EST, Anul 1993, Ani, 69.81
Total, Total, Regiunea SUD-EST, Anul 1994, Ani, 69.64
Total, Total, Regiunea SUD-EST, Anul 1995, Ani, 69.25
Total, Total, Regiunea SUD-EST, Anul 1996, Ani, 68.72
Total, Total, Regiunea SUD-EST, Anul 1997, Ani, 68.73
Total, Total, Regiunea SUD-EST, Anul 1998, Ani, 69.19
Total, Total, Regiunea SUD-EST, Anul 1999, Ani, 69.61
Total, Total, Regiunea SUD-EST, Anul 2000, Ani, 70.26
Total, Total, Regiunea SUD-EST, Anul 2001, Ani, 70.82
Total, Total, Regiunea SUD-EST, Anul 2002, Ani, 70.79
Total, Total, Regiunea SUD-EST, Anul 2003, Ani, 70.68
Total, Total, Regiunea SUD-EST, Anul 2004, Ani, 71.01
Total, Total, Regiunea SUD-EST, Anul 2005, Ani, 71.69
Total, Total, Regiunea SUD-EST, Anul 2006, Ani, 72.35
Total, Total, Regiunea SUD-EST, Anul 2007, Ani, 72.66
Total, Total, Regiunea SUD-EST, Anul 2008, Ani, 73.25
Total, Total, Regiunea SUD-EST, Anul 2009, Ani, 73.39
Total, Total, Regiunea SUD-EST, Anul 2010, Ani, 73.58
Total, Total, Regiunea SUD-EST, Anul 2011, Ani, 73.88
Total, Total, Regiunea SUD-EST, Anul 2012, Ani, 74.24
Total, Total, Regiunea SUD-EST, Anul 2013, Ani, 74.68
Total, Total, Regiunea SUD-EST, Anul 2014, Ani, 74.91
Total, Total, Regiunea SUD-EST, Anul 2015, Ani, 74.9
Total, Total, Regiunea SUD-EST, Anul 2016, Ani, 75.16
Total, Total, Regiunea SUD-EST, Anul 2017, Ani, 75.17
Total, Total, Braila, Anul 1990, Ani, 70.52
Total, Total, Braila, Anul 1991, Ani, 70.14
Total, Total, Braila, Anul 1992, Ani, 70.38
Total, Total, Braila, Anul 1993, Ani, 70.66
Total, Total, Braila, Anul 1994, Ani, 70.57
Total, Total, Braila, Anul 1995, Ani, 70.25
Total, Total, Braila, Anul 1996, Ani, 69.25
Total, Total, Braila, Anul 1997, Ani, 69.18
Total, Total, Braila, Anul 1998, Ani, 69.81
Total, Total, Braila, Anul 1999, Ani, 70.1
Total, Total, Braila, Anul 2000, Ani, 70.65
Total, Total, Braila, Anul 2001, Ani, 71.32
Total, Total, Braila, Anul 2002, Ani, 71.38
Total, Total, Braila, Anul 2003, Ani, 71.15
Total, Total, Braila, Anul 2004, Ani, 71.28
Total, Total, Braila, Anul 2005, Ani, 71.61
Total, Total, Braila, Anul 2006, Ani, 72.73
Total, Total, Braila, Anul 2007, Ani, 72.92
Total, Total, Braila, Anul 2008, Ani, 73.37
Total, Total, Braila, Anul 2009, Ani, 73.61
Total, Total, Braila, Anul 2010, Ani, 73.84
Total, Total, Braila, Anul 2011, Ani, 74.03
Total, Total, Braila, Anul 2012, Ani, 73.94
Total, Total, Braila, Anul 2013, Ani, 74.44
Total, Total, Braila, Anul 2014, Ani, 74.65
Total, Total, Braila, Anul 2015, Ani, 74.62
Total, Total, Braila, Anul 2016, Ani, 75.29
Total, Total, Braila, Anul 2017, Ani, 75.22
Total, Total, Buzau, Anul 1990, Ani, 70.81
Total, Total, Buzau, Anul 1991, Ani, 70.85
Total, Total, Buzau, Anul 1992, Ani, 70.62
Total, Total, Buzau, Anul 1993, Ani, 71.07
Total, Total, Buzau, Anul 1994, Ani, 71.12
Total, Total, Buzau, Anul 1995, Ani, 70.74
Total, Total, Buzau, Anul 1996, Ani, 70.25
Total, Total, Buzau, Anul 1997, Ani, 69.86
Total, Total, Buzau, Anul 1998, Ani, 70.46
Total, Total, Buzau, Anul 1999, Ani, 70.9
Total, Total, Buzau, Anul 2000, Ani, 71.46
Total, Total, Buzau, Anul 2001, Ani, 72.2
Total, Total, Buzau, Anul 2002, Ani, 71.84
Total, Total, Buzau, Anul 2003, Ani, 71.61
Total, Total, Buzau, Anul 2004, Ani, 71.77
Total, Total, Buzau, Anul 2005, Ani, 72.38
Total, Total, Buzau, Anul 2006, Ani, 72.76
Total, Total, Buzau, Anul 2007, Ani, 73.21
Total, Total, Buzau, Anul 2008, Ani, 73.88
Total, Total, Buzau, Anul 2009, Ani, 73.81
Total, Total, Buzau, Anul 2010, Ani, 73.91
Total, Total, Buzau, Anul 2011, Ani, 74.06
Total, Total, Buzau, Anul 2012, Ani, 74.62
Total, Total, Buzau, Anul 2013, Ani, 75.09
Total, Total, Buzau, Anul 2014, Ani, 75.08
Total, Total, Buzau, Anul 2015, Ani, 75.04
Total, Total, Buzau, Anul 2016, Ani, 75.29
Total, Total, Buzau, Anul 2017, Ani, 75.27
Total, Total, Constanta, Anul 1990, Ani, 67.11
Total, Total, Constanta, Anul 1991, Ani, 67.84
Total, Total, Constanta, Anul 1992, Ani, 68.27
Total, Total, Constanta, Anul 1993, Ani, 68.12
Total, Total, Constanta, Anul 1994, Ani, 67.94
Total, Total, Constanta, Anul 1995, Ani, 67.6
Total, Total, Constanta, Anul 1996, Ani, 67.23
Total, Total, Constanta, Anul 1997, Ani, 67.46
Total, Total, Constanta, Anul 1998, Ani, 67.86
Total, Total, Constanta, Anul 1999, Ani, 68.27
Total, Total, Constanta, Anul 2000, Ani, 68.82
Total, Total, Constanta, Anul 2001, Ani, 69.65
Total, Total, Constanta, Anul 2002, Ani, 69.87
Total, Total, Constanta, Anul 2003, Ani, 69.74
Total, Total, Constanta, Anul 2004, Ani, 70.27
Total, Total, Constanta, Anul 2005, Ani, 71.02
Total, Total, Constanta, Anul 2006, Ani, 71.58
Total, Total, Constanta, Anul 2007, Ani, 71.83
Total, Total, Constanta, Anul 2008, Ani, 72.81
Total, Total, Constanta, Anul 2009, Ani, 73.17
Total, Total, Constanta, Anul 2010, Ani, 73.38
Total, Total, Constanta, Anul 2011, Ani, 73.72
Total, Total, Constanta, Anul 2012, Ani, 74.17
Total, Total, Constanta, Anul 2013, Ani, 74.67
Total, Total, Constanta, Anul 2014, Ani, 75.09
Total, Total, Constanta, Anul 2015, Ani, 74.84
Total, Total, Constanta, Anul 2016, Ani, 74.99
Total, Total, Constanta, Anul 2017, Ani, 75.35
Total, Total, Galati, Anul 1990, Ani, 70.22
Total, Total, Galati, Anul 1991, Ani, 70.31
Total, Total, Galati, Anul 1992, Ani, 70.6
Total, Total, Galati, Anul 1993, Ani, 70.23
Total, Total, Galati, Anul 1994, Ani, 69.77
Total, Total, Galati, Anul 1995, Ani, 69.17
Total, Total, Galati, Anul 1996, Ani, 68.78
Total, Total, Galati, Anul 1997, Ani, 69.22
Total, Total, Galati, Anul 1998, Ani, 69.48
Total, Total, Galati, Anul 1999, Ani, 69.78
Total, Total, Galati, Anul 2000, Ani, 70.77
Total, Total, Galati, Anul 2001, Ani, 71.43
Total, Total, Galati, Anul 2002, Ani, 71.33
Total, Total, Galati, Anul 2003, Ani, 70.85
Total, Total, Galati, Anul 2004, Ani, 71.03
Total, Total, Galati, Anul 2005, Ani, 71.67
Total, Total, Galati, Anul 2006, Ani, 72.27
Total, Total, Galati, Anul 2007, Ani, 72.61
Total, Total, Galati, Anul 2008, Ani, 73.21
Total, Total, Galati, Anul 2009, Ani, 73.37
Total, Total, Galati, Anul 2010, Ani, 73.63
Total, Total, Galati, Anul 2011, Ani, 74.07
Total, Total, Galati, Anul 2012, Ani, 74.46
Total, Total, Galati, Anul 2013, Ani, 74.65
Total, Total, Galati, Anul 2014, Ani, 74.89
Total, Total, Galati, Anul 2015, Ani, 75.21
Total, Total, Galati, Anul 2016, Ani, 75.53
Total, Total, Galati, Anul 2017, Ani, 75.18
Total, Total, Tulcea, Anul 1990, Ani, 67.24
Total, Total, Tulcea, Anul 1991, Ani, 67.36
Total, Total, Tulcea, Anul 1992, Ani, 67.44
Total, Total, Tulcea, Anul 1993, Ani, 67.95
Total, Total, Tulcea, Anul 1994, Ani, 67.58
Total, Total, Tulcea, Anul 1995, Ani, 67.37
Total, Total, Tulcea, Anul 1996, Ani, 66.97
Total, Total, Tulcea, Anul 1997, Ani, 66.72
Total, Total, Tulcea, Anul 1998, Ani, 67.15
Total, Total, Tulcea, Anul 1999, Ani, 67.63
Total, Total, Tulcea, Anul 2000, Ani, 68.2
Total, Total, Tulcea, Anul 2001, Ani, 68.67
Total, Total, Tulcea, Anul 2002, Ani, 68.7
Total, Total, Tulcea, Anul 2003, Ani, 68.8
Total, Total, Tulcea, Anul 2004, Ani, 69.14
Total, Total, Tulcea, Anul 2005, Ani, 70.37
Total, Total, Tulcea, Anul 2006, Ani, 71.61
Total, Total, Tulcea, Anul 2007, Ani, 71.86
Total, Total, Tulcea, Anul 2008, Ani, 72.25
Total, Total, Tulcea, Anul 2009, Ani, 72.13
Total, Total, Tulcea, Anul 2010, Ani, 71.86
Total, Total, Tulcea, Anul 2011, Ani, 71.94
Total, Total, Tulcea, Anul 2012, Ani, 72.2
Total, Total, Tulcea, Anul 2013, Ani, 72.91
Total, Total, Tulcea, Anul 2014, Ani, 73.59
Total, Total, Tulcea, Anul 2015, Ani, 73.52
Total, Total, Tulcea, Anul 2016, Ani, 73.51
Total, Total, Tulcea, Anul 2017, Ani, 73.51
Total, Total, Vrancea, Anul 1990, Ani, 70.97
Total, Total, Vrancea, Anul 1991, Ani, 71.02
Total, Total, Vrancea, Anul 1992, Ani, 70.86
Total, Total, Vrancea, Anul 1993, Ani, 70.85
Total, Total, Vrancea, Anul 1994, Ani, 70.86
Total, Total, Vrancea, Anul 1995, Ani, 70.34
Total, Total, Vrancea, Anul 1996, Ani, 69.82
Total, Total, Vrancea, Anul 1997, Ani, 69.91
Total, Total, Vrancea, Anul 1998, Ani, 70.36
Total, Total, Vrancea, Anul 1999, Ani, 71.01
Total, Total, Vrancea, Anul 2000, Ani, 71.55
Total, Total, Vrancea, Anul 2001, Ani, 71.47
Total, Total, Vrancea, Anul 2002, Ani, 71.33
Total, Total, Vrancea, Anul 2003, Ani, 71.66
Total, Total, Vrancea, Anul 2004, Ani, 72.24
Total, Total, Vrancea, Anul 2005, Ani, 72.83
Total, Total, Vrancea, Anul 2006, Ani, 73.38
Total, Total, Vrancea, Anul 2007, Ani, 73.72
Total, Total, Vrancea, Anul 2008, Ani, 73.9
Total, Total, Vrancea, Anul 2009, Ani, 73.97
Total, Total, Vrancea, Anul 2010, Ani, 74.35
Total, Total, Vrancea, Anul 2011, Ani, 74.71
Total, Total, Vrancea, Anul 2012, Ani, 75.15
Total, Total, Vrancea, Anul 2013, Ani, 75.55
Total, Total, Vrancea, Anul 2014, Ani, 75.49
Total, Total, Vrancea, Anul 2015, Ani, 75.54
Total, Total, Vrancea, Anul 2016, Ani, 75.84
Total, Total, Vrancea, Anul 2017, Ani, 75.74
Total, Total, MACROREGIUNEA TREI, Anul 2000, Ani, 71.54
Total, Total, MACROREGIUNEA TREI, Anul 2005, Ani, 72.44
Total, Total, MACROREGIUNEA TREI, Anul 2006, Ani, 72.8
Total, Total, MACROREGIUNEA TREI, Anul 2007, Ani, 73.14
Total, Total, MACROREGIUNEA TREI, Anul 2008, Ani, 74.12
Total, Total, MACROREGIUNEA TREI, Anul 2009, Ani, 74.38
Total, Total, MACROREGIUNEA TREI, Anul 2010, Ani, 74.57
Total, Total, MACROREGIUNEA TREI, Anul 2011, Ani, 74.85
Total, Total, MACROREGIUNEA TREI, Anul 2012, Ani, 75.29
Total, Total, MACROREGIUNEA TREI, Anul 2013, Ani, 75.69
Total, Total, MACROREGIUNEA TREI, Anul 2014, Ani, 75.96
Total, Total, MACROREGIUNEA TREI, Anul 2015, Ani, 75.97
Total, Total, MACROREGIUNEA TREI, Anul 2016, Ani, 76.08
Total, Total, MACROREGIUNEA TREI, Anul 2017, Ani, 76.19
Total, Total, Regiunea SUD-MUNTENIA, Anul 1990, Ani, 69.21
Total, Total, Regiunea SUD-MUNTENIA, Anul 1991, Ani, 69.33
Total, Total, Regiunea SUD-MUNTENIA, Anul 1992, Ani, 69.33
Total, Total, Regiunea SUD-MUNTENIA, Anul 1993, Ani, 69.3
Total, Total, Regiunea SUD-MUNTENIA, Anul 1994, Ani, 69.42
Total, Total, Regiunea SUD-MUNTENIA, Anul 1995, Ani, 69.39
Total, Total, Regiunea SUD-MUNTENIA, Anul 1996, Ani, 68.69
Total, Total, Regiunea SUD-MUNTENIA, Anul 1997, Ani, 68.54
Total, Total, Regiunea SUD-MUNTENIA, Anul 1998, Ani, 68.86
Total, Total, Regiunea SUD-MUNTENIA, Anul 1999, Ani, 69.63
Total, Total, Regiunea SUD-MUNTENIA, Anul 2000, Ani, 70.6
Total, Total, Regiunea SUD-MUNTENIA, Anul 2001, Ani, 71.26
Total, Total, Regiunea SUD-MUNTENIA, Anul 2002, Ani, 71.11
Total, Total, Regiunea SUD-MUNTENIA, Anul 2003, Ani, 70.91
Total, Total, Regiunea SUD-MUNTENIA, Anul 2004, Ani, 71.13
Total, Total, Regiunea SUD-MUNTENIA, Anul 2005, Ani, 71.59
Total, Total, Regiunea SUD-MUNTENIA, Anul 2006, Ani, 72.07
Total, Total, Regiunea SUD-MUNTENIA, Anul 2007, Ani, 72.5
Total, Total, Regiunea SUD-MUNTENIA, Anul 2008, Ani, 73.19
Total, Total, Regiunea SUD-MUNTENIA, Anul 2009, Ani, 73.3
Total, Total, Regiunea SUD-MUNTENIA, Anul 2010, Ani, 73.35
Total, Total, Regiunea SUD-MUNTENIA, Anul 2011, Ani, 73.69
Total, Total, Regiunea SUD-MUNTENIA, Anul 2012, Ani, 74.21
Total, Total, Regiunea SUD-MUNTENIA, Anul 2013, Ani, 74.7
Total, Total, Regiunea SUD-MUNTENIA, Anul 2014, Ani, 74.96
Total, Total, Regiunea SUD-MUNTENIA, Anul 2015, Ani, 74.97
Total, Total, Regiunea SUD-MUNTENIA, Anul 2016, Ani, 75.15
Total, Total, Regiunea SUD-MUNTENIA, Anul 2017, Ani, 75.24
Total, Total, Arges, Anul 1990, Ani, 70.21
Total, Total, Arges, Anul 1991, Ani, 70.61
Total, Total, Arges, Anul 1992, Ani, 70.39
Total, Total, Arges, Anul 1993, Ani, 70.35
Total, Total, Arges, Anul 1994, Ani, 70.6
Total, Total, Arges, Anul 1995, Ani, 70.75
Total, Total, Arges, Anul 1996, Ani, 70.43
Total, Total, Arges, Anul 1997, Ani, 70.24
Total, Total, Arges, Anul 1998, Ani, 70.51
Total, Total, Arges, Anul 1999, Ani, 70.89
Total, Total, Arges, Anul 2000, Ani, 71.4
Total, Total, Arges, Anul 2001, Ani, 71.64
Total, Total, Arges, Anul 2002, Ani, 71.66
Total, Total, Arges, Anul 2003, Ani, 71.7
Total, Total, Arges, Anul 2004, Ani, 72.04
Total, Total, Arges, Anul 2005, Ani, 72.25
Total, Total, Arges, Anul 2006, Ani, 72.5
Total, Total, Arges, Anul 2007, Ani, 72.87
Total, Total, Arges, Anul 2008, Ani, 73.55
Total, Total, Arges, Anul 2009, Ani, 73.95
Total, Total, Arges, Anul 2010, Ani, 74.33
Total, Total, Arges, Anul 2011, Ani, 74.57
Total, Total, Arges, Anul 2012, Ani, 74.95
Total, Total, Arges, Anul 2013, Ani, 75.52
Total, Total, Arges, Anul 2014, Ani, 75.94
Total, Total, Arges, Anul 2015, Ani, 75.97
Total, Total, Arges, Anul 2016, Ani, 76.08
Total, Total, Arges, Anul 2017, Ani, 76.13
Total, Total, Calarasi, Anul 1990, Ani, 68.17
Total, Total, Calarasi, Anul 1991, Ani, 68.37
Total, Total, Calarasi, Anul 1992, Ani, 68.76
Total, Total, Calarasi, Anul 1993, Ani, 68.91
Total, Total, Calarasi, Anul 1994, Ani, 69.07
Total, Total, Calarasi, Anul 1995, Ani, 68.96
Total, Total, Calarasi, Anul 1996, Ani, 67.63
Total, Total, Calarasi, Anul 1997, Ani, 67.33
Total, Total, Calarasi, Anul 1998, Ani, 67.69
Total, Total, Calarasi, Anul 1999, Ani, 68.46
Total, Total, Calarasi, Anul 2000, Ani, 69.67
Total, Total, Calarasi, Anul 2001, Ani, 70
Total, Total, Calarasi, Anul 2002, Ani, 70.1
Total, Total, Calarasi, Anul 2003, Ani, 69.71
Total, Total, Calarasi, Anul 2004, Ani, 69.83
Total, Total, Calarasi, Anul 2005, Ani, 70.28
Total, Total, Calarasi, Anul 2006, Ani, 71.1
Total, Total, Calarasi, Anul 2007, Ani, 71.54
Total, Total, Calarasi, Anul 2008, Ani, 71.77
Total, Total, Calarasi, Anul 2009, Ani, 72.09
Total, Total, Calarasi, Anul 2010, Ani, 72.07
Total, Total, Calarasi, Anul 2011, Ani, 72.36
Total, Total, Calarasi, Anul 2012, Ani, 73.09
Total, Total, Calarasi, Anul 2013, Ani, 73.52
Total, Total, Calarasi, Anul 2014, Ani, 73.4
Total, Total, Calarasi, Anul 2015, Ani, 73.23
Total, Total, Calarasi, Anul 2016, Ani, 73.76
Total, Total, Calarasi, Anul 2017, Ani, 74.03
Total, Total, Dambovita, Anul 1990, Ani, 69.46
Total, Total, Dambovita, Anul 1991, Ani, 69.43
Total, Total, Dambovita, Anul 1992, Ani, 69.45
Total, Total, Dambovita, Anul 1993, Ani, 69.32
Total, Total, Dambovita, Anul 1994, Ani, 69.36
Total, Total, Dambovita, Anul 1995, Ani, 69.63
Total, Total, Dambovita, Anul 1996, Ani, 69.23
Total, Total, Dambovita, Anul 1997, Ani, 69.08
Total, Total, Dambovita, Anul 1998, Ani, 69.36
Total, Total, Dambovita, Anul 1999, Ani, 69.72
Total, Total, Dambovita, Anul 2000, Ani, 70.73
Total, Total, Dambovita, Anul 2001, Ani, 71.67
Total, Total, Dambovita, Anul 2002, Ani, 71.55
Total, Total, Dambovita, Anul 2003, Ani, 71.21
Total, Total, Dambovita, Anul 2004, Ani, 71.62
Total, Total, Dambovita, Anul 2005, Ani, 72.26
Total, Total, Dambovita, Anul 2006, Ani, 72.51
Total, Total, Dambovita, Anul 2007, Ani, 72.85
Total, Total, Dambovita, Anul 2008, Ani, 73.48
Total, Total, Dambovita, Anul 2009, Ani, 73.59
Total, Total, Dambovita, Anul 2010, Ani, 73.71
Total, Total, Dambovita, Anul 2011, Ani, 74.09
Total, Total, Dambovita, Anul 2012, Ani, 74.82
Total, Total, Dambovita, Anul 2013, Ani, 75.23
Total, Total, Dambovita, Anul 2014, Ani, 75.16
Total, Total, Dambovita, Anul 2015, Ani, 75.24
Total, Total, Dambovita, Anul 2016, Ani, 75.43
Total, Total, Dambovita, Anul 2017, Ani, 75.55
Total, Total, Giurgiu, Anul 1990, Ani, 67.55
Total, Total, Giurgiu, Anul 1991, Ani, 68.01
Total, Total, Giurgiu, Anul 1992, Ani, 68.69
Total, Total, Giurgiu, Anul 1993, Ani, 68.78
Total, Total, Giurgiu, Anul 1994, Ani, 68.59
Total, Total, Giurgiu, Anul 1995, Ani, 68.08
Total, Total, Giurgiu, Anul 1996, Ani, 66.98
Total, Total, Giurgiu, Anul 1997, Ani, 66.83
Total, Total, Giurgiu, Anul 1998, Ani, 67.47
Total, Total, Giurgiu, Anul 1999, Ani, 68.09
Total, Total, Giurgiu, Anul 2000, Ani, 69.59
Total, Total, Giurgiu, Anul 2001, Ani, 70.82
Total, Total, Giurgiu, Anul 2002, Ani, 70.53
Total, Total, Giurgiu, Anul 2003, Ani, 70.16
Total, Total, Giurgiu, Anul 2004, Ani, 70.11
Total, Total, Giurgiu, Anul 2005, Ani, 70.5
Total, Total, Giurgiu, Anul 2006, Ani, 70.98
Total, Total, Giurgiu, Anul 2007, Ani, 71.24
Total, Total, Giurgiu, Anul 2008, Ani, 71.54
Total, Total, Giurgiu, Anul 2009, Ani, 71.63
Total, Total, Giurgiu, Anul 2010, Ani, 71.95
Total, Total, Giurgiu, Anul 2011, Ani, 72.52
Total, Total, Giurgiu, Anul 2012, Ani, 73.06
Total, Total, Giurgiu, Anul 2013, Ani, 73.33
Total, Total, Giurgiu, Anul 2014, Ani, 73.37
Total, Total, Giurgiu, Anul 2015, Ani, 73.52
Total, Total, Giurgiu, Anul 2016, Ani, 73.92
Total, Total, Giurgiu, Anul 2017, Ani, 73.95
Total, Total, Ialomita, Anul 1990, Ani, 68.42
Total, Total, Ialomita, Anul 1991, Ani, 67.99
Total, Total, Ialomita, Anul 1992, Ani, 68.04
Total, Total, Ialomita, Anul 1993, Ani, 68.43
Total, Total, Ialomita, Anul 1994, Ani, 68.64
Total, Total, Ialomita, Anul 1995, Ani, 68.41
Total, Total, Ialomita, Anul 1996, Ani, 67.64
Total, Total, Ialomita, Anul 1997, Ani, 67.93
Total, Total, Ialomita, Anul 1998, Ani, 68.14
Total, Total, Ialomita, Anul 1999, Ani, 68.62
Total, Total, Ialomita, Anul 2000, Ani, 69.91
Total, Total, Ialomita, Anul 2001, Ani, 70.38
Total, Total, Ialomita, Anul 2002, Ani, 70.14
Total, Total, Ialomita, Anul 2003, Ani, 70.48
Total, Total, Ialomita, Anul 2004, Ani, 70.38
Total, Total, Ialomita, Anul 2005, Ani, 70.9
Total, Total, Ialomita, Anul 2006, Ani, 71.78
Total, Total, Ialomita, Anul 2007, Ani, 72.31
Total, Total, Ialomita, Anul 2008, Ani, 72.95
Total, Total, Ialomita, Anul 2009, Ani, 72.58
Total, Total, Ialomita, Anul 2010, Ani, 72.64
Total, Total, Ialomita, Anul 2011, Ani, 72.9
Total, Total, Ialomita, Anul 2012, Ani, 73.3
Total, Total, Ialomita, Anul 2013, Ani, 73.85
Total, Total, Ialomita, Anul 2014, Ani, 74.19
Total, Total, Ialomita, Anul 2015, Ani, 74.12
Total, Total, Ialomita, Anul 2016, Ani, 74.35
Total, Total, Ialomita, Anul 2017, Ani, 74.61
Total, Total, Prahova, Anul 1990, Ani, 70.68
Total, Total, Prahova, Anul 1991, Ani, 70.77
Total, Total, Prahova, Anul 1992, Ani, 70.49
Total, Total, Prahova, Anul 1993, Ani, 70
Total, Total, Prahova, Anul 1994, Ani, 70.04
Total, Total, Prahova, Anul 1995, Ani, 70.38
Total, Total, Prahova, Anul 1996, Ani, 69.92
Total, Total, Prahova, Anul 1997, Ani, 69.67
Total, Total, Prahova, Anul 1998, Ani, 69.83
Total, Total, Prahova, Anul 1999, Ani, 70.2
Total, Total, Prahova, Anul 2000, Ani, 71.07
Total, Total, Prahova, Anul 2001, Ani, 71.66
Total, Total, Prahova, Anul 2002, Ani, 71.56
Total, Total, Prahova, Anul 2003, Ani, 71.46
Total, Total, Prahova, Anul 2004, Ani, 71.82
Total, Total, Prahova, Anul 2005, Ani, 72.27
Total, Total, Prahova, Anul 2006, Ani, 72.61
Total, Total, Prahova, Anul 2007, Ani, 73.14
Total, Total, Prahova, Anul 2008, Ani, 74.22
Total, Total, Prahova, Anul 2009, Ani, 74.21
Total, Total, Prahova, Anul 2010, Ani, 74.1
Total, Total, Prahova, Anul 2011, Ani, 74.46
Total, Total, Prahova, Anul 2012, Ani, 74.83
Total, Total, Prahova, Anul 2013, Ani, 75.29
Total, Total, Prahova, Anul 2014, Ani, 75.8
Total, Total, Prahova, Anul 2015, Ani, 75.83
Total, Total, Prahova, Anul 2016, Ani, 75.79
Total, Total, Prahova, Anul 2017, Ani, 75.85
Total, Total, Teleorman, Anul 1990, Ani, 70
Total, Total, Teleorman, Anul 1991, Ani, 70.14
Total, Total, Teleorman, Anul 1992, Ani, 69.52
Total, Total, Teleorman, Anul 1993, Ani, 69.29
Total, Total, Teleorman, Anul 1994, Ani, 69.65
Total, Total, Teleorman, Anul 1995, Ani, 69.51
Total, Total, Teleorman, Anul 1996, Ani, 69.01
Total, Total, Teleorman, Anul 1997, Ani, 68.71
Total, Total, Teleorman, Anul 1998, Ani, 69.01
Total, Total, Teleorman, Anul 1999, Ani, 69.38
Total, Total, Teleorman, Anul 2000, Ani, 70.33
Total, Total, Teleorman, Anul 2001, Ani, 71.25
Total, Total, Teleorman, Anul 2002, Ani, 70.78
Total, Total, Teleorman, Anul 2003, Ani, 70.26
Total, Total, Teleorman, Anul 2004, Ani, 70.31
Total, Total, Teleorman, Anul 2005, Ani, 70.89
Total, Total, Teleorman, Anul 2006, Ani, 71.63
Total, Total, Teleorman, Anul 2007, Ani, 72.07
Total, Total, Teleorman, Anul 2008, Ani, 72.84
Total, Total, Teleorman, Anul 2009, Ani, 72.87
Total, Total, Teleorman, Anul 2010, Ani, 72.54
Total, Total, Teleorman, Anul 2011, Ani, 72.83
Total, Total, Teleorman, Anul 2012, Ani, 73.55
Total, Total, Teleorman, Anul 2013, Ani, 74.16
Total, Total, Teleorman, Anul 2014, Ani, 74.45
Total, Total, Teleorman, Anul 2015, Ani, 74.4
Total, Total, Teleorman, Anul 2016, Ani, 74.62
Total, Total, Teleorman, Anul 2017, Ani, 74.59
Total, Total, Regiunea BUCURESTI - ILFOV, Anul 1990, Ani, 70.11
Total, Total, Regiunea BUCURESTI - ILFOV, Anul 1991, Ani, 70.78
Total, Total, Regiunea BUCURESTI - ILFOV, Anul 1992, Ani, 71.1
Total, Total, Regiunea BUCURESTI - ILFOV, Anul 1993, Ani, 70.53
Total, Total, Regiunea BUCURESTI - ILFOV, Anul 1994, Ani, 70.4
Total, Total, Regiunea BUCURESTI - ILFOV, Anul 1995, Ani, 70.42
Total, Total, Regiunea BUCURESTI - ILFOV, Anul 1996, Ani, 70.57
Total, Total, Regiunea BUCURESTI - ILFOV, Anul 1997, Ani, 70.51
Total, Total, Regiunea BUCURESTI - ILFOV, Anul 1998, Ani, 70.93
Total, Total, Regiunea BUCURESTI - ILFOV, Anul 1999, Ani, 71.52
Total, Total, Regiunea BUCURESTI - ILFOV, Anul 2000, Ani, 72.19
Total, Total, Regiunea BUCURESTI - ILFOV, Anul 2001, Ani, 72.84
Total, Total, Regiunea BUCURESTI - ILFOV, Anul 2002, Ani, 73.09
Total, Total, Regiunea BUCURESTI - ILFOV, Anul 2003, Ani, 73.04
Total, Total, Regiunea BUCURESTI - ILFOV, Anul 2004, Ani, 73.54
Total, Total, Regiunea BUCURESTI - ILFOV, Anul 2005, Ani, 73.84
Total, Total, Regiunea BUCURESTI - ILFOV, Anul 2006, Ani, 73.98
Total, Total, Regiunea BUCURESTI - ILFOV, Anul 2007, Ani, 74.15
Total, Total, Regiunea BUCURESTI - ILFOV, Anul 2008, Ani, 75.52
Total, Total, Regiunea BUCURESTI - ILFOV, Anul 2009, Ani, 76.01
Total, Total, Regiunea BUCURESTI - ILFOV, Anul 2010, Ani, 76.41
Total, Total, Regiunea BUCURESTI - ILFOV, Anul 2011, Ani, 76.59
Total, Total, Regiunea BUCURESTI - ILFOV, Anul 2012, Ani, 76.87
Total, Total, Regiunea BUCURESTI - ILFOV, Anul 2013, Ani, 77.17
Total, Total, Regiunea BUCURESTI - ILFOV, Anul 2014, Ani, 77.43
Total, Total, Regiunea BUCURESTI - ILFOV, Anul 2015, Ani, 77.43
Total, Total, Regiunea BUCURESTI - ILFOV, Anul 2016, Ani, 77.43
Total, Total, Regiunea BUCURESTI - ILFOV, Anul 2017, Ani, 77.57
Total, Total, Ilfov, Anul 1990, Ani, 69.86
Total, Total, Ilfov, Anul 1991, Ani, 68.99
Total, Total, Ilfov, Anul 1992, Ani, 68.73
Total, Total, Ilfov, Anul 1993, Ani, 68.9
Total, Total, Ilfov, Anul 1994, Ani, 68.55
Total, Total, Ilfov, Anul 1995, Ani, 68.63
Total, Total, Ilfov, Anul 1996, Ani, 68.09
Total, Total, Ilfov, Anul 1997, Ani, 68.14
Total, Total, Ilfov, Anul 1998, Ani, 68.58
Total, Total, Ilfov, Anul 1999, Ani, 69.06
Total, Total, Ilfov, Anul 2000, Ani, 70.14
Total, Total, Ilfov, Anul 2001, Ani, 71
Total, Total, Ilfov, Anul 2002, Ani, 70.89
Total, Total, Ilfov, Anul 2003, Ani, 70.87
Total, Total, Ilfov, Anul 2004, Ani, 71.22
Total, Total, Ilfov, Anul 2005, Ani, 71.89
Total, Total, Ilfov, Anul 2006, Ani, 72.34
Total, Total, Ilfov, Anul 2007, Ani, 72.45
Total, Total, Ilfov, Anul 2008, Ani, 72.69
Total, Total, Ilfov, Anul 2009, Ani, 73.05
Total, Total, Ilfov, Anul 2010, Ani, 73.44
Total, Total, Ilfov, Anul 2011, Ani, 73.83
Total, Total, Ilfov, Anul 2012, Ani, 74.46
Total, Total, Ilfov, Anul 2013, Ani, 74.84
Total, Total, Ilfov, Anul 2014, Ani, 75.03
Total, Total, Ilfov, Anul 2015, Ani, 75.4
Total, Total, Ilfov, Anul 2016, Ani, 75.76
Total, Total, Ilfov, Anul 2017, Ani, 75.78
Total, Total, Municipiul Bucuresti, Anul 1990, Ani, 70.4
Total, Total, Municipiul Bucuresti, Anul 1991, Ani, 71.02
Total, Total, Municipiul Bucuresti, Anul 1992, Ani, 71.34
Total, Total, Municipiul Bucuresti, Anul 1993, Ani, 70.69
Total, Total, Municipiul Bucuresti, Anul 1994, Ani, 70.58
Total, Total, Municipiul Bucuresti, Anul 1995, Ani, 70.6
Total, Total, Municipiul Bucuresti, Anul 1996, Ani, 70.82
Total, Total, Municipiul Bucuresti, Anul 1997, Ani, 70.75
Total, Total, Municipiul Bucuresti, Anul 1998, Ani, 71.17
Total, Total, Municipiul Bucuresti, Anul 1999, Ani, 71.9
Total, Total, Municipiul Bucuresti, Anul 2000, Ani, 72.51
Total, Total, Municipiul Bucuresti, Anul 2001, Ani, 73.12
Total, Total, Municipiul Bucuresti, Anul 2002, Ani, 73.43
Total, Total, Municipiul Bucuresti, Anul 2003, Ani, 73.37
Total, Total, Municipiul Bucuresti, Anul 2004, Ani, 73.89
Total, Total, Municipiul Bucuresti, Anul 2005, Ani, 74.14
Total, Total, Municipiul Bucuresti, Anul 2006, Ani, 74.23
Total, Total, Municipiul Bucuresti, Anul 2007, Ani, 74.41
Total, Total, Municipiul Bucuresti, Anul 2008, Ani, 75.95
Total, Total, Municipiul Bucuresti, Anul 2009, Ani, 76.48
Total, Total, Municipiul Bucuresti, Anul 2010, Ani, 76.89
Total, Total, Municipiul Bucuresti, Anul 2011, Ani, 77.03
Total, Total, Municipiul Bucuresti, Anul 2012, Ani, 77.25
Total, Total, Municipiul Bucuresti, Anul 2013, Ani, 77.54
Total, Total, Municipiul Bucuresti, Anul 2014, Ani, 77.83
Total, Total, Municipiul Bucuresti, Anul 2015, Ani, 77.77
Total, Total, Municipiul Bucuresti, Anul 2016, Ani, 77.72
Total, Total, Municipiul Bucuresti, Anul 2017, Ani, 77.89
Total, Total, MACROREGIUNEA PATRU, Anul 2000, Ani, 70.4
Total, Total, MACROREGIUNEA PATRU, Anul 2005, Ani, 71.34
Total, Total, MACROREGIUNEA PATRU, Anul 2006, Ani, 71.75
Total, Total, MACROREGIUNEA PATRU, Anul 2007, Ani, 72.22
Total, Total, MACROREGIUNEA PATRU, Anul 2008, Ani, 73
Total, Total, MACROREGIUNEA PATRU, Anul 2009, Ani, 73.36
Total, Total, MACROREGIUNEA PATRU, Anul 2010, Ani, 73.49
Total, Total, MACROREGIUNEA PATRU, Anul 2011, Ani, 73.82
Total, Total, MACROREGIUNEA PATRU, Anul 2012, Ani, 74.39
Total, Total, MACROREGIUNEA PATRU, Anul 2013, Ani, 74.96
Total, Total, MACROREGIUNEA PATRU, Anul 2014, Ani, 75.22
Total, Total, MACROREGIUNEA PATRU, Anul 2015, Ani, 74.99
Total, Total, MACROREGIUNEA PATRU, Anul 2016, Ani, 75.32
Total, Total, MACROREGIUNEA PATRU, Anul 2017, Ani, 75.61
Total, Total, Regiunea SUD-VEST OLTENIA, Anul 1990, Ani, 69.33
Total, Total, Regiunea SUD-VEST OLTENIA, Anul 1991, Ani, 69.65
Total, Total, Regiunea SUD-VEST OLTENIA, Anul 1992, Ani, 69.89
Total, Total, Regiunea SUD-VEST OLTENIA, Anul 1993, Ani, 70.08
Total, Total, Regiunea SUD-VEST OLTENIA, Anul 1994, Ani, 70.14
Total, Total, Regiunea SUD-VEST OLTENIA, Anul 1995, Ani, 69.9
Total, Total, Regiunea SUD-VEST OLTENIA, Anul 1996, Ani, 69.43
Total, Total, Regiunea SUD-VEST OLTENIA, Anul 1997, Ani, 69.13
Total, Total, Regiunea SUD-VEST OLTENIA, Anul 1998, Ani, 69.18
Total, Total, Regiunea SUD-VEST OLTENIA, Anul 1999, Ani, 69.64
Total, Total, Regiunea SUD-VEST OLTENIA, Anul 2000, Ani, 70.61
Total, Total, Regiunea SUD-VEST OLTENIA, Anul 2001, Ani, 71.44
Total, Total, Regiunea SUD-VEST OLTENIA, Anul 2002, Ani, 71.39
Total, Total, Regiunea SUD-VEST OLTENIA, Anul 2003, Ani, 71.1
Total, Total, Regiunea SUD-VEST OLTENIA, Anul 2004, Ani, 71.39
Total, Total, Regiunea SUD-VEST OLTENIA, Anul 2005, Ani, 71.62
Total, Total, Regiunea SUD-VEST OLTENIA, Anul 2006, Ani, 72
Total, Total, Regiunea SUD-VEST OLTENIA, Anul 2007, Ani, 72.49
Total, Total, Regiunea SUD-VEST OLTENIA, Anul 2008, Ani, 72.88
Total, Total, Regiunea SUD-VEST OLTENIA, Anul 2009, Ani, 73.13
Total, Total, Regiunea SUD-VEST OLTENIA, Anul 2010, Ani, 73.27
Total, Total, Regiunea SUD-VEST OLTENIA, Anul 2011, Ani, 73.68
Total, Total, Regiunea SUD-VEST OLTENIA, Anul 2012, Ani, 74.32
Total, Total, Regiunea SUD-VEST OLTENIA, Anul 2013, Ani, 74.9
Total, Total, Regiunea SUD-VEST OLTENIA, Anul 2014, Ani, 75.13
Total, Total, Regiunea SUD-VEST OLTENIA, Anul 2015, Ani, 74.93
Total, Total, Regiunea SUD-VEST OLTENIA, Anul 2016, Ani, 75.36
Total, Total, Regiunea SUD-VEST OLTENIA, Anul 2017, Ani, 75.67
Total, Total, Dolj, Anul 1990, Ani, 69.08
Total, Total, Dolj, Anul 1991, Ani, 69.45
Total, Total, Dolj, Anul 1992, Ani, 69.84
Total, Total, Dolj, Anul 1993, Ani, 69.58
Total, Total, Dolj, Anul 1994, Ani, 69.64
Total, Total, Dolj, Anul 1995, Ani, 69.6
Total, Total, Dolj, Anul 1996, Ani, 68.87
Total, Total, Dolj, Anul 1997, Ani, 68.5
Total, Total, Dolj, Anul 1998, Ani, 68.89
Total, Total, Dolj, Anul 1999, Ani, 69.33
Total, Total, Dolj, Anul 2000, Ani, 70.2
Total, Total, Dolj, Anul 2001, Ani, 71.05
Total, Total, Dolj, Anul 2002, Ani, 70.98
Total, Total, Dolj, Anul 2003, Ani, 70.73
Total, Total, Dolj, Anul 2004, Ani, 70.86
Total, Total, Dolj, Anul 2005, Ani, 71.22
Total, Total, Dolj, Anul 2006, Ani, 71.72
Total, Total, Dolj, Anul 2007, Ani, 72.18
Total, Total, Dolj, Anul 2008, Ani, 72.72
Total, Total, Dolj, Anul 2009, Ani, 72.95
Total, Total, Dolj, Anul 2010, Ani, 73.04
Total, Total, Dolj, Anul 2011, Ani, 73.5
Total, Total, Dolj, Anul 2012, Ani, 74
Total, Total, Dolj, Anul 2013, Ani, 74.39
Total, Total, Dolj, Anul 2014, Ani, 74.76
Total, Total, Dolj, Anul 2015, Ani, 74.47
Total, Total, Dolj, Anul 2016, Ani, 74.63
Total, Total, Dolj, Anul 2017, Ani, 74.88
Total, Total, Gorj, Anul 1990, Ani, 69.39
Total, Total, Gorj, Anul 1991, Ani, 69.76
Total, Total, Gorj, Anul 1992, Ani, 70.13
Total, Total, Gorj, Anul 1993, Ani, 70.39
Total, Total, Gorj, Anul 1994, Ani, 70.54
Total, Total, Gorj, Anul 1995, Ani, 70.12
Total, Total, Gorj, Anul 1996, Ani, 69.44
Total, Total, Gorj, Anul 1997, Ani, 69.16
Total, Total, Gorj, Anul 1998, Ani, 69.04
Total, Total, Gorj, Anul 1999, Ani, 69.71
Total, Total, Gorj, Anul 2000, Ani, 70.94
Total, Total, Gorj, Anul 2001, Ani, 71.58
Total, Total, Gorj, Anul 2002, Ani, 71.53
Total, Total, Gorj, Anul 2003, Ani, 71.5
Total, Total, Gorj, Anul 2004, Ani, 71.79
Total, Total, Gorj, Anul 2005, Ani, 71.96
Total, Total, Gorj, Anul 2006, Ani, 72.53
Total, Total, Gorj, Anul 2007, Ani, 72.95
Total, Total, Gorj, Anul 2008, Ani, 73.35
Total, Total, Gorj, Anul 2009, Ani, 73.6
Total, Total, Gorj, Anul 2010, Ani, 73.51
Total, Total, Gorj, Anul 2011, Ani, 73.77
Total, Total, Gorj, Anul 2012, Ani, 74.22
Total, Total, Gorj, Anul 2013, Ani, 74.75
Total, Total, Gorj, Anul 2014, Ani, 74.98
Total, Total, Gorj, Anul 2015, Ani, 75.06
Total, Total, Gorj, Anul 2016, Ani, 75.33
Total, Total, Gorj, Anul 2017, Ani, 75.37
Total, Total, Mehedinti, Anul 1990, Ani, 68.46
Total, Total, Mehedinti, Anul 1991, Ani, 68.82
Total, Total, Mehedinti, Anul 1992, Ani, 69.09
Total, Total, Mehedinti, Anul 1993, Ani, 69.9
Total, Total, Mehedinti, Anul 1994, Ani, 69.68
Total, Total, Mehedinti, Anul 1995, Ani, 69.19
Total, Total, Mehedinti, Anul 1996, Ani, 68.91
Total, Total, Mehedinti, Anul 1997, Ani, 68.92
Total, Total, Mehedinti, Anul 1998, Ani, 69.32
Total, Total, Mehedinti, Anul 1999, Ani, 69.96
Total, Total, Mehedinti, Anul 2000, Ani, 70.5
Total, Total, Mehedinti, Anul 2001, Ani, 71.11
Total, Total, Mehedinti, Anul 2002, Ani, 71.42
Total, Total, Mehedinti, Anul 2003, Ani, 71.03
Total, Total, Mehedinti, Anul 2004, Ani, 71.14
Total, Total, Mehedinti, Anul 2005, Ani, 71.21
Total, Total, Mehedinti, Anul 2006, Ani, 71.62
Total, Total, Mehedinti, Anul 2007, Ani, 72.02
Total, Total, Mehedinti, Anul 2008, Ani, 72.15
Total, Total, Mehedinti, Anul 2009, Ani, 72.26
Total, Total, Mehedinti, Anul 2010, Ani, 72.27
Total, Total, Mehedinti, Anul 2011, Ani, 72.58
Total, Total, Mehedinti, Anul 2012, Ani, 73.29
Total, Total, Mehedinti, Anul 2013, Ani, 74.11
Total, Total, Mehedinti, Anul 2014, Ani, 74.16
Total, Total, Mehedinti, Anul 2015, Ani, 74.12
Total, Total, Mehedinti, Anul 2016, Ani, 74.84
Total, Total, Mehedinti, Anul 2017, Ani, 74.81
Total, Total, Olt, Anul 1990, Ani, 69.28
Total, Total, Olt, Anul 1991, Ani, 69.36
Total, Total, Olt, Anul 1992, Ani, 69.41
Total, Total, Olt, Anul 1993, Ani, 69.35
Total, Total, Olt, Anul 1994, Ani, 69.77
Total, Total, Olt, Anul 1995, Ani, 69.69
Total, Total, Olt, Anul 1996, Ani, 69.15
Total, Total, Olt, Anul 1997, Ani, 68.63
Total, Total, Olt, Anul 1998, Ani, 68.67
Total, Total, Olt, Anul 1999, Ani, 69.07
Total, Total, Olt, Anul 2000, Ani, 69.92
Total, Total, Olt, Anul 2001, Ani, 71.09
Total, Total, Olt, Anul 2002, Ani, 70.85
Total, Total, Olt, Anul 2003, Ani, 70.51
Total, Total, Olt, Anul 2004, Ani, 71.14
Total, Total, Olt, Anul 2005, Ani, 71.23
Total, Total, Olt, Anul 2006, Ani, 71.23
Total, Total, Olt, Anul 2007, Ani, 71.79
Total, Total, Olt, Anul 2008, Ani, 72.12
Total, Total, Olt, Anul 2009, Ani, 72.29
Total, Total, Olt, Anul 2010, Ani, 72.61
Total, Total, Olt, Anul 2011, Ani, 73.13
Total, Total, Olt, Anul 2012, Ani, 73.95
Total, Total, Olt, Anul 2013, Ani, 74.33
Total, Total, Olt, Anul 2014, Ani, 74.25
Total, Total, Olt, Anul 2015, Ani, 74.06
Total, Total, Olt, Anul 2016, Ani, 74.63
Total, Total, Olt, Anul 2017, Ani, 74.9
Total, Total, Valcea, Anul 1990, Ani, 70.45
Total, Total, Valcea, Anul 1991, Ani, 70.86
Total, Total, Valcea, Anul 1992, Ani, 70.98
Total, Total, Valcea, Anul 1993, Ani, 71.19
Total, Total, Valcea, Anul 1994, Ani, 71.07
Total, Total, Valcea, Anul 1995, Ani, 70.92
Total, Total, Valcea, Anul 1996, Ani, 70.79
Total, Total, Valcea, Anul 1997, Ani, 70.44
Total, Total, Valcea, Anul 1998, Ani, 70
Total, Total, Valcea, Anul 1999, Ani, 70.56
Total, Total, Valcea, Anul 2000, Ani, 71.91
Total, Total, Valcea, Anul 2001, Ani, 72.68
Total, Total, Valcea, Anul 2002, Ani, 72.65
Total, Total, Valcea, Anul 2003, Ani, 72.22
Total, Total, Valcea, Anul 2004, Ani, 72.49
Total, Total, Valcea, Anul 2005, Ani, 72.85
Total, Total, Valcea, Anul 2006, Ani, 73.25
Total, Total, Valcea, Anul 2007, Ani, 73.84
Total, Total, Valcea, Anul 2008, Ani, 74.22
Total, Total, Valcea, Anul 2009, Ani, 74.77
Total, Total, Valcea, Anul 2010, Ani, 75.16
Total, Total, Valcea, Anul 2011, Ani, 75.56
Total, Total, Valcea, Anul 2012, Ani, 76.37
Total, Total, Valcea, Anul 2013, Ani, 77.44
Total, Total, Valcea, Anul 2014, Ani, 77.89
Total, Total, Valcea, Anul 2015, Ani, 77.51
Total, Total, Valcea, Anul 2016, Ani, 78.21
Total, Total, Valcea, Anul 2017, Ani, 79.4
Total, Total, Regiunea VEST, Anul 1990, Ani, 68.29
Total, Total, Regiunea VEST, Anul 1991, Ani, 68.48
Total, Total, Regiunea VEST, Anul 1992, Ani, 68.58
Total, Total, Regiunea VEST, Anul 1993, Ani, 68.2
Total, Total, Regiunea VEST, Anul 1994, Ani, 68.32
Total, Total, Regiunea VEST, Anul 1995, Ani, 68.42
Total, Total, Regiunea VEST, Anul 1996, Ani, 68.14
Total, Total, Regiunea VEST, Anul 1997, Ani, 68.08
Total, Total, Regiunea VEST, Anul 1998, Ani, 68.51
Total, Total, Regiunea VEST, Anul 1999, Ani, 69.15
Total, Total, Regiunea VEST, Anul 2000, Ani, 69.89
Total, Total, Regiunea VEST, Anul 2001, Ani, 70.57
Total, Total, Regiunea VEST, Anul 2002, Ani, 70.7
Total, Total, Regiunea VEST, Anul 2003, Ani, 70.58
Total, Total, Regiunea VEST, Anul 2004, Ani, 70.78
Total, Total, Regiunea VEST, Anul 2005, Ani, 71
Total, Total, Regiunea VEST, Anul 2006, Ani, 71.46
Total, Total, Regiunea VEST, Anul 2007, Ani, 71.89
Total, Total, Regiunea VEST, Anul 2008, Ani, 73.14
Total, Total, Regiunea VEST, Anul 2009, Ani, 73.62
Total, Total, Regiunea VEST, Anul 2010, Ani, 73.73
Total, Total, Regiunea VEST, Anul 2011, Ani, 73.98
Total, Total, Regiunea VEST, Anul 2012, Ani, 74.47
Total, Total, Regiunea VEST, Anul 2013, Ani, 75.02
Total, Total, Regiunea VEST, Anul 2014, Ani, 75.31
Total, Total, Regiunea VEST, Anul 2015, Ani, 75.04
Total, Total, Regiunea VEST, Anul 2016, Ani, 75.28
Total, Total, Regiunea VEST, Anul 2017, Ani, 75.54
Total, Total, Arad, Anul 1990, Ani, 68.39
Total, Total, Arad, Anul 1991, Ani, 68.29
Total, Total, Arad, Anul 1992, Ani, 68.58
Total, Total, Arad, Anul 1993, Ani, 68.26
Total, Total, Arad, Anul 1994, Ani, 68.44
Total, Total, Arad, Anul 1995, Ani, 68.68
Total, Total, Arad, Anul 1996, Ani, 68.4
Total, Total, Arad, Anul 1997, Ani, 68.25
Total, Total, Arad, Anul 1998, Ani, 68.64
Total, Total, Arad, Anul 1999, Ani, 69.31
Total, Total, Arad, Anul 2000, Ani, 69.89
Total, Total, Arad, Anul 2001, Ani, 70.47
Total, Total, Arad, Anul 2002, Ani, 70.63
Total, Total, Arad, Anul 2003, Ani, 70.35
Total, Total, Arad, Anul 2004, Ani, 70.55
Total, Total, Arad, Anul 2005, Ani, 70.93
Total, Total, Arad, Anul 2006, Ani, 71.5
Total, Total, Arad, Anul 2007, Ani, 71.82
Total, Total, Arad, Anul 2008, Ani, 72.82
Total, Total, Arad, Anul 2009, Ani, 73.28
Total, Total, Arad, Anul 2010, Ani, 73.35
Total, Total, Arad, Anul 2011, Ani, 73.65
Total, Total, Arad, Anul 2012, Ani, 74.18
Total, Total, Arad, Anul 2013, Ani, 74.64
Total, Total, Arad, Anul 2014, Ani, 74.81
Total, Total, Arad, Anul 2015, Ani, 74.61
Total, Total, Arad, Anul 2016, Ani, 74.89
Total, Total, Arad, Anul 2017, Ani, 75
Total, Total, Caras-Severin, Anul 1990, Ani, 67.7
Total, Total, Caras-Severin, Anul 1991, Ani, 67.95
Total, Total, Caras-Severin, Anul 1992, Ani, 68.35
Total, Total, Caras-Severin, Anul 1993, Ani, 67.98
Total, Total, Caras-Severin, Anul 1994, Ani, 67.99
Total, Total, Caras-Severin, Anul 1995, Ani, 68
Total, Total, Caras-Severin, Anul 1996, Ani, 67.94
Total, Total, Caras-Severin, Anul 1997, Ani, 67.88
Total, Total, Caras-Severin, Anul 1998, Ani, 68.05
Total, Total, Caras-Severin, Anul 1999, Ani, 68.58
Total, Total, Caras-Severin, Anul 2000, Ani, 69.48
Total, Total, Caras-Severin, Anul 2001, Ani, 70.13
Total, Total, Caras-Severin, Anul 2002, Ani, 70.49
Total, Total, Caras-Severin, Anul 2003, Ani, 70.65
Total, Total, Caras-Severin, Anul 2004, Ani, 70.97
Total, Total, Caras-Severin, Anul 2005, Ani, 70.62
Total, Total, Caras-Severin, Anul 2006, Ani, 70.65
Total, Total, Caras-Severin, Anul 2007, Ani, 71.1
Total, Total, Caras-Severin, Anul 2008, Ani, 72.61
Total, Total, Caras-Severin, Anul 2009, Ani, 73.08
Total, Total, Caras-Severin, Anul 2010, Ani, 73.14
Total, Total, Caras-Severin, Anul 2011, Ani, 73.44
Total, Total, Caras-Severin, Anul 2012, Ani, 73.89
Total, Total, Caras-Severin, Anul 2013, Ani, 74.57
Total, Total, Caras-Severin, Anul 2014, Ani, 74.7
Total, Total, Caras-Severin, Anul 2015, Ani, 74.4
Total, Total, Caras-Severin, Anul 2016, Ani, 74.8
Total, Total, Caras-Severin, Anul 2017, Ani, 75.1
Total, Total, Hunedoara, Anul 1990, Ani, 68.08
Total, Total, Hunedoara, Anul 1991, Ani, 68.61
Total, Total, Hunedoara, Anul 1992, Ani, 68.39
Total, Total, Hunedoara, Anul 1993, Ani, 68.03
Total, Total, Hunedoara, Anul 1994, Ani, 68.15
Total, Total, Hunedoara, Anul 1995, Ani, 68.09
Total, Total, Hunedoara, Anul 1996, Ani, 67.69
Total, Total, Hunedoara, Anul 1997, Ani, 67.55
Total, Total, Hunedoara, Anul 1998, Ani, 68.17
Total, Total, Hunedoara, Anul 1999, Ani, 68.81
Total, Total, Hunedoara, Anul 2000, Ani, 69.48
Total, Total, Hunedoara, Anul 2001, Ani, 70.28
Total, Total, Hunedoara, Anul 2002, Ani, 70.28
Total, Total, Hunedoara, Anul 2003, Ani, 69.97
Total, Total, Hunedoara, Anul 2004, Ani, 70.29
Total, Total, Hunedoara, Anul 2005, Ani, 70.81
Total, Total, Hunedoara, Anul 2006, Ani, 71.1
Total, Total, Hunedoara, Anul 2007, Ani, 71.41
Total, Total, Hunedoara, Anul 2008, Ani, 72.69
Total, Total, Hunedoara, Anul 2009, Ani, 73.28
Total, Total, Hunedoara, Anul 2010, Ani, 73.43
Total, Total, Hunedoara, Anul 2011, Ani, 73.86
Total, Total, Hunedoara, Anul 2012, Ani, 74.21
Total, Total, Hunedoara, Anul 2013, Ani, 74.72
Total, Total, Hunedoara, Anul 2014, Ani, 75.12
Total, Total, Hunedoara, Anul 2015, Ani, 74.64
Total, Total, Hunedoara, Anul 2016, Ani, 74.68
Total, Total, Hunedoara, Anul 2017, Ani, 74.94
Total, Total, Timis, Anul 1990, Ani, 69
Total, Total, Timis, Anul 1991, Ani, 69.07
Total, Total, Timis, Anul 1992, Ani, 68.99
Total, Total, Timis, Anul 1993, Ani, 68.53
Total, Total, Timis, Anul 1994, Ani, 68.68
Total, Total, Timis, Anul 1995, Ani, 68.91
Total, Total, Timis, Anul 1996, Ani, 68.51
Total, Total, Timis, Anul 1997, Ani, 68.65
Total, Total, Timis, Anul 1998, Ani, 69.19
Total, Total, Timis, Anul 1999, Ani, 69.59
Total, Total, Timis, Anul 2000, Ani, 70.44
Total, Total, Timis, Anul 2001, Ani, 71.05
Total, Total, Timis, Anul 2002, Ani, 71.2
Total, Total, Timis, Anul 2003, Ani, 71.21
Total, Total, Timis, Anul 2004, Ani, 71.21
Total, Total, Timis, Anul 2005, Ani, 71.43
Total, Total, Timis, Anul 2006, Ani, 72.13
Total, Total, Timis, Anul 2007, Ani, 72.73
Total, Total, Timis, Anul 2008, Ani, 73.98
Total, Total, Timis, Anul 2009, Ani, 74.41
Total, Total, Timis, Anul 2010, Ani, 74.54
Total, Total, Timis, Anul 2011, Ani, 74.61
Total, Total, Timis, Anul 2012, Ani, 75.13
Total, Total, Timis, Anul 2013, Ani, 75.73
Total, Total, Timis, Anul 2014, Ani, 76.12
Total, Total, Timis, Anul 2015, Ani, 75.93
Total, Total, Timis, Anul 2016, Ani, 76.15
Total, Total, Timis, Anul 2017, Ani, 76.48
