Gradul de gravitate al accidentatilor, Macroregiuni  regiuni de dezvoltare si judete, Ani, UM: Numar persoane, Valoare
Total, TOTAL, Anul 1999, Numar persoane, 9992
Total, TOTAL, Anul 2000, Numar persoane, 9725
Total, TOTAL, Anul 2001, Numar persoane, 9205
Total, TOTAL, Anul 2002, Numar persoane, 9217
Total, TOTAL, Anul 2003, Numar persoane, 8698
Total, TOTAL, Anul 2004, Numar persoane, 9159
Total, TOTAL, Anul 2005, Numar persoane, 25832
Total, TOTAL, Anul 2006, Numar persoane, 28711
Total, TOTAL, Anul 2007, Numar persoane, 32404
Total, TOTAL, Anul 2008, Numar persoane, 39996
Total, TOTAL, Anul 2009, Numar persoane, 38320
Total, TOTAL, Anul 2010, Numar persoane, 34791
Total, TOTAL, Anul 2011, Numar persoane, 35509
Total, TOTAL, Anul 2012, Numar persoane, 36251
Total, TOTAL, Anul 2013, Numar persoane, 33325
Total, TOTAL, Anul 2014, Numar persoane, 34152
Total, TOTAL, Anul 2015, Numar persoane, 38700
Total, TOTAL, Anul 2016, Numar persoane, 41475
Total, TOTAL, Anul 2017, Numar persoane, 42162
Total, MACROREGIUNEA UNU, Anul 1999, Numar persoane, 2580
Total, MACROREGIUNEA UNU, Anul 2000, Numar persoane, 2424
Total, MACROREGIUNEA UNU, Anul 2001, Numar persoane, 2273
Total, MACROREGIUNEA UNU, Anul 2002, Numar persoane, 2446
Total, MACROREGIUNEA UNU, Anul 2003, Numar persoane, 2469
Total, MACROREGIUNEA UNU, Anul 2004, Numar persoane, 2504
Total, MACROREGIUNEA UNU, Anul 2005, Numar persoane, 5767
Total, MACROREGIUNEA UNU, Anul 2006, Numar persoane, 5770
Total, MACROREGIUNEA UNU, Anul 2007, Numar persoane, 6858
Total, MACROREGIUNEA UNU, Anul 2008, Numar persoane, 8707
Total, MACROREGIUNEA UNU, Anul 2009, Numar persoane, 8438
Total, MACROREGIUNEA UNU, Anul 2010, Numar persoane, 7558
Total, MACROREGIUNEA UNU, Anul 2011, Numar persoane, 7657
Total, MACROREGIUNEA UNU, Anul 2012, Numar persoane, 8043
Total, MACROREGIUNEA UNU, Anul 2013, Numar persoane, 7666
Total, MACROREGIUNEA UNU, Anul 2014, Numar persoane, 8143
Total, MACROREGIUNEA UNU, Anul 2015, Numar persoane, 9040
Total, MACROREGIUNEA UNU, Anul 2016, Numar persoane, 10101
Total, MACROREGIUNEA UNU, Anul 2017, Numar persoane, 10192
Total, Regiunea NORD-VEST, Anul 1999, Numar persoane, 1120
Total, Regiunea NORD-VEST, Anul 2000, Numar persoane, 1013
Total, Regiunea NORD-VEST, Anul 2001, Numar persoane, 1045
Total, Regiunea NORD-VEST, Anul 2002, Numar persoane, 1011
Total, Regiunea NORD-VEST, Anul 2003, Numar persoane, 1018
Total, Regiunea NORD-VEST, Anul 2004, Numar persoane, 1081
Total, Regiunea NORD-VEST, Anul 2005, Numar persoane, 2897
Total, Regiunea NORD-VEST, Anul 2006, Numar persoane, 2773
Total, Regiunea NORD-VEST, Anul 2007, Numar persoane, 3383
Total, Regiunea NORD-VEST, Anul 2008, Numar persoane, 4270
Total, Regiunea NORD-VEST, Anul 2009, Numar persoane, 4246
Total, Regiunea NORD-VEST, Anul 2010, Numar persoane, 3881
Total, Regiunea NORD-VEST, Anul 2011, Numar persoane, 4043
Total, Regiunea NORD-VEST, Anul 2012, Numar persoane, 4351
Total, Regiunea NORD-VEST, Anul 2013, Numar persoane, 3796
Total, Regiunea NORD-VEST, Anul 2014, Numar persoane, 3941
Total, Regiunea NORD-VEST, Anul 2015, Numar persoane, 4439
Total, Regiunea NORD-VEST, Anul 2016, Numar persoane, 4957
Total, Regiunea NORD-VEST, Anul 2017, Numar persoane, 5126
Total, Bihor, Anul 1999, Numar persoane, 292
Total, Bihor, Anul 2000, Numar persoane, 293
Total, Bihor, Anul 2001, Numar persoane, 279
Total, Bihor, Anul 2002, Numar persoane, 265
Total, Bihor, Anul 2003, Numar persoane, 260
Total, Bihor, Anul 2004, Numar persoane, 259
Total, Bihor, Anul 2005, Numar persoane, 729
Total, Bihor, Anul 2006, Numar persoane, 612
Total, Bihor, Anul 2007, Numar persoane, 823
Total, Bihor, Anul 2008, Numar persoane, 874
Total, Bihor, Anul 2009, Numar persoane, 840
Total, Bihor, Anul 2010, Numar persoane, 753
Total, Bihor, Anul 2011, Numar persoane, 787
Total, Bihor, Anul 2012, Numar persoane, 836
Total, Bihor, Anul 2013, Numar persoane, 711
Total, Bihor, Anul 2014, Numar persoane, 627
Total, Bihor, Anul 2015, Numar persoane, 614
Total, Bihor, Anul 2016, Numar persoane, 717
Total, Bihor, Anul 2017, Numar persoane, 798
Total, Bistrita-Nasaud, Anul 1999, Numar persoane, 161
Total, Bistrita-Nasaud, Anul 2000, Numar persoane, 131
Total, Bistrita-Nasaud, Anul 2001, Numar persoane, 147
Total, Bistrita-Nasaud, Anul 2002, Numar persoane, 112
Total, Bistrita-Nasaud, Anul 2003, Numar persoane, 102
Total, Bistrita-Nasaud, Anul 2004, Numar persoane, 106
Total, Bistrita-Nasaud, Anul 2005, Numar persoane, 418
Total, Bistrita-Nasaud, Anul 2006, Numar persoane, 383
Total, Bistrita-Nasaud, Anul 2007, Numar persoane, 330
Total, Bistrita-Nasaud, Anul 2008, Numar persoane, 389
Total, Bistrita-Nasaud, Anul 2009, Numar persoane, 431
Total, Bistrita-Nasaud, Anul 2010, Numar persoane, 461
Total, Bistrita-Nasaud, Anul 2011, Numar persoane, 500
Total, Bistrita-Nasaud, Anul 2012, Numar persoane, 502
Total, Bistrita-Nasaud, Anul 2013, Numar persoane, 394
Total, Bistrita-Nasaud, Anul 2014, Numar persoane, 539
Total, Bistrita-Nasaud, Anul 2015, Numar persoane, 736
Total, Bistrita-Nasaud, Anul 2016, Numar persoane, 769
Total, Bistrita-Nasaud, Anul 2017, Numar persoane, 772
Total, Cluj, Anul 1999, Numar persoane, 290
Total, Cluj, Anul 2000, Numar persoane, 258
Total, Cluj, Anul 2001, Numar persoane, 237
Total, Cluj, Anul 2002, Numar persoane, 266
Total, Cluj, Anul 2003, Numar persoane, 265
Total, Cluj, Anul 2004, Numar persoane, 291
Total, Cluj, Anul 2005, Numar persoane, 786
Total, Cluj, Anul 2006, Numar persoane, 780
Total, Cluj, Anul 2007, Numar persoane, 1027
Total, Cluj, Anul 2008, Numar persoane, 1343
Total, Cluj, Anul 2009, Numar persoane, 1335
Total, Cluj, Anul 2010, Numar persoane, 1110
Total, Cluj, Anul 2011, Numar persoane, 1304
Total, Cluj, Anul 2012, Numar persoane, 1449
Total, Cluj, Anul 2013, Numar persoane, 1314
Total, Cluj, Anul 2014, Numar persoane, 1340
Total, Cluj, Anul 2015, Numar persoane, 1412
Total, Cluj, Anul 2016, Numar persoane, 1772
Total, Cluj, Anul 2017, Numar persoane, 1827
Total, Maramures, Anul 1999, Numar persoane, 208
Total, Maramures, Anul 2000, Numar persoane, 179
Total, Maramures, Anul 2001, Numar persoane, 234
Total, Maramures, Anul 2002, Numar persoane, 222
Total, Maramures, Anul 2003, Numar persoane, 212
Total, Maramures, Anul 2004, Numar persoane, 207
Total, Maramures, Anul 2005, Numar persoane, 491
Total, Maramures, Anul 2006, Numar persoane, 466
Total, Maramures, Anul 2007, Numar persoane, 586
Total, Maramures, Anul 2008, Numar persoane, 785
Total, Maramures, Anul 2009, Numar persoane, 823
Total, Maramures, Anul 2010, Numar persoane, 784
Total, Maramures, Anul 2011, Numar persoane, 763
Total, Maramures, Anul 2012, Numar persoane, 744
Total, Maramures, Anul 2013, Numar persoane, 643
Total, Maramures, Anul 2014, Numar persoane, 680
Total, Maramures, Anul 2015, Numar persoane, 828
Total, Maramures, Anul 2016, Numar persoane, 797
Total, Maramures, Anul 2017, Numar persoane, 817
Total, Satu Mare, Anul 1999, Numar persoane, 104
Total, Satu Mare, Anul 2000, Numar persoane, 93
Total, Satu Mare, Anul 2001, Numar persoane, 84
Total, Satu Mare, Anul 2002, Numar persoane, 78
Total, Satu Mare, Anul 2003, Numar persoane, 79
Total, Satu Mare, Anul 2004, Numar persoane, 77
Total, Satu Mare, Anul 2005, Numar persoane, 241
Total, Satu Mare, Anul 2006, Numar persoane, 189
Total, Satu Mare, Anul 2007, Numar persoane, 263
Total, Satu Mare, Anul 2008, Numar persoane, 344
Total, Satu Mare, Anul 2009, Numar persoane, 319
Total, Satu Mare, Anul 2010, Numar persoane, 295
Total, Satu Mare, Anul 2011, Numar persoane, 297
Total, Satu Mare, Anul 2012, Numar persoane, 367
Total, Satu Mare, Anul 2013, Numar persoane, 358
Total, Satu Mare, Anul 2014, Numar persoane, 340
Total, Satu Mare, Anul 2015, Numar persoane, 425
Total, Satu Mare, Anul 2016, Numar persoane, 410
Total, Satu Mare, Anul 2017, Numar persoane, 411
Total, Salaj, Anul 1999, Numar persoane, 65
Total, Salaj, Anul 2000, Numar persoane, 59
Total, Salaj, Anul 2001, Numar persoane, 64
Total, Salaj, Anul 2002, Numar persoane, 68
Total, Salaj, Anul 2003, Numar persoane, 100
Total, Salaj, Anul 2004, Numar persoane, 141
Total, Salaj, Anul 2005, Numar persoane, 232
Total, Salaj, Anul 2006, Numar persoane, 343
Total, Salaj, Anul 2007, Numar persoane, 354
Total, Salaj, Anul 2008, Numar persoane, 535
Total, Salaj, Anul 2009, Numar persoane, 498
Total, Salaj, Anul 2010, Numar persoane, 478
Total, Salaj, Anul 2011, Numar persoane, 392
Total, Salaj, Anul 2012, Numar persoane, 453
Total, Salaj, Anul 2013, Numar persoane, 376
Total, Salaj, Anul 2014, Numar persoane, 415
Total, Salaj, Anul 2015, Numar persoane, 424
Total, Salaj, Anul 2016, Numar persoane, 492
Total, Salaj, Anul 2017, Numar persoane, 501
Total, Regiunea CENTRU, Anul 1999, Numar persoane, 1460
Total, Regiunea CENTRU, Anul 2000, Numar persoane, 1411
Total, Regiunea CENTRU, Anul 2001, Numar persoane, 1228
Total, Regiunea CENTRU, Anul 2002, Numar persoane, 1435
Total, Regiunea CENTRU, Anul 2003, Numar persoane, 1451
Total, Regiunea CENTRU, Anul 2004, Numar persoane, 1423
Total, Regiunea CENTRU, Anul 2005, Numar persoane, 2870
Total, Regiunea CENTRU, Anul 2006, Numar persoane, 2997
Total, Regiunea CENTRU, Anul 2007, Numar persoane, 3475
Total, Regiunea CENTRU, Anul 2008, Numar persoane, 4437
Total, Regiunea CENTRU, Anul 2009, Numar persoane, 4192
Total, Regiunea CENTRU, Anul 2010, Numar persoane, 3677
Total, Regiunea CENTRU, Anul 2011, Numar persoane, 3614
Total, Regiunea CENTRU, Anul 2012, Numar persoane, 3692
Total, Regiunea CENTRU, Anul 2013, Numar persoane, 3870
Total, Regiunea CENTRU, Anul 2014, Numar persoane, 4202
Total, Regiunea CENTRU, Anul 2015, Numar persoane, 4601
Total, Regiunea CENTRU, Anul 2016, Numar persoane, 5144
Total, Regiunea CENTRU, Anul 2017, Numar persoane, 5066
Total, Alba, Anul 1999, Numar persoane, 177
Total, Alba, Anul 2000, Numar persoane, 159
Total, Alba, Anul 2001, Numar persoane, 186
Total, Alba, Anul 2002, Numar persoane, 194
Total, Alba, Anul 2003, Numar persoane, 191
Total, Alba, Anul 2004, Numar persoane, 191
Total, Alba, Anul 2005, Numar persoane, 333
Total, Alba, Anul 2006, Numar persoane, 299
Total, Alba, Anul 2007, Numar persoane, 430
Total, Alba, Anul 2008, Numar persoane, 518
Total, Alba, Anul 2009, Numar persoane, 540
Total, Alba, Anul 2010, Numar persoane, 460
Total, Alba, Anul 2011, Numar persoane, 489
Total, Alba, Anul 2012, Numar persoane, 551
Total, Alba, Anul 2013, Numar persoane, 558
Total, Alba, Anul 2014, Numar persoane, 609
Total, Alba, Anul 2015, Numar persoane, 580
Total, Alba, Anul 2016, Numar persoane, 659
Total, Alba, Anul 2017, Numar persoane, 640
Total, Brasov, Anul 1999, Numar persoane, 429
Total, Brasov, Anul 2000, Numar persoane, 406
Total, Brasov, Anul 2001, Numar persoane, 221
Total, Brasov, Anul 2002, Numar persoane, 401
Total, Brasov, Anul 2003, Numar persoane, 439
Total, Brasov, Anul 2004, Numar persoane, 438
Total, Brasov, Anul 2005, Numar persoane, 1169
Total, Brasov, Anul 2006, Numar persoane, 1347
Total, Brasov, Anul 2007, Numar persoane, 1299
Total, Brasov, Anul 2008, Numar persoane, 1642
Total, Brasov, Anul 2009, Numar persoane, 1286
Total, Brasov, Anul 2010, Numar persoane, 1148
Total, Brasov, Anul 2011, Numar persoane, 1093
Total, Brasov, Anul 2012, Numar persoane, 1122
Total, Brasov, Anul 2013, Numar persoane, 985
Total, Brasov, Anul 2014, Numar persoane, 1139
Total, Brasov, Anul 2015, Numar persoane, 1178
Total, Brasov, Anul 2016, Numar persoane, 1248
Total, Brasov, Anul 2017, Numar persoane, 1291
Total, Covasna, Anul 1999, Numar persoane, 128
Total, Covasna, Anul 2000, Numar persoane, 108
Total, Covasna, Anul 2001, Numar persoane, 90
Total, Covasna, Anul 2002, Numar persoane, 91
Total, Covasna, Anul 2003, Numar persoane, 99
Total, Covasna, Anul 2004, Numar persoane, 71
Total, Covasna, Anul 2005, Numar persoane, 144
Total, Covasna, Anul 2006, Numar persoane, 139
Total, Covasna, Anul 2007, Numar persoane, 141
Total, Covasna, Anul 2008, Numar persoane, 242
Total, Covasna, Anul 2009, Numar persoane, 252
Total, Covasna, Anul 2010, Numar persoane, 280
Total, Covasna, Anul 2011, Numar persoane, 249
Total, Covasna, Anul 2012, Numar persoane, 247
Total, Covasna, Anul 2013, Numar persoane, 268
Total, Covasna, Anul 2014, Numar persoane, 271
Total, Covasna, Anul 2015, Numar persoane, 274
Total, Covasna, Anul 2016, Numar persoane, 334
Total, Covasna, Anul 2017, Numar persoane, 331
Total, Harghita, Anul 1999, Numar persoane, 133
Total, Harghita, Anul 2000, Numar persoane, 180
Total, Harghita, Anul 2001, Numar persoane, 176
Total, Harghita, Anul 2002, Numar persoane, 163
Total, Harghita, Anul 2003, Numar persoane, 167
Total, Harghita, Anul 2004, Numar persoane, 135
Total, Harghita, Anul 2005, Numar persoane, 423
Total, Harghita, Anul 2006, Numar persoane, 458
Total, Harghita, Anul 2007, Numar persoane, 563
Total, Harghita, Anul 2008, Numar persoane, 584
Total, Harghita, Anul 2009, Numar persoane, 581
Total, Harghita, Anul 2010, Numar persoane, 531
Total, Harghita, Anul 2011, Numar persoane, 565
Total, Harghita, Anul 2012, Numar persoane, 562
Total, Harghita, Anul 2013, Numar persoane, 515
Total, Harghita, Anul 2014, Numar persoane, 441
Total, Harghita, Anul 2015, Numar persoane, 648
Total, Harghita, Anul 2016, Numar persoane, 667
Total, Harghita, Anul 2017, Numar persoane, 687
Total, Mures, Anul 1999, Numar persoane, 408
Total, Mures, Anul 2000, Numar persoane, 378
Total, Mures, Anul 2001, Numar persoane, 378
Total, Mures, Anul 2002, Numar persoane, 412
Total, Mures, Anul 2003, Numar persoane, 367
Total, Mures, Anul 2004, Numar persoane, 403
Total, Mures, Anul 2005, Numar persoane, 405
Total, Mures, Anul 2006, Numar persoane, 405
Total, Mures, Anul 2007, Numar persoane, 402
Total, Mures, Anul 2008, Numar persoane, 595
Total, Mures, Anul 2009, Numar persoane, 733
Total, Mures, Anul 2010, Numar persoane, 560
Total, Mures, Anul 2011, Numar persoane, 555
Total, Mures, Anul 2012, Numar persoane, 542
Total, Mures, Anul 2013, Numar persoane, 863
Total, Mures, Anul 2014, Numar persoane, 1023
Total, Mures, Anul 2015, Numar persoane, 1195
Total, Mures, Anul 2016, Numar persoane, 1386
Total, Mures, Anul 2017, Numar persoane, 1323
Total, Sibiu, Anul 1999, Numar persoane, 185
Total, Sibiu, Anul 2000, Numar persoane, 180
Total, Sibiu, Anul 2001, Numar persoane, 177
Total, Sibiu, Anul 2002, Numar persoane, 174
Total, Sibiu, Anul 2003, Numar persoane, 188
Total, Sibiu, Anul 2004, Numar persoane, 185
Total, Sibiu, Anul 2005, Numar persoane, 396
Total, Sibiu, Anul 2006, Numar persoane, 349
Total, Sibiu, Anul 2007, Numar persoane, 640
Total, Sibiu, Anul 2008, Numar persoane, 856
Total, Sibiu, Anul 2009, Numar persoane, 800
Total, Sibiu, Anul 2010, Numar persoane, 698
Total, Sibiu, Anul 2011, Numar persoane, 663
Total, Sibiu, Anul 2012, Numar persoane, 668
Total, Sibiu, Anul 2013, Numar persoane, 681
Total, Sibiu, Anul 2014, Numar persoane, 719
Total, Sibiu, Anul 2015, Numar persoane, 726
Total, Sibiu, Anul 2016, Numar persoane, 850
Total, Sibiu, Anul 2017, Numar persoane, 794
Total, MACROREGIUNEA DOI, Anul 1999, Numar persoane, 2621
Total, MACROREGIUNEA DOI, Anul 2000, Numar persoane, 2659
Total, MACROREGIUNEA DOI, Anul 2001, Numar persoane, 2629
Total, MACROREGIUNEA DOI, Anul 2002, Numar persoane, 2707
Total, MACROREGIUNEA DOI, Anul 2003, Numar persoane, 2288
Total, MACROREGIUNEA DOI, Anul 2004, Numar persoane, 2321
Total, MACROREGIUNEA DOI, Anul 2005, Numar persoane, 6965
Total, MACROREGIUNEA DOI, Anul 2006, Numar persoane, 7553
Total, MACROREGIUNEA DOI, Anul 2007, Numar persoane, 8724
Total, MACROREGIUNEA DOI, Anul 2008, Numar persoane, 10910
Total, MACROREGIUNEA DOI, Anul 2009, Numar persoane, 10655
Total, MACROREGIUNEA DOI, Anul 2010, Numar persoane, 9925
Total, MACROREGIUNEA DOI, Anul 2011, Numar persoane, 10081
Total, MACROREGIUNEA DOI, Anul 2012, Numar persoane, 10003
Total, MACROREGIUNEA DOI, Anul 2013, Numar persoane, 9245
Total, MACROREGIUNEA DOI, Anul 2014, Numar persoane, 9865
Total, MACROREGIUNEA DOI, Anul 2015, Numar persoane, 11092
Total, MACROREGIUNEA DOI, Anul 2016, Numar persoane, 11990
Total, MACROREGIUNEA DOI, Anul 2017, Numar persoane, 12132
Total, Regiunea NORD-EST, Anul 1999, Numar persoane, 1236
Total, Regiunea NORD-EST, Anul 2000, Numar persoane, 1241
Total, Regiunea NORD-EST, Anul 2001, Numar persoane, 1147
Total, Regiunea NORD-EST, Anul 2002, Numar persoane, 1158
Total, Regiunea NORD-EST, Anul 2003, Numar persoane, 1026
Total, Regiunea NORD-EST, Anul 2004, Numar persoane, 1131
Total, Regiunea NORD-EST, Anul 2005, Numar persoane, 3094
Total, Regiunea NORD-EST, Anul 2006, Numar persoane, 3506
Total, Regiunea NORD-EST, Anul 2007, Numar persoane, 4233
Total, Regiunea NORD-EST, Anul 2008, Numar persoane, 5543
Total, Regiunea NORD-EST, Anul 2009, Numar persoane, 5551
Total, Regiunea NORD-EST, Anul 2010, Numar persoane, 5074
Total, Regiunea NORD-EST, Anul 2011, Numar persoane, 5427
Total, Regiunea NORD-EST, Anul 2012, Numar persoane, 5200
Total, Regiunea NORD-EST, Anul 2013, Numar persoane, 4861
Total, Regiunea NORD-EST, Anul 2014, Numar persoane, 5347
Total, Regiunea NORD-EST, Anul 2015, Numar persoane, 6113
Total, Regiunea NORD-EST, Anul 2016, Numar persoane, 6793
Total, Regiunea NORD-EST, Anul 2017, Numar persoane, 6876
Total, Bacau, Anul 1999, Numar persoane, 264
Total, Bacau, Anul 2000, Numar persoane, 306
Total, Bacau, Anul 2001, Numar persoane, 272
Total, Bacau, Anul 2002, Numar persoane, 249
Total, Bacau, Anul 2003, Numar persoane, 235
Total, Bacau, Anul 2004, Numar persoane, 241
Total, Bacau, Anul 2005, Numar persoane, 563
Total, Bacau, Anul 2006, Numar persoane, 647
Total, Bacau, Anul 2007, Numar persoane, 854
Total, Bacau, Anul 2008, Numar persoane, 1109
Total, Bacau, Anul 2009, Numar persoane, 1067
Total, Bacau, Anul 2010, Numar persoane, 993
Total, Bacau, Anul 2011, Numar persoane, 960
Total, Bacau, Anul 2012, Numar persoane, 972
Total, Bacau, Anul 2013, Numar persoane, 965
Total, Bacau, Anul 2014, Numar persoane, 988
Total, Bacau, Anul 2015, Numar persoane, 1052
Total, Bacau, Anul 2016, Numar persoane, 1028
Total, Bacau, Anul 2017, Numar persoane, 1235
Total, Botosani, Anul 1999, Numar persoane, 119
Total, Botosani, Anul 2000, Numar persoane, 120
Total, Botosani, Anul 2001, Numar persoane, 117
Total, Botosani, Anul 2002, Numar persoane, 128
Total, Botosani, Anul 2003, Numar persoane, 141
Total, Botosani, Anul 2004, Numar persoane, 142
Total, Botosani, Anul 2005, Numar persoane, 388
Total, Botosani, Anul 2006, Numar persoane, 376
Total, Botosani, Anul 2007, Numar persoane, 493
Total, Botosani, Anul 2008, Numar persoane, 640
Total, Botosani, Anul 2009, Numar persoane, 561
Total, Botosani, Anul 2010, Numar persoane, 465
Total, Botosani, Anul 2011, Numar persoane, 448
Total, Botosani, Anul 2012, Numar persoane, 465
Total, Botosani, Anul 2013, Numar persoane, 400
Total, Botosani, Anul 2014, Numar persoane, 520
Total, Botosani, Anul 2015, Numar persoane, 596
Total, Botosani, Anul 2016, Numar persoane, 633
Total, Botosani, Anul 2017, Numar persoane, 677
Total, Iasi, Anul 1999, Numar persoane, 303
Total, Iasi, Anul 2000, Numar persoane, 263
Total, Iasi, Anul 2001, Numar persoane, 252
Total, Iasi, Anul 2002, Numar persoane, 278
Total, Iasi, Anul 2003, Numar persoane, 240
Total, Iasi, Anul 2004, Numar persoane, 254
Total, Iasi, Anul 2005, Numar persoane, 765
Total, Iasi, Anul 2006, Numar persoane, 813
Total, Iasi, Anul 2007, Numar persoane, 936
Total, Iasi, Anul 2008, Numar persoane, 1301
Total, Iasi, Anul 2009, Numar persoane, 1400
Total, Iasi, Anul 2010, Numar persoane, 1161
Total, Iasi, Anul 2011, Numar persoane, 1347
Total, Iasi, Anul 2012, Numar persoane, 1195
Total, Iasi, Anul 2013, Numar persoane, 1150
Total, Iasi, Anul 2014, Numar persoane, 1193
Total, Iasi, Anul 2015, Numar persoane, 1446
Total, Iasi, Anul 2016, Numar persoane, 1710
Total, Iasi, Anul 2017, Numar persoane, 1613
Total, Neamt, Anul 1999, Numar persoane, 227
Total, Neamt, Anul 2000, Numar persoane, 201
Total, Neamt, Anul 2001, Numar persoane, 202
Total, Neamt, Anul 2002, Numar persoane, 189
Total, Neamt, Anul 2003, Numar persoane, 169
Total, Neamt, Anul 2004, Numar persoane, 194
Total, Neamt, Anul 2005, Numar persoane, 524
Total, Neamt, Anul 2006, Numar persoane, 666
Total, Neamt, Anul 2007, Numar persoane, 628
Total, Neamt, Anul 2008, Numar persoane, 772
Total, Neamt, Anul 2009, Numar persoane, 776
Total, Neamt, Anul 2010, Numar persoane, 769
Total, Neamt, Anul 2011, Numar persoane, 861
Total, Neamt, Anul 2012, Numar persoane, 790
Total, Neamt, Anul 2013, Numar persoane, 694
Total, Neamt, Anul 2014, Numar persoane, 809
Total, Neamt, Anul 2015, Numar persoane, 888
Total, Neamt, Anul 2016, Numar persoane, 1009
Total, Neamt, Anul 2017, Numar persoane, 1028
Total, Suceava, Anul 1999, Numar persoane, 214
Total, Suceava, Anul 2000, Numar persoane, 226
Total, Suceava, Anul 2001, Numar persoane, 199
Total, Suceava, Anul 2002, Numar persoane, 218
Total, Suceava, Anul 2003, Numar persoane, 171
Total, Suceava, Anul 2004, Numar persoane, 200
Total, Suceava, Anul 2005, Numar persoane, 576
Total, Suceava, Anul 2006, Numar persoane, 724
Total, Suceava, Anul 2007, Numar persoane, 1023
Total, Suceava, Anul 2008, Numar persoane, 1297
Total, Suceava, Anul 2009, Numar persoane, 1359
Total, Suceava, Anul 2010, Numar persoane, 1218
Total, Suceava, Anul 2011, Numar persoane, 1267
Total, Suceava, Anul 2012, Numar persoane, 1186
Total, Suceava, Anul 2013, Numar persoane, 1104
Total, Suceava, Anul 2014, Numar persoane, 1231
Total, Suceava, Anul 2015, Numar persoane, 1547
Total, Suceava, Anul 2016, Numar persoane, 1703
Total, Suceava, Anul 2017, Numar persoane, 1617
Total, Vaslui, Anul 1999, Numar persoane, 109
Total, Vaslui, Anul 2000, Numar persoane, 125
Total, Vaslui, Anul 2001, Numar persoane, 105
Total, Vaslui, Anul 2002, Numar persoane, 96
Total, Vaslui, Anul 2003, Numar persoane, 70
Total, Vaslui, Anul 2004, Numar persoane, 100
Total, Vaslui, Anul 2005, Numar persoane, 278
Total, Vaslui, Anul 2006, Numar persoane, 280
Total, Vaslui, Anul 2007, Numar persoane, 299
Total, Vaslui, Anul 2008, Numar persoane, 424
Total, Vaslui, Anul 2009, Numar persoane, 388
Total, Vaslui, Anul 2010, Numar persoane, 468
Total, Vaslui, Anul 2011, Numar persoane, 544
Total, Vaslui, Anul 2012, Numar persoane, 592
Total, Vaslui, Anul 2013, Numar persoane, 548
Total, Vaslui, Anul 2014, Numar persoane, 606
Total, Vaslui, Anul 2015, Numar persoane, 584
Total, Vaslui, Anul 2016, Numar persoane, 710
Total, Vaslui, Anul 2017, Numar persoane, 706
Total, Regiunea SUD-EST, Anul 1999, Numar persoane, 1385
Total, Regiunea SUD-EST, Anul 2000, Numar persoane, 1418
Total, Regiunea SUD-EST, Anul 2001, Numar persoane, 1482
Total, Regiunea SUD-EST, Anul 2002, Numar persoane, 1549
Total, Regiunea SUD-EST, Anul 2003, Numar persoane, 1262
Total, Regiunea SUD-EST, Anul 2004, Numar persoane, 1190
Total, Regiunea SUD-EST, Anul 2005, Numar persoane, 3871
Total, Regiunea SUD-EST, Anul 2006, Numar persoane, 4047
Total, Regiunea SUD-EST, Anul 2007, Numar persoane, 4491
Total, Regiunea SUD-EST, Anul 2008, Numar persoane, 5367
Total, Regiunea SUD-EST, Anul 2009, Numar persoane, 5104
Total, Regiunea SUD-EST, Anul 2010, Numar persoane, 4851
Total, Regiunea SUD-EST, Anul 2011, Numar persoane, 4654
Total, Regiunea SUD-EST, Anul 2012, Numar persoane, 4803
Total, Regiunea SUD-EST, Anul 2013, Numar persoane, 4384
Total, Regiunea SUD-EST, Anul 2014, Numar persoane, 4518
Total, Regiunea SUD-EST, Anul 2015, Numar persoane, 4979
Total, Regiunea SUD-EST, Anul 2016, Numar persoane, 5197
Total, Regiunea SUD-EST, Anul 2017, Numar persoane, 5256
Total, Braila, Anul 1999, Numar persoane, 265
Total, Braila, Anul 2000, Numar persoane, 241
Total, Braila, Anul 2001, Numar persoane, 451
Total, Braila, Anul 2002, Numar persoane, 211
Total, Braila, Anul 2003, Numar persoane, 190
Total, Braila, Anul 2004, Numar persoane, 178
Total, Braila, Anul 2005, Numar persoane, 434
Total, Braila, Anul 2006, Numar persoane, 354
Total, Braila, Anul 2007, Numar persoane, 431
Total, Braila, Anul 2008, Numar persoane, 569
Total, Braila, Anul 2009, Numar persoane, 471
Total, Braila, Anul 2010, Numar persoane, 498
Total, Braila, Anul 2011, Numar persoane, 422
Total, Braila, Anul 2012, Numar persoane, 410
Total, Braila, Anul 2013, Numar persoane, 373
Total, Braila, Anul 2014, Numar persoane, 358
Total, Braila, Anul 2015, Numar persoane, 451
Total, Braila, Anul 2016, Numar persoane, 561
Total, Braila, Anul 2017, Numar persoane, 510
Total, Buzau, Anul 1999, Numar persoane, 227
Total, Buzau, Anul 2000, Numar persoane, 252
Total, Buzau, Anul 2001, Numar persoane, 255
Total, Buzau, Anul 2002, Numar persoane, 264
Total, Buzau, Anul 2003, Numar persoane, 250
Total, Buzau, Anul 2004, Numar persoane, 138
Total, Buzau, Anul 2005, Numar persoane, 839
Total, Buzau, Anul 2006, Numar persoane, 786
Total, Buzau, Anul 2007, Numar persoane, 868
Total, Buzau, Anul 2008, Numar persoane, 957
Total, Buzau, Anul 2009, Numar persoane, 904
Total, Buzau, Anul 2010, Numar persoane, 766
Total, Buzau, Anul 2011, Numar persoane, 709
Total, Buzau, Anul 2012, Numar persoane, 756
Total, Buzau, Anul 2013, Numar persoane, 696
Total, Buzau, Anul 2014, Numar persoane, 662
Total, Buzau, Anul 2015, Numar persoane, 761
Total, Buzau, Anul 2016, Numar persoane, 931
Total, Buzau, Anul 2017, Numar persoane, 928
Total, Constanta, Anul 1999, Numar persoane, 422
Total, Constanta, Anul 2000, Numar persoane, 469
Total, Constanta, Anul 2001, Numar persoane, 405
Total, Constanta, Anul 2002, Numar persoane, 460
Total, Constanta, Anul 2003, Numar persoane, 319
Total, Constanta, Anul 2004, Numar persoane, 367
Total, Constanta, Anul 2005, Numar persoane, 1127
Total, Constanta, Anul 2006, Numar persoane, 1398
Total, Constanta, Anul 2007, Numar persoane, 1603
Total, Constanta, Anul 2008, Numar persoane, 1783
Total, Constanta, Anul 2009, Numar persoane, 1664
Total, Constanta, Anul 2010, Numar persoane, 1856
Total, Constanta, Anul 2011, Numar persoane, 1785
Total, Constanta, Anul 2012, Numar persoane, 1679
Total, Constanta, Anul 2013, Numar persoane, 1539
Total, Constanta, Anul 2014, Numar persoane, 1736
Total, Constanta, Anul 2015, Numar persoane, 1770
Total, Constanta, Anul 2016, Numar persoane, 1670
Total, Constanta, Anul 2017, Numar persoane, 1633
Total, Galati, Anul 1999, Numar persoane, 198
Total, Galati, Anul 2000, Numar persoane, 196
Total, Galati, Anul 2001, Numar persoane, 134
Total, Galati, Anul 2002, Numar persoane, 368
Total, Galati, Anul 2003, Numar persoane, 273
Total, Galati, Anul 2004, Numar persoane, 266
Total, Galati, Anul 2005, Numar persoane, 768
Total, Galati, Anul 2006, Numar persoane, 884
Total, Galati, Anul 2007, Numar persoane, 816
Total, Galati, Anul 2008, Numar persoane, 936
Total, Galati, Anul 2009, Numar persoane, 933
Total, Galati, Anul 2010, Numar persoane, 707
Total, Galati, Anul 2011, Numar persoane, 706
Total, Galati, Anul 2012, Numar persoane, 804
Total, Galati, Anul 2013, Numar persoane, 784
Total, Galati, Anul 2014, Numar persoane, 746
Total, Galati, Anul 2015, Numar persoane, 827
Total, Galati, Anul 2016, Numar persoane, 962
Total, Galati, Anul 2017, Numar persoane, 1033
Total, Tulcea, Anul 1999, Numar persoane, 77
Total, Tulcea, Anul 2000, Numar persoane, 84
Total, Tulcea, Anul 2001, Numar persoane, 76
Total, Tulcea, Anul 2002, Numar persoane, 74
Total, Tulcea, Anul 2003, Numar persoane, 79
Total, Tulcea, Anul 2004, Numar persoane, 77
Total, Tulcea, Anul 2005, Numar persoane, 250
Total, Tulcea, Anul 2006, Numar persoane, 235
Total, Tulcea, Anul 2007, Numar persoane, 237
Total, Tulcea, Anul 2008, Numar persoane, 329
Total, Tulcea, Anul 2009, Numar persoane, 389
Total, Tulcea, Anul 2010, Numar persoane, 342
Total, Tulcea, Anul 2011, Numar persoane, 425
Total, Tulcea, Anul 2012, Numar persoane, 489
Total, Tulcea, Anul 2013, Numar persoane, 400
Total, Tulcea, Anul 2014, Numar persoane, 389
Total, Tulcea, Anul 2015, Numar persoane, 466
Total, Tulcea, Anul 2016, Numar persoane, 406
Total, Tulcea, Anul 2017, Numar persoane, 443
Total, Vrancea, Anul 1999, Numar persoane, 196
Total, Vrancea, Anul 2000, Numar persoane, 176
Total, Vrancea, Anul 2001, Numar persoane, 161
Total, Vrancea, Anul 2002, Numar persoane, 172
Total, Vrancea, Anul 2003, Numar persoane, 151
Total, Vrancea, Anul 2004, Numar persoane, 164
Total, Vrancea, Anul 2005, Numar persoane, 453
Total, Vrancea, Anul 2006, Numar persoane, 390
Total, Vrancea, Anul 2007, Numar persoane, 536
Total, Vrancea, Anul 2008, Numar persoane, 793
Total, Vrancea, Anul 2009, Numar persoane, 743
Total, Vrancea, Anul 2010, Numar persoane, 682
Total, Vrancea, Anul 2011, Numar persoane, 607
Total, Vrancea, Anul 2012, Numar persoane, 665
Total, Vrancea, Anul 2013, Numar persoane, 592
Total, Vrancea, Anul 2014, Numar persoane, 627
Total, Vrancea, Anul 2015, Numar persoane, 704
Total, Vrancea, Anul 2016, Numar persoane, 667
Total, Vrancea, Anul 2017, Numar persoane, 709
Total, MACROREGIUNEA TREI, Anul 1999, Numar persoane, 3007
Total, MACROREGIUNEA TREI, Anul 2000, Numar persoane, 2932
Total, MACROREGIUNEA TREI, Anul 2001, Numar persoane, 2681
Total, MACROREGIUNEA TREI, Anul 2002, Numar persoane, 2429
Total, MACROREGIUNEA TREI, Anul 2003, Numar persoane, 2388
Total, MACROREGIUNEA TREI, Anul 2004, Numar persoane, 2553
Total, MACROREGIUNEA TREI, Anul 2005, Numar persoane, 8959
Total, MACROREGIUNEA TREI, Anul 2006, Numar persoane, 10487
Total, MACROREGIUNEA TREI, Anul 2007, Numar persoane, 10845
Total, MACROREGIUNEA TREI, Anul 2008, Numar persoane, 13621
Total, MACROREGIUNEA TREI, Anul 2009, Numar persoane, 12508
Total, MACROREGIUNEA TREI, Anul 2010, Numar persoane, 10856
Total, MACROREGIUNEA TREI, Anul 2011, Numar persoane, 10979
Total, MACROREGIUNEA TREI, Anul 2012, Numar persoane, 10848
Total, MACROREGIUNEA TREI, Anul 2013, Numar persoane, 10084
Total, MACROREGIUNEA TREI, Anul 2014, Numar persoane, 9777
Total, MACROREGIUNEA TREI, Anul 2015, Numar persoane, 11044
Total, MACROREGIUNEA TREI, Anul 2016, Numar persoane, 11623
Total, MACROREGIUNEA TREI, Anul 2017, Numar persoane, 11739
Total, Regiunea SUD-MUNTENIA, Anul 1999, Numar persoane, 1741
Total, Regiunea SUD-MUNTENIA, Anul 2000, Numar persoane, 1770
Total, Regiunea SUD-MUNTENIA, Anul 2001, Numar persoane, 1555
Total, Regiunea SUD-MUNTENIA, Anul 2002, Numar persoane, 1442
Total, Regiunea SUD-MUNTENIA, Anul 2003, Numar persoane, 1337
Total, Regiunea SUD-MUNTENIA, Anul 2004, Numar persoane, 1440
Total, Regiunea SUD-MUNTENIA, Anul 2005, Numar persoane, 4125
Total, Regiunea SUD-MUNTENIA, Anul 2006, Numar persoane, 4365
Total, Regiunea SUD-MUNTENIA, Anul 2007, Numar persoane, 4770
Total, Regiunea SUD-MUNTENIA, Anul 2008, Numar persoane, 5893
Total, Regiunea SUD-MUNTENIA, Anul 2009, Numar persoane, 5904
Total, Regiunea SUD-MUNTENIA, Anul 2010, Numar persoane, 5134
Total, Regiunea SUD-MUNTENIA, Anul 2011, Numar persoane, 5325
Total, Regiunea SUD-MUNTENIA, Anul 2012, Numar persoane, 5334
Total, Regiunea SUD-MUNTENIA, Anul 2013, Numar persoane, 4869
Total, Regiunea SUD-MUNTENIA, Anul 2014, Numar persoane, 4879
Total, Regiunea SUD-MUNTENIA, Anul 2015, Numar persoane, 5616
Total, Regiunea SUD-MUNTENIA, Anul 2016, Numar persoane, 6254
Total, Regiunea SUD-MUNTENIA, Anul 2017, Numar persoane, 6495
Total, Arges, Anul 1999, Numar persoane, 265
Total, Arges, Anul 2000, Numar persoane, 244
Total, Arges, Anul 2001, Numar persoane, 241
Total, Arges, Anul 2002, Numar persoane, 233
Total, Arges, Anul 2003, Numar persoane, 221
Total, Arges, Anul 2004, Numar persoane, 224
Total, Arges, Anul 2005, Numar persoane, 638
Total, Arges, Anul 2006, Numar persoane, 733
Total, Arges, Anul 2007, Numar persoane, 777
Total, Arges, Anul 2008, Numar persoane, 1059
Total, Arges, Anul 2009, Numar persoane, 1043
Total, Arges, Anul 2010, Numar persoane, 1074
Total, Arges, Anul 2011, Numar persoane, 1086
Total, Arges, Anul 2012, Numar persoane, 1204
Total, Arges, Anul 2013, Numar persoane, 1058
Total, Arges, Anul 2014, Numar persoane, 1065
Total, Arges, Anul 2015, Numar persoane, 1234
Total, Arges, Anul 2016, Numar persoane, 1324
Total, Arges, Anul 2017, Numar persoane, 1325
Total, Calarasi, Anul 1999, Numar persoane, 177
Total, Calarasi, Anul 2000, Numar persoane, 175
Total, Calarasi, Anul 2001, Numar persoane, 170
Total, Calarasi, Anul 2002, Numar persoane, 138
Total, Calarasi, Anul 2003, Numar persoane, 133
Total, Calarasi, Anul 2004, Numar persoane, 183
Total, Calarasi, Anul 2005, Numar persoane, 475
Total, Calarasi, Anul 2006, Numar persoane, 501
Total, Calarasi, Anul 2007, Numar persoane, 548
Total, Calarasi, Anul 2008, Numar persoane, 721
Total, Calarasi, Anul 2009, Numar persoane, 687
Total, Calarasi, Anul 2010, Numar persoane, 619
Total, Calarasi, Anul 2011, Numar persoane, 551
Total, Calarasi, Anul 2012, Numar persoane, 644
Total, Calarasi, Anul 2013, Numar persoane, 499
Total, Calarasi, Anul 2014, Numar persoane, 584
Total, Calarasi, Anul 2015, Numar persoane, 604
Total, Calarasi, Anul 2016, Numar persoane, 731
Total, Calarasi, Anul 2017, Numar persoane, 680
Total, Dambovita, Anul 1999, Numar persoane, 417
Total, Dambovita, Anul 2000, Numar persoane, 419
Total, Dambovita, Anul 2001, Numar persoane, 335
Total, Dambovita, Anul 2002, Numar persoane, 342
Total, Dambovita, Anul 2003, Numar persoane, 355
Total, Dambovita, Anul 2004, Numar persoane, 390
Total, Dambovita, Anul 2005, Numar persoane, 524
Total, Dambovita, Anul 2006, Numar persoane, 566
Total, Dambovita, Anul 2007, Numar persoane, 696
Total, Dambovita, Anul 2008, Numar persoane, 866
Total, Dambovita, Anul 2009, Numar persoane, 850
Total, Dambovita, Anul 2010, Numar persoane, 751
Total, Dambovita, Anul 2011, Numar persoane, 783
Total, Dambovita, Anul 2012, Numar persoane, 665
Total, Dambovita, Anul 2013, Numar persoane, 703
Total, Dambovita, Anul 2014, Numar persoane, 727
Total, Dambovita, Anul 2015, Numar persoane, 820
Total, Dambovita, Anul 2016, Numar persoane, 918
Total, Dambovita, Anul 2017, Numar persoane, 935
Total, Giurgiu, Anul 1999, Numar persoane, 154
Total, Giurgiu, Anul 2000, Numar persoane, 152
Total, Giurgiu, Anul 2001, Numar persoane, 124
Total, Giurgiu, Anul 2002, Numar persoane, 104
Total, Giurgiu, Anul 2003, Numar persoane, 86
Total, Giurgiu, Anul 2004, Numar persoane, 92
Total, Giurgiu, Anul 2005, Numar persoane, 271
Total, Giurgiu, Anul 2006, Numar persoane, 287
Total, Giurgiu, Anul 2007, Numar persoane, 329
Total, Giurgiu, Anul 2008, Numar persoane, 395
Total, Giurgiu, Anul 2009, Numar persoane, 443
Total, Giurgiu, Anul 2010, Numar persoane, 383
Total, Giurgiu, Anul 2011, Numar persoane, 440
Total, Giurgiu, Anul 2012, Numar persoane, 434
Total, Giurgiu, Anul 2013, Numar persoane, 395
Total, Giurgiu, Anul 2014, Numar persoane, 402
Total, Giurgiu, Anul 2015, Numar persoane, 441
Total, Giurgiu, Anul 2016, Numar persoane, 624
Total, Giurgiu, Anul 2017, Numar persoane, 604
Total, Ialomita, Anul 1999, Numar persoane, 207
Total, Ialomita, Anul 2000, Numar persoane, 204
Total, Ialomita, Anul 2001, Numar persoane, 182
Total, Ialomita, Anul 2002, Numar persoane, 166
Total, Ialomita, Anul 2003, Numar persoane, 143
Total, Ialomita, Anul 2004, Numar persoane, 122
Total, Ialomita, Anul 2005, Numar persoane, 375
Total, Ialomita, Anul 2006, Numar persoane, 421
Total, Ialomita, Anul 2007, Numar persoane, 377
Total, Ialomita, Anul 2008, Numar persoane, 504
Total, Ialomita, Anul 2009, Numar persoane, 454
Total, Ialomita, Anul 2010, Numar persoane, 386
Total, Ialomita, Anul 2011, Numar persoane, 366
Total, Ialomita, Anul 2012, Numar persoane, 455
Total, Ialomita, Anul 2013, Numar persoane, 400
Total, Ialomita, Anul 2014, Numar persoane, 340
Total, Ialomita, Anul 2015, Numar persoane, 499
Total, Ialomita, Anul 2016, Numar persoane, 512
Total, Ialomita, Anul 2017, Numar persoane, 654
Total, Prahova, Anul 1999, Numar persoane, 409
Total, Prahova, Anul 2000, Numar persoane, 468
Total, Prahova, Anul 2001, Numar persoane, 392
Total, Prahova, Anul 2002, Numar persoane, 341
Total, Prahova, Anul 2003, Numar persoane, 288
Total, Prahova, Anul 2004, Numar persoane, 290
Total, Prahova, Anul 2005, Numar persoane, 1271
Total, Prahova, Anul 2006, Numar persoane, 1348
Total, Prahova, Anul 2007, Numar persoane, 1464
Total, Prahova, Anul 2008, Numar persoane, 1597
Total, Prahova, Anul 2009, Numar persoane, 1647
Total, Prahova, Anul 2010, Numar persoane, 1369
Total, Prahova, Anul 2011, Numar persoane, 1500
Total, Prahova, Anul 2012, Numar persoane, 1416
Total, Prahova, Anul 2013, Numar persoane, 1306
Total, Prahova, Anul 2014, Numar persoane, 1248
Total, Prahova, Anul 2015, Numar persoane, 1456
Total, Prahova, Anul 2016, Numar persoane, 1570
Total, Prahova, Anul 2017, Numar persoane, 1669
Total, Teleorman, Anul 1999, Numar persoane, 112
Total, Teleorman, Anul 2000, Numar persoane, 108
Total, Teleorman, Anul 2001, Numar persoane, 111
Total, Teleorman, Anul 2002, Numar persoane, 118
Total, Teleorman, Anul 2003, Numar persoane, 111
Total, Teleorman, Anul 2004, Numar persoane, 139
Total, Teleorman, Anul 2005, Numar persoane, 571
Total, Teleorman, Anul 2006, Numar persoane, 509
Total, Teleorman, Anul 2007, Numar persoane, 579
Total, Teleorman, Anul 2008, Numar persoane, 751
Total, Teleorman, Anul 2009, Numar persoane, 780
Total, Teleorman, Anul 2010, Numar persoane, 552
Total, Teleorman, Anul 2011, Numar persoane, 599
Total, Teleorman, Anul 2012, Numar persoane, 516
Total, Teleorman, Anul 2013, Numar persoane, 508
Total, Teleorman, Anul 2014, Numar persoane, 513
Total, Teleorman, Anul 2015, Numar persoane, 562
Total, Teleorman, Anul 2016, Numar persoane, 575
Total, Teleorman, Anul 2017, Numar persoane, 628
Total, Regiunea BUCURESTI - ILFOV, Anul 1999, Numar persoane, 1266
Total, Regiunea BUCURESTI - ILFOV, Anul 2000, Numar persoane, 1162
Total, Regiunea BUCURESTI - ILFOV, Anul 2001, Numar persoane, 1126
Total, Regiunea BUCURESTI - ILFOV, Anul 2002, Numar persoane, 987
Total, Regiunea BUCURESTI - ILFOV, Anul 2003, Numar persoane, 1051
Total, Regiunea BUCURESTI - ILFOV, Anul 2004, Numar persoane, 1113
Total, Regiunea BUCURESTI - ILFOV, Anul 2005, Numar persoane, 4834
Total, Regiunea BUCURESTI - ILFOV, Anul 2006, Numar persoane, 6122
Total, Regiunea BUCURESTI - ILFOV, Anul 2007, Numar persoane, 6075
Total, Regiunea BUCURESTI - ILFOV, Anul 2008, Numar persoane, 7728
Total, Regiunea BUCURESTI - ILFOV, Anul 2009, Numar persoane, 6604
Total, Regiunea BUCURESTI - ILFOV, Anul 2010, Numar persoane, 5722
Total, Regiunea BUCURESTI - ILFOV, Anul 2011, Numar persoane, 5654
Total, Regiunea BUCURESTI - ILFOV, Anul 2012, Numar persoane, 5514
Total, Regiunea BUCURESTI - ILFOV, Anul 2013, Numar persoane, 5215
Total, Regiunea BUCURESTI - ILFOV, Anul 2014, Numar persoane, 4898
Total, Regiunea BUCURESTI - ILFOV, Anul 2015, Numar persoane, 5428
Total, Regiunea BUCURESTI - ILFOV, Anul 2016, Numar persoane, 5369
Total, Regiunea BUCURESTI - ILFOV, Anul 2017, Numar persoane, 5244
Total, Ilfov, Anul 1999, Numar persoane, 389
Total, Ilfov, Anul 2000, Numar persoane, 332
Total, Ilfov, Anul 2001, Numar persoane, 306
Total, Ilfov, Anul 2002, Numar persoane, 230
Total, Ilfov, Anul 2003, Numar persoane, 329
Total, Ilfov, Anul 2004, Numar persoane, 301
Total, Ilfov, Anul 2005, Numar persoane, 812
Total, Ilfov, Anul 2006, Numar persoane, 1340
Total, Ilfov, Anul 2007, Numar persoane, 971
Total, Ilfov, Anul 2008, Numar persoane, 1756
Total, Ilfov, Anul 2009, Numar persoane, 1375
Total, Ilfov, Anul 2010, Numar persoane, 1247
Total, Ilfov, Anul 2011, Numar persoane, 1147
Total, Ilfov, Anul 2012, Numar persoane, 1102
Total, Ilfov, Anul 2013, Numar persoane, 1021
Total, Ilfov, Anul 2014, Numar persoane, 1142
Total, Ilfov, Anul 2015, Numar persoane, 1178
Total, Ilfov, Anul 2016, Numar persoane, 1240
Total, Ilfov, Anul 2017, Numar persoane, 1259
Total, Municipiul Bucuresti, Anul 1999, Numar persoane, 877
Total, Municipiul Bucuresti, Anul 2000, Numar persoane, 830
Total, Municipiul Bucuresti, Anul 2001, Numar persoane, 820
Total, Municipiul Bucuresti, Anul 2002, Numar persoane, 757
Total, Municipiul Bucuresti, Anul 2003, Numar persoane, 722
Total, Municipiul Bucuresti, Anul 2004, Numar persoane, 812
Total, Municipiul Bucuresti, Anul 2005, Numar persoane, 4022
Total, Municipiul Bucuresti, Anul 2006, Numar persoane, 4782
Total, Municipiul Bucuresti, Anul 2007, Numar persoane, 5104
Total, Municipiul Bucuresti, Anul 2008, Numar persoane, 5972
Total, Municipiul Bucuresti, Anul 2009, Numar persoane, 5229
Total, Municipiul Bucuresti, Anul 2010, Numar persoane, 4475
Total, Municipiul Bucuresti, Anul 2011, Numar persoane, 4507
Total, Municipiul Bucuresti, Anul 2012, Numar persoane, 4412
Total, Municipiul Bucuresti, Anul 2013, Numar persoane, 4194
Total, Municipiul Bucuresti, Anul 2014, Numar persoane, 3756
Total, Municipiul Bucuresti, Anul 2015, Numar persoane, 4250
Total, Municipiul Bucuresti, Anul 2016, Numar persoane, 4129
Total, Municipiul Bucuresti, Anul 2017, Numar persoane, 3985
Total, MACROREGIUNEA PATRU, Anul 1999, Numar persoane, 1784
Total, MACROREGIUNEA PATRU, Anul 2000, Numar persoane, 1710
Total, MACROREGIUNEA PATRU, Anul 2001, Numar persoane, 1622
Total, MACROREGIUNEA PATRU, Anul 2002, Numar persoane, 1635
Total, MACROREGIUNEA PATRU, Anul 2003, Numar persoane, 1553
Total, MACROREGIUNEA PATRU, Anul 2004, Numar persoane, 1781
Total, MACROREGIUNEA PATRU, Anul 2005, Numar persoane, 4141
Total, MACROREGIUNEA PATRU, Anul 2006, Numar persoane, 4901
Total, MACROREGIUNEA PATRU, Anul 2007, Numar persoane, 5977
Total, MACROREGIUNEA PATRU, Anul 2008, Numar persoane, 6758
Total, MACROREGIUNEA PATRU, Anul 2009, Numar persoane, 6719
Total, MACROREGIUNEA PATRU, Anul 2010, Numar persoane, 6452
Total, MACROREGIUNEA PATRU, Anul 2011, Numar persoane, 6792
Total, MACROREGIUNEA PATRU, Anul 2012, Numar persoane, 7357
Total, MACROREGIUNEA PATRU, Anul 2013, Numar persoane, 6330
Total, MACROREGIUNEA PATRU, Anul 2014, Numar persoane, 6367
Total, MACROREGIUNEA PATRU, Anul 2015, Numar persoane, 7524
Total, MACROREGIUNEA PATRU, Anul 2016, Numar persoane, 7761
Total, MACROREGIUNEA PATRU, Anul 2017, Numar persoane, 8099
Total, Regiunea SUD-VEST OLTENIA, Anul 1999, Numar persoane, 881
Total, Regiunea SUD-VEST OLTENIA, Anul 2000, Numar persoane, 858
Total, Regiunea SUD-VEST OLTENIA, Anul 2001, Numar persoane, 809
Total, Regiunea SUD-VEST OLTENIA, Anul 2002, Numar persoane, 769
Total, Regiunea SUD-VEST OLTENIA, Anul 2003, Numar persoane, 744
Total, Regiunea SUD-VEST OLTENIA, Anul 2004, Numar persoane, 712
Total, Regiunea SUD-VEST OLTENIA, Anul 2005, Numar persoane, 1839
Total, Regiunea SUD-VEST OLTENIA, Anul 2006, Numar persoane, 2139
Total, Regiunea SUD-VEST OLTENIA, Anul 2007, Numar persoane, 2925
Total, Regiunea SUD-VEST OLTENIA, Anul 2008, Numar persoane, 3406
Total, Regiunea SUD-VEST OLTENIA, Anul 2009, Numar persoane, 3374
Total, Regiunea SUD-VEST OLTENIA, Anul 2010, Numar persoane, 3361
Total, Regiunea SUD-VEST OLTENIA, Anul 2011, Numar persoane, 3459
Total, Regiunea SUD-VEST OLTENIA, Anul 2012, Numar persoane, 3931
Total, Regiunea SUD-VEST OLTENIA, Anul 2013, Numar persoane, 3546
Total, Regiunea SUD-VEST OLTENIA, Anul 2014, Numar persoane, 3469
Total, Regiunea SUD-VEST OLTENIA, Anul 2015, Numar persoane, 3947
Total, Regiunea SUD-VEST OLTENIA, Anul 2016, Numar persoane, 4025
Total, Regiunea SUD-VEST OLTENIA, Anul 2017, Numar persoane, 4409
Total, Dolj, Anul 1999, Numar persoane, 197
Total, Dolj, Anul 2000, Numar persoane, 192
Total, Dolj, Anul 2001, Numar persoane, 193
Total, Dolj, Anul 2002, Numar persoane, 189
Total, Dolj, Anul 2003, Numar persoane, 162
Total, Dolj, Anul 2004, Numar persoane, 193
Total, Dolj, Anul 2005, Numar persoane, 291
Total, Dolj, Anul 2006, Numar persoane, 388
Total, Dolj, Anul 2007, Numar persoane, 637
Total, Dolj, Anul 2008, Numar persoane, 797
Total, Dolj, Anul 2009, Numar persoane, 725
Total, Dolj, Anul 2010, Numar persoane, 756
Total, Dolj, Anul 2011, Numar persoane, 978
Total, Dolj, Anul 2012, Numar persoane, 1150
Total, Dolj, Anul 2013, Numar persoane, 1116
Total, Dolj, Anul 2014, Numar persoane, 1067
Total, Dolj, Anul 2015, Numar persoane, 1177
Total, Dolj, Anul 2016, Numar persoane, 1138
Total, Dolj, Anul 2017, Numar persoane, 1325
Total, Gorj, Anul 1999, Numar persoane, 136
Total, Gorj, Anul 2000, Numar persoane, 117
Total, Gorj, Anul 2001, Numar persoane, 100
Total, Gorj, Anul 2002, Numar persoane, 93
Total, Gorj, Anul 2003, Numar persoane, 89
Total, Gorj, Anul 2004, Numar persoane, 93
Total, Gorj, Anul 2005, Numar persoane, 479
Total, Gorj, Anul 2006, Numar persoane, 502
Total, Gorj, Anul 2007, Numar persoane, 527
Total, Gorj, Anul 2008, Numar persoane, 566
Total, Gorj, Anul 2009, Numar persoane, 562
Total, Gorj, Anul 2010, Numar persoane, 566
Total, Gorj, Anul 2011, Numar persoane, 515
Total, Gorj, Anul 2012, Numar persoane, 532
Total, Gorj, Anul 2013, Numar persoane, 459
Total, Gorj, Anul 2014, Numar persoane, 491
Total, Gorj, Anul 2015, Numar persoane, 511
Total, Gorj, Anul 2016, Numar persoane, 587
Total, Gorj, Anul 2017, Numar persoane, 600
Total, Mehedinti, Anul 1999, Numar persoane, 161
Total, Mehedinti, Anul 2000, Numar persoane, 157
Total, Mehedinti, Anul 2001, Numar persoane, 138
Total, Mehedinti, Anul 2002, Numar persoane, 120
Total, Mehedinti, Anul 2003, Numar persoane, 123
Total, Mehedinti, Anul 2004, Numar persoane, 127
Total, Mehedinti, Anul 2005, Numar persoane, 249
Total, Mehedinti, Anul 2006, Numar persoane, 282
Total, Mehedinti, Anul 2007, Numar persoane, 390
Total, Mehedinti, Anul 2008, Numar persoane, 535
Total, Mehedinti, Anul 2009, Numar persoane, 454
Total, Mehedinti, Anul 2010, Numar persoane, 583
Total, Mehedinti, Anul 2011, Numar persoane, 622
Total, Mehedinti, Anul 2012, Numar persoane, 727
Total, Mehedinti, Anul 2013, Numar persoane, 635
Total, Mehedinti, Anul 2014, Numar persoane, 583
Total, Mehedinti, Anul 2015, Numar persoane, 702
Total, Mehedinti, Anul 2016, Numar persoane, 690
Total, Mehedinti, Anul 2017, Numar persoane, 770
Total, Olt, Anul 1999, Numar persoane, 166
Total, Olt, Anul 2000, Numar persoane, 170
Total, Olt, Anul 2001, Numar persoane, 165
Total, Olt, Anul 2002, Numar persoane, 147
Total, Olt, Anul 2003, Numar persoane, 109
Total, Olt, Anul 2004, Numar persoane, 124
Total, Olt, Anul 2005, Numar persoane, 293
Total, Olt, Anul 2006, Numar persoane, 355
Total, Olt, Anul 2007, Numar persoane, 478
Total, Olt, Anul 2008, Numar persoane, 645
Total, Olt, Anul 2009, Numar persoane, 710
Total, Olt, Anul 2010, Numar persoane, 660
Total, Olt, Anul 2011, Numar persoane, 649
Total, Olt, Anul 2012, Numar persoane, 710
Total, Olt, Anul 2013, Numar persoane, 711
Total, Olt, Anul 2014, Numar persoane, 633
Total, Olt, Anul 2015, Numar persoane, 725
Total, Olt, Anul 2016, Numar persoane, 834
Total, Olt, Anul 2017, Numar persoane, 779
Total, Valcea, Anul 1999, Numar persoane, 221
Total, Valcea, Anul 2000, Numar persoane, 222
Total, Valcea, Anul 2001, Numar persoane, 213
Total, Valcea, Anul 2002, Numar persoane, 220
Total, Valcea, Anul 2003, Numar persoane, 261
Total, Valcea, Anul 2004, Numar persoane, 175
Total, Valcea, Anul 2005, Numar persoane, 527
Total, Valcea, Anul 2006, Numar persoane, 612
Total, Valcea, Anul 2007, Numar persoane, 893
Total, Valcea, Anul 2008, Numar persoane, 863
Total, Valcea, Anul 2009, Numar persoane, 923
Total, Valcea, Anul 2010, Numar persoane, 796
Total, Valcea, Anul 2011, Numar persoane, 695
Total, Valcea, Anul 2012, Numar persoane, 812
Total, Valcea, Anul 2013, Numar persoane, 625
Total, Valcea, Anul 2014, Numar persoane, 695
Total, Valcea, Anul 2015, Numar persoane, 832
Total, Valcea, Anul 2016, Numar persoane, 776
Total, Valcea, Anul 2017, Numar persoane, 935
Total, Regiunea VEST, Anul 1999, Numar persoane, 903
Total, Regiunea VEST, Anul 2000, Numar persoane, 852
Total, Regiunea VEST, Anul 2001, Numar persoane, 813
Total, Regiunea VEST, Anul 2002, Numar persoane, 866
Total, Regiunea VEST, Anul 2003, Numar persoane, 809
Total, Regiunea VEST, Anul 2004, Numar persoane, 1069
Total, Regiunea VEST, Anul 2005, Numar persoane, 2302
Total, Regiunea VEST, Anul 2006, Numar persoane, 2762
Total, Regiunea VEST, Anul 2007, Numar persoane, 3052
Total, Regiunea VEST, Anul 2008, Numar persoane, 3352
Total, Regiunea VEST, Anul 2009, Numar persoane, 3345
Total, Regiunea VEST, Anul 2010, Numar persoane, 3091
Total, Regiunea VEST, Anul 2011, Numar persoane, 3333
Total, Regiunea VEST, Anul 2012, Numar persoane, 3426
Total, Regiunea VEST, Anul 2013, Numar persoane, 2784
Total, Regiunea VEST, Anul 2014, Numar persoane, 2898
Total, Regiunea VEST, Anul 2015, Numar persoane, 3577
Total, Regiunea VEST, Anul 2016, Numar persoane, 3736
Total, Regiunea VEST, Anul 2017, Numar persoane, 3690
Total, Arad, Anul 1999, Numar persoane, 247
Total, Arad, Anul 2000, Numar persoane, 239
Total, Arad, Anul 2001, Numar persoane, 222
Total, Arad, Anul 2002, Numar persoane, 208
Total, Arad, Anul 2003, Numar persoane, 215
Total, Arad, Anul 2004, Numar persoane, 250
Total, Arad, Anul 2005, Numar persoane, 325
Total, Arad, Anul 2006, Numar persoane, 503
Total, Arad, Anul 2007, Numar persoane, 604
Total, Arad, Anul 2008, Numar persoane, 673
Total, Arad, Anul 2009, Numar persoane, 714
Total, Arad, Anul 2010, Numar persoane, 662
Total, Arad, Anul 2011, Numar persoane, 898
Total, Arad, Anul 2012, Numar persoane, 1050
Total, Arad, Anul 2013, Numar persoane, 797
Total, Arad, Anul 2014, Numar persoane, 809
Total, Arad, Anul 2015, Numar persoane, 791
Total, Arad, Anul 2016, Numar persoane, 857
Total, Arad, Anul 2017, Numar persoane, 839
Total, Caras-Severin, Anul 1999, Numar persoane, 162
Total, Caras-Severin, Anul 2000, Numar persoane, 159
Total, Caras-Severin, Anul 2001, Numar persoane, 179
Total, Caras-Severin, Anul 2002, Numar persoane, 173
Total, Caras-Severin, Anul 2003, Numar persoane, 159
Total, Caras-Severin, Anul 2004, Numar persoane, 303
Total, Caras-Severin, Anul 2005, Numar persoane, 472
Total, Caras-Severin, Anul 2006, Numar persoane, 489
Total, Caras-Severin, Anul 2007, Numar persoane, 442
Total, Caras-Severin, Anul 2008, Numar persoane, 559
Total, Caras-Severin, Anul 2009, Numar persoane, 537
Total, Caras-Severin, Anul 2010, Numar persoane, 478
Total, Caras-Severin, Anul 2011, Numar persoane, 591
Total, Caras-Severin, Anul 2012, Numar persoane, 541
Total, Caras-Severin, Anul 2013, Numar persoane, 516
Total, Caras-Severin, Anul 2014, Numar persoane, 468
Total, Caras-Severin, Anul 2015, Numar persoane, 635
Total, Caras-Severin, Anul 2016, Numar persoane, 634
Total, Caras-Severin, Anul 2017, Numar persoane, 614
Total, Hunedoara, Anul 1999, Numar persoane, 171
Total, Hunedoara, Anul 2000, Numar persoane, 177
Total, Hunedoara, Anul 2001, Numar persoane, 160
Total, Hunedoara, Anul 2002, Numar persoane, 160
Total, Hunedoara, Anul 2003, Numar persoane, 139
Total, Hunedoara, Anul 2004, Numar persoane, 208
Total, Hunedoara, Anul 2005, Numar persoane, 444
Total, Hunedoara, Anul 2006, Numar persoane, 477
Total, Hunedoara, Anul 2007, Numar persoane, 603
Total, Hunedoara, Anul 2008, Numar persoane, 991
Total, Hunedoara, Anul 2009, Numar persoane, 1073
Total, Hunedoara, Anul 2010, Numar persoane, 1001
Total, Hunedoara, Anul 2011, Numar persoane, 993
Total, Hunedoara, Anul 2012, Numar persoane, 894
Total, Hunedoara, Anul 2013, Numar persoane, 738
Total, Hunedoara, Anul 2014, Numar persoane, 746
Total, Hunedoara, Anul 2015, Numar persoane, 810
Total, Hunedoara, Anul 2016, Numar persoane, 915
Total, Hunedoara, Anul 2017, Numar persoane, 902
Total, Timis, Anul 1999, Numar persoane, 323
Total, Timis, Anul 2000, Numar persoane, 277
Total, Timis, Anul 2001, Numar persoane, 252
Total, Timis, Anul 2002, Numar persoane, 325
Total, Timis, Anul 2003, Numar persoane, 296
Total, Timis, Anul 2004, Numar persoane, 308
Total, Timis, Anul 2005, Numar persoane, 1061
Total, Timis, Anul 2006, Numar persoane, 1293
Total, Timis, Anul 2007, Numar persoane, 1403
Total, Timis, Anul 2008, Numar persoane, 1129
Total, Timis, Anul 2009, Numar persoane, 1021
Total, Timis, Anul 2010, Numar persoane, 950
Total, Timis, Anul 2011, Numar persoane, 851
Total, Timis, Anul 2012, Numar persoane, 941
Total, Timis, Anul 2013, Numar persoane, 733
Total, Timis, Anul 2014, Numar persoane, 875
Total, Timis, Anul 2015, Numar persoane, 1341
Total, Timis, Anul 2016, Numar persoane, 1330
Total, Timis, Anul 2017, Numar persoane, 1335
