Macroregiuni  regiuni de dezvoltare si judete, Ani, UM: Numar, Valoare
TOTAL, Anul 1990, Numar, 450
TOTAL, Anul 1991, Numar, 446
TOTAL, Anul 1992, Numar, 428
TOTAL, Anul 1993, Numar, 440
TOTAL, Anul 1994, Numar, 453
TOTAL, Anul 1995, Numar, 458
TOTAL, Anul 1996, Numar, 487
TOTAL, Anul 1997, Numar, 512
TOTAL, Anul 1998, Numar, 506
TOTAL, Anul 1999, Numar, 515
TOTAL, Anul 2000, Numar, 519
TOTAL, Anul 2001, Numar, 524
TOTAL, Anul 2002, Numar, 548
TOTAL, Anul 2003, Numar, 551
TOTAL, Anul 2004, Numar, 557
TOTAL, Anul 2005, Numar, 667
TOTAL, Anul 2006, Numar, 666
TOTAL, Anul 2007, Numar, 679
TOTAL, Anul 2008, Numar, 688
TOTAL, Anul 2009, Numar, 694
TOTAL, Anul 2010, Numar, 687
TOTAL, Anul 2011, Numar, 709
TOTAL, Anul 2012, Numar, 663
TOTAL, Anul 2013, Numar, 750
TOTAL, Anul 2014, Numar, 739
TOTAL, Anul 2015, Numar, 738
TOTAL, Anul 2016, Numar, 761
TOTAL, Anul 2017, Numar, 762
MACROREGIUNEA UNU, Anul 1990, Numar, 107
MACROREGIUNEA UNU, Anul 1991, Numar, 106
MACROREGIUNEA UNU, Anul 1992, Numar, 102
MACROREGIUNEA UNU, Anul 1993, Numar, 108
MACROREGIUNEA UNU, Anul 1994, Numar, 110
MACROREGIUNEA UNU, Anul 1995, Numar, 114
MACROREGIUNEA UNU, Anul 1996, Numar, 122
MACROREGIUNEA UNU, Anul 1997, Numar, 127
MACROREGIUNEA UNU, Anul 1998, Numar, 125
MACROREGIUNEA UNU, Anul 1999, Numar, 131
MACROREGIUNEA UNU, Anul 2000, Numar, 134
MACROREGIUNEA UNU, Anul 2001, Numar, 135
MACROREGIUNEA UNU, Anul 2002, Numar, 137
MACROREGIUNEA UNU, Anul 2003, Numar, 137
MACROREGIUNEA UNU, Anul 2004, Numar, 143
MACROREGIUNEA UNU, Anul 2005, Numar, 192
MACROREGIUNEA UNU, Anul 2006, Numar, 191
MACROREGIUNEA UNU, Anul 2007, Numar, 199
MACROREGIUNEA UNU, Anul 2008, Numar, 203
MACROREGIUNEA UNU, Anul 2009, Numar, 205
MACROREGIUNEA UNU, Anul 2010, Numar, 201
MACROREGIUNEA UNU, Anul 2011, Numar, 211
MACROREGIUNEA UNU, Anul 2012, Numar, 198
MACROREGIUNEA UNU, Anul 2013, Numar, 247
MACROREGIUNEA UNU, Anul 2014, Numar, 242
MACROREGIUNEA UNU, Anul 2015, Numar, 242
MACROREGIUNEA UNU, Anul 2016, Numar, 248
MACROREGIUNEA UNU, Anul 2017, Numar, 252
Regiunea NORD-VEST, Anul 1990, Numar, 48
Regiunea NORD-VEST, Anul 1991, Numar, 46
Regiunea NORD-VEST, Anul 1992, Numar, 48
Regiunea NORD-VEST, Anul 1993, Numar, 52
Regiunea NORD-VEST, Anul 1994, Numar, 52
Regiunea NORD-VEST, Anul 1995, Numar, 55
Regiunea NORD-VEST, Anul 1996, Numar, 64
Regiunea NORD-VEST, Anul 1997, Numar, 63
Regiunea NORD-VEST, Anul 1998, Numar, 62
Regiunea NORD-VEST, Anul 1999, Numar, 67
Regiunea NORD-VEST, Anul 2000, Numar, 69
Regiunea NORD-VEST, Anul 2001, Numar, 72
Regiunea NORD-VEST, Anul 2002, Numar, 73
Regiunea NORD-VEST, Anul 2003, Numar, 73
Regiunea NORD-VEST, Anul 2004, Numar, 71
Regiunea NORD-VEST, Anul 2005, Numar, 82
Regiunea NORD-VEST, Anul 2006, Numar, 88
Regiunea NORD-VEST, Anul 2007, Numar, 90
Regiunea NORD-VEST, Anul 2008, Numar, 94
Regiunea NORD-VEST, Anul 2009, Numar, 95
Regiunea NORD-VEST, Anul 2010, Numar, 94
Regiunea NORD-VEST, Anul 2011, Numar, 93
Regiunea NORD-VEST, Anul 2012, Numar, 86
Regiunea NORD-VEST, Anul 2013, Numar, 86
Regiunea NORD-VEST, Anul 2014, Numar, 85
Regiunea NORD-VEST, Anul 2015, Numar, 89
Regiunea NORD-VEST, Anul 2016, Numar, 87
Regiunea NORD-VEST, Anul 2017, Numar, 89
Bihor, Anul 1990, Numar, 14
Bihor, Anul 1991, Numar, 13
Bihor, Anul 1992, Numar, 13
Bihor, Anul 1993, Numar, 13
Bihor, Anul 1994, Numar, 13
Bihor, Anul 1995, Numar, 13
Bihor, Anul 1996, Numar, 11
Bihor, Anul 1997, Numar, 11
Bihor, Anul 1998, Numar, 11
Bihor, Anul 1999, Numar, 16
Bihor, Anul 2000, Numar, 16
Bihor, Anul 2001, Numar, 16
Bihor, Anul 2002, Numar, 16
Bihor, Anul 2003, Numar, 16
Bihor, Anul 2004, Numar, 16
Bihor, Anul 2005, Numar, 16
Bihor, Anul 2006, Numar, 16
Bihor, Anul 2007, Numar, 16
Bihor, Anul 2008, Numar, 16
Bihor, Anul 2009, Numar, 17
Bihor, Anul 2010, Numar, 17
Bihor, Anul 2011, Numar, 17
Bihor, Anul 2012, Numar, 11
Bihor, Anul 2013, Numar, 12
Bihor, Anul 2014, Numar, 11
Bihor, Anul 2015, Numar, 13
Bihor, Anul 2016, Numar, 12
Bihor, Anul 2017, Numar, 14
Bistrita-Nasaud, Anul 1990, Numar, 5
Bistrita-Nasaud, Anul 1991, Numar, 5
Bistrita-Nasaud, Anul 1992, Numar, 6
Bistrita-Nasaud, Anul 1993, Numar, 6
Bistrita-Nasaud, Anul 1994, Numar, 6
Bistrita-Nasaud, Anul 1995, Numar, 7
Bistrita-Nasaud, Anul 1996, Numar, 7
Bistrita-Nasaud, Anul 1997, Numar, 6
Bistrita-Nasaud, Anul 1998, Numar, 7
Bistrita-Nasaud, Anul 1999, Numar, 7
Bistrita-Nasaud, Anul 2000, Numar, 7
Bistrita-Nasaud, Anul 2001, Numar, 7
Bistrita-Nasaud, Anul 2002, Numar, 8
Bistrita-Nasaud, Anul 2003, Numar, 8
Bistrita-Nasaud, Anul 2004, Numar, 8
Bistrita-Nasaud, Anul 2005, Numar, 8
Bistrita-Nasaud, Anul 2006, Numar, 8
Bistrita-Nasaud, Anul 2007, Numar, 9
Bistrita-Nasaud, Anul 2008, Numar, 10
Bistrita-Nasaud, Anul 2009, Numar, 10
Bistrita-Nasaud, Anul 2010, Numar, 10
Bistrita-Nasaud, Anul 2011, Numar, 10
Bistrita-Nasaud, Anul 2012, Numar, 10
Bistrita-Nasaud, Anul 2013, Numar, 10
Bistrita-Nasaud, Anul 2014, Numar, 10
Bistrita-Nasaud, Anul 2015, Numar, 10
Bistrita-Nasaud, Anul 2016, Numar, 10
Bistrita-Nasaud, Anul 2017, Numar, 10
Cluj, Anul 1990, Numar, 13
Cluj, Anul 1991, Numar, 13
Cluj, Anul 1992, Numar, 12
Cluj, Anul 1993, Numar, 13
Cluj, Anul 1994, Numar, 13
Cluj, Anul 1995, Numar, 13
Cluj, Anul 1996, Numar, 13
Cluj, Anul 1997, Numar, 13
Cluj, Anul 1998, Numar, 13
Cluj, Anul 1999, Numar, 13
Cluj, Anul 2000, Numar, 14
Cluj, Anul 2001, Numar, 14
Cluj, Anul 2002, Numar, 14
Cluj, Anul 2003, Numar, 13
Cluj, Anul 2004, Numar, 13
Cluj, Anul 2005, Numar, 19
Cluj, Anul 2006, Numar, 19
Cluj, Anul 2007, Numar, 21
Cluj, Anul 2008, Numar, 24
Cluj, Anul 2009, Numar, 24
Cluj, Anul 2010, Numar, 23
Cluj, Anul 2011, Numar, 23
Cluj, Anul 2012, Numar, 22
Cluj, Anul 2013, Numar, 22
Cluj, Anul 2014, Numar, 22
Cluj, Anul 2015, Numar, 22
Cluj, Anul 2016, Numar, 21
Cluj, Anul 2017, Numar, 21
Maramures, Anul 1990, Numar, 9
Maramures, Anul 1991, Numar, 8
Maramures, Anul 1992, Numar, 10
Maramures, Anul 1993, Numar, 13
Maramures, Anul 1994, Numar, 13
Maramures, Anul 1995, Numar, 13
Maramures, Anul 1996, Numar, 18
Maramures, Anul 1997, Numar, 18
Maramures, Anul 1998, Numar, 16
Maramures, Anul 1999, Numar, 16
Maramures, Anul 2000, Numar, 16
Maramures, Anul 2001, Numar, 20
Maramures, Anul 2002, Numar, 20
Maramures, Anul 2003, Numar, 20
Maramures, Anul 2004, Numar, 19
Maramures, Anul 2005, Numar, 20
Maramures, Anul 2006, Numar, 26
Maramures, Anul 2007, Numar, 25
Maramures, Anul 2008, Numar, 25
Maramures, Anul 2009, Numar, 25
Maramures, Anul 2010, Numar, 25
Maramures, Anul 2011, Numar, 25
Maramures, Anul 2012, Numar, 25
Maramures, Anul 2013, Numar, 19
Maramures, Anul 2014, Numar, 19
Maramures, Anul 2015, Numar, 20
Maramures, Anul 2016, Numar, 20
Maramures, Anul 2017, Numar, 20
Satu Mare, Anul 1990, Numar, 5
Satu Mare, Anul 1991, Numar, 5
Satu Mare, Anul 1992, Numar, 5
Satu Mare, Anul 1993, Numar, 5
Satu Mare, Anul 1994, Numar, 5
Satu Mare, Anul 1995, Numar, 7
Satu Mare, Anul 1996, Numar, 11
Satu Mare, Anul 1997, Numar, 11
Satu Mare, Anul 1998, Numar, 11
Satu Mare, Anul 1999, Numar, 11
Satu Mare, Anul 2000, Numar, 12
Satu Mare, Anul 2001, Numar, 11
Satu Mare, Anul 2002, Numar, 11
Satu Mare, Anul 2003, Numar, 12
Satu Mare, Anul 2004, Numar, 11
Satu Mare, Anul 2005, Numar, 15
Satu Mare, Anul 2006, Numar, 15
Satu Mare, Anul 2007, Numar, 15
Satu Mare, Anul 2008, Numar, 15
Satu Mare, Anul 2009, Numar, 15
Satu Mare, Anul 2010, Numar, 15
Satu Mare, Anul 2011, Numar, 15
Satu Mare, Anul 2012, Numar, 16
Satu Mare, Anul 2013, Numar, 16
Satu Mare, Anul 2014, Numar, 16
Satu Mare, Anul 2015, Numar, 16
Satu Mare, Anul 2016, Numar, 16
Satu Mare, Anul 2017, Numar, 16
Salaj, Anul 1990, Numar, 2
Salaj, Anul 1991, Numar, 2
Salaj, Anul 1992, Numar, 2
Salaj, Anul 1993, Numar, 2
Salaj, Anul 1994, Numar, 2
Salaj, Anul 1995, Numar, 2
Salaj, Anul 1996, Numar, 4
Salaj, Anul 1997, Numar, 4
Salaj, Anul 1998, Numar, 4
Salaj, Anul 1999, Numar, 4
Salaj, Anul 2000, Numar, 4
Salaj, Anul 2001, Numar, 4
Salaj, Anul 2002, Numar, 4
Salaj, Anul 2003, Numar, 4
Salaj, Anul 2004, Numar, 4
Salaj, Anul 2005, Numar, 4
Salaj, Anul 2006, Numar, 4
Salaj, Anul 2007, Numar, 4
Salaj, Anul 2008, Numar, 4
Salaj, Anul 2009, Numar, 4
Salaj, Anul 2010, Numar, 4
Salaj, Anul 2011, Numar, 3
Salaj, Anul 2012, Numar, 2
Salaj, Anul 2013, Numar, 7
Salaj, Anul 2014, Numar, 7
Salaj, Anul 2015, Numar, 8
Salaj, Anul 2016, Numar, 8
Salaj, Anul 2017, Numar, 8
Regiunea CENTRU, Anul 1990, Numar, 59
Regiunea CENTRU, Anul 1991, Numar, 60
Regiunea CENTRU, Anul 1992, Numar, 54
Regiunea CENTRU, Anul 1993, Numar, 56
Regiunea CENTRU, Anul 1994, Numar, 58
Regiunea CENTRU, Anul 1995, Numar, 59
Regiunea CENTRU, Anul 1996, Numar, 58
Regiunea CENTRU, Anul 1997, Numar, 64
Regiunea CENTRU, Anul 1998, Numar, 63
Regiunea CENTRU, Anul 1999, Numar, 64
Regiunea CENTRU, Anul 2000, Numar, 65
Regiunea CENTRU, Anul 2001, Numar, 63
Regiunea CENTRU, Anul 2002, Numar, 64
Regiunea CENTRU, Anul 2003, Numar, 64
Regiunea CENTRU, Anul 2004, Numar, 72
Regiunea CENTRU, Anul 2005, Numar, 110
Regiunea CENTRU, Anul 2006, Numar, 103
Regiunea CENTRU, Anul 2007, Numar, 109
Regiunea CENTRU, Anul 2008, Numar, 109
Regiunea CENTRU, Anul 2009, Numar, 110
Regiunea CENTRU, Anul 2010, Numar, 107
Regiunea CENTRU, Anul 2011, Numar, 118
Regiunea CENTRU, Anul 2012, Numar, 112
Regiunea CENTRU, Anul 2013, Numar, 161
Regiunea CENTRU, Anul 2014, Numar, 157
Regiunea CENTRU, Anul 2015, Numar, 153
Regiunea CENTRU, Anul 2016, Numar, 161
Regiunea CENTRU, Anul 2017, Numar, 163
Alba, Anul 1990, Numar, 10
Alba, Anul 1991, Numar, 11
Alba, Anul 1992, Numar, 9
Alba, Anul 1993, Numar, 10
Alba, Anul 1994, Numar, 10
Alba, Anul 1995, Numar, 10
Alba, Anul 1996, Numar, 10
Alba, Anul 1997, Numar, 10
Alba, Anul 1998, Numar, 10
Alba, Anul 1999, Numar, 10
Alba, Anul 2000, Numar, 10
Alba, Anul 2001, Numar, 10
Alba, Anul 2002, Numar, 10
Alba, Anul 2003, Numar, 11
Alba, Anul 2004, Numar, 13
Alba, Anul 2005, Numar, 16
Alba, Anul 2006, Numar, 15
Alba, Anul 2007, Numar, 15
Alba, Anul 2008, Numar, 16
Alba, Anul 2009, Numar, 15
Alba, Anul 2010, Numar, 14
Alba, Anul 2011, Numar, 15
Alba, Anul 2012, Numar, 15
Alba, Anul 2013, Numar, 56
Alba, Anul 2014, Numar, 57
Alba, Anul 2015, Numar, 55
Alba, Anul 2016, Numar, 56
Alba, Anul 2017, Numar, 57
Brasov, Anul 1990, Numar, 11
Brasov, Anul 1991, Numar, 11
Brasov, Anul 1992, Numar, 10
Brasov, Anul 1993, Numar, 11
Brasov, Anul 1994, Numar, 11
Brasov, Anul 1995, Numar, 11
Brasov, Anul 1996, Numar, 10
Brasov, Anul 1997, Numar, 10
Brasov, Anul 1998, Numar, 10
Brasov, Anul 1999, Numar, 10
Brasov, Anul 2000, Numar, 10
Brasov, Anul 2001, Numar, 10
Brasov, Anul 2002, Numar, 11
Brasov, Anul 2003, Numar, 10
Brasov, Anul 2004, Numar, 12
Brasov, Anul 2005, Numar, 17
Brasov, Anul 2006, Numar, 16
Brasov, Anul 2007, Numar, 20
Brasov, Anul 2008, Numar, 20
Brasov, Anul 2009, Numar, 21
Brasov, Anul 2010, Numar, 22
Brasov, Anul 2011, Numar, 22
Brasov, Anul 2012, Numar, 24
Brasov, Anul 2013, Numar, 31
Brasov, Anul 2014, Numar, 30
Brasov, Anul 2015, Numar, 29
Brasov, Anul 2016, Numar, 33
Brasov, Anul 2017, Numar, 35
Covasna, Anul 1990, Numar, 5
Covasna, Anul 1991, Numar, 5
Covasna, Anul 1992, Numar, 5
Covasna, Anul 1993, Numar, 5
Covasna, Anul 1994, Numar, 6
Covasna, Anul 1995, Numar, 6
Covasna, Anul 1996, Numar, 6
Covasna, Anul 1997, Numar, 7
Covasna, Anul 1998, Numar, 7
Covasna, Anul 1999, Numar, 8
Covasna, Anul 2000, Numar, 9
Covasna, Anul 2001, Numar, 9
Covasna, Anul 2002, Numar, 9
Covasna, Anul 2003, Numar, 8
Covasna, Anul 2004, Numar, 8
Covasna, Anul 2005, Numar, 10
Covasna, Anul 2006, Numar, 10
Covasna, Anul 2007, Numar, 10
Covasna, Anul 2008, Numar, 10
Covasna, Anul 2009, Numar, 10
Covasna, Anul 2010, Numar, 11
Covasna, Anul 2011, Numar, 11
Covasna, Anul 2012, Numar, 11
Covasna, Anul 2013, Numar, 9
Covasna, Anul 2014, Numar, 9
Covasna, Anul 2015, Numar, 9
Covasna, Anul 2016, Numar, 9
Covasna, Anul 2017, Numar, 9
Harghita, Anul 1990, Numar, 10
Harghita, Anul 1991, Numar, 10
Harghita, Anul 1992, Numar, 8
Harghita, Anul 1993, Numar, 8
Harghita, Anul 1994, Numar, 8
Harghita, Anul 1995, Numar, 9
Harghita, Anul 1996, Numar, 9
Harghita, Anul 1997, Numar, 10
Harghita, Anul 1998, Numar, 10
Harghita, Anul 1999, Numar, 10
Harghita, Anul 2000, Numar, 10
Harghita, Anul 2001, Numar, 10
Harghita, Anul 2002, Numar, 10
Harghita, Anul 2003, Numar, 10
Harghita, Anul 2004, Numar, 10
Harghita, Anul 2005, Numar, 30
Harghita, Anul 2006, Numar, 30
Harghita, Anul 2007, Numar, 29
Harghita, Anul 2008, Numar, 29
Harghita, Anul 2009, Numar, 30
Harghita, Anul 2010, Numar, 28
Harghita, Anul 2011, Numar, 30
Harghita, Anul 2012, Numar, 28
Harghita, Anul 2013, Numar, 25
Harghita, Anul 2014, Numar, 23
Harghita, Anul 2015, Numar, 24
Harghita, Anul 2016, Numar, 25
Harghita, Anul 2017, Numar, 23
Mures, Anul 1990, Numar, 6
Mures, Anul 1991, Numar, 6
Mures, Anul 1992, Numar, 5
Mures, Anul 1993, Numar, 5
Mures, Anul 1994, Numar, 6
Mures, Anul 1995, Numar, 6
Mures, Anul 1996, Numar, 6
Mures, Anul 1997, Numar, 9
Mures, Anul 1998, Numar, 8
Mures, Anul 1999, Numar, 10
Mures, Anul 2000, Numar, 10
Mures, Anul 2001, Numar, 8
Mures, Anul 2002, Numar, 8
Mures, Anul 2003, Numar, 8
Mures, Anul 2004, Numar, 12
Mures, Anul 2005, Numar, 15
Mures, Anul 2006, Numar, 15
Mures, Anul 2007, Numar, 16
Mures, Anul 2008, Numar, 14
Mures, Anul 2009, Numar, 14
Mures, Anul 2010, Numar, 14
Mures, Anul 2011, Numar, 14
Mures, Anul 2012, Numar, 13
Mures, Anul 2013, Numar, 14
Mures, Anul 2014, Numar, 13
Mures, Anul 2015, Numar, 13
Mures, Anul 2016, Numar, 13
Mures, Anul 2017, Numar, 14
Sibiu, Anul 1990, Numar, 17
Sibiu, Anul 1991, Numar, 17
Sibiu, Anul 1992, Numar, 17
Sibiu, Anul 1993, Numar, 17
Sibiu, Anul 1994, Numar, 17
Sibiu, Anul 1995, Numar, 17
Sibiu, Anul 1996, Numar, 17
Sibiu, Anul 1997, Numar, 18
Sibiu, Anul 1998, Numar, 18
Sibiu, Anul 1999, Numar, 16
Sibiu, Anul 2000, Numar, 16
Sibiu, Anul 2001, Numar, 16
Sibiu, Anul 2002, Numar, 16
Sibiu, Anul 2003, Numar, 17
Sibiu, Anul 2004, Numar, 17
Sibiu, Anul 2005, Numar, 22
Sibiu, Anul 2006, Numar, 17
Sibiu, Anul 2007, Numar, 19
Sibiu, Anul 2008, Numar, 20
Sibiu, Anul 2009, Numar, 20
Sibiu, Anul 2010, Numar, 18
Sibiu, Anul 2011, Numar, 26
Sibiu, Anul 2012, Numar, 21
Sibiu, Anul 2013, Numar, 26
Sibiu, Anul 2014, Numar, 25
Sibiu, Anul 2015, Numar, 23
Sibiu, Anul 2016, Numar, 25
Sibiu, Anul 2017, Numar, 25
MACROREGIUNEA DOI, Anul 1990, Numar, 142
MACROREGIUNEA DOI, Anul 1991, Numar, 141
MACROREGIUNEA DOI, Anul 1992, Numar, 137
MACROREGIUNEA DOI, Anul 1993, Numar, 136
MACROREGIUNEA DOI, Anul 1994, Numar, 139
MACROREGIUNEA DOI, Anul 1995, Numar, 139
MACROREGIUNEA DOI, Anul 1996, Numar, 152
MACROREGIUNEA DOI, Anul 1997, Numar, 167
MACROREGIUNEA DOI, Anul 1998, Numar, 166
MACROREGIUNEA DOI, Anul 1999, Numar, 168
MACROREGIUNEA DOI, Anul 2000, Numar, 166
MACROREGIUNEA DOI, Anul 2001, Numar, 169
MACROREGIUNEA DOI, Anul 2002, Numar, 173
MACROREGIUNEA DOI, Anul 2003, Numar, 175
MACROREGIUNEA DOI, Anul 2004, Numar, 178
MACROREGIUNEA DOI, Anul 2005, Numar, 195
MACROREGIUNEA DOI, Anul 2006, Numar, 194
MACROREGIUNEA DOI, Anul 2007, Numar, 201
MACROREGIUNEA DOI, Anul 2008, Numar, 201
MACROREGIUNEA DOI, Anul 2009, Numar, 203
MACROREGIUNEA DOI, Anul 2010, Numar, 198
MACROREGIUNEA DOI, Anul 2011, Numar, 201
MACROREGIUNEA DOI, Anul 2012, Numar, 192
MACROREGIUNEA DOI, Anul 2013, Numar, 203
MACROREGIUNEA DOI, Anul 2014, Numar, 201
MACROREGIUNEA DOI, Anul 2015, Numar, 197
MACROREGIUNEA DOI, Anul 2016, Numar, 200
MACROREGIUNEA DOI, Anul 2017, Numar, 201
Regiunea NORD-EST, Anul 1990, Numar, 87
Regiunea NORD-EST, Anul 1991, Numar, 87
Regiunea NORD-EST, Anul 1992, Numar, 90
Regiunea NORD-EST, Anul 1993, Numar, 90
Regiunea NORD-EST, Anul 1994, Numar, 91
Regiunea NORD-EST, Anul 1995, Numar, 91
Regiunea NORD-EST, Anul 1996, Numar, 97
Regiunea NORD-EST, Anul 1997, Numar, 107
Regiunea NORD-EST, Anul 1998, Numar, 109
Regiunea NORD-EST, Anul 1999, Numar, 107
Regiunea NORD-EST, Anul 2000, Numar, 104
Regiunea NORD-EST, Anul 2001, Numar, 108
Regiunea NORD-EST, Anul 2002, Numar, 112
Regiunea NORD-EST, Anul 2003, Numar, 115
Regiunea NORD-EST, Anul 2004, Numar, 117
Regiunea NORD-EST, Anul 2005, Numar, 125
Regiunea NORD-EST, Anul 2006, Numar, 124
Regiunea NORD-EST, Anul 2007, Numar, 129
Regiunea NORD-EST, Anul 2008, Numar, 126
Regiunea NORD-EST, Anul 2009, Numar, 127
Regiunea NORD-EST, Anul 2010, Numar, 124
Regiunea NORD-EST, Anul 2011, Numar, 126
Regiunea NORD-EST, Anul 2012, Numar, 118
Regiunea NORD-EST, Anul 2013, Numar, 124
Regiunea NORD-EST, Anul 2014, Numar, 126
Regiunea NORD-EST, Anul 2015, Numar, 127
Regiunea NORD-EST, Anul 2016, Numar, 128
Regiunea NORD-EST, Anul 2017, Numar, 127
Bacau, Anul 1990, Numar, 12
Bacau, Anul 1991, Numar, 13
Bacau, Anul 1992, Numar, 13
Bacau, Anul 1993, Numar, 12
Bacau, Anul 1994, Numar, 13
Bacau, Anul 1995, Numar, 13
Bacau, Anul 1996, Numar, 14
Bacau, Anul 1997, Numar, 15
Bacau, Anul 1998, Numar, 15
Bacau, Anul 1999, Numar, 13
Bacau, Anul 2000, Numar, 13
Bacau, Anul 2001, Numar, 13
Bacau, Anul 2002, Numar, 14
Bacau, Anul 2003, Numar, 15
Bacau, Anul 2004, Numar, 17
Bacau, Anul 2005, Numar, 21
Bacau, Anul 2006, Numar, 21
Bacau, Anul 2007, Numar, 22
Bacau, Anul 2008, Numar, 20
Bacau, Anul 2009, Numar, 20
Bacau, Anul 2010, Numar, 20
Bacau, Anul 2011, Numar, 20
Bacau, Anul 2012, Numar, 20
Bacau, Anul 2013, Numar, 25
Bacau, Anul 2014, Numar, 25
Bacau, Anul 2015, Numar, 25
Bacau, Anul 2016, Numar, 25
Bacau, Anul 2017, Numar, 26
Botosani, Anul 1990, Numar, 12
Botosani, Anul 1991, Numar, 12
Botosani, Anul 1992, Numar, 12
Botosani, Anul 1993, Numar, 12
Botosani, Anul 1994, Numar, 12
Botosani, Anul 1995, Numar, 12
Botosani, Anul 1996, Numar, 12
Botosani, Anul 1997, Numar, 12
Botosani, Anul 1998, Numar, 13
Botosani, Anul 1999, Numar, 13
Botosani, Anul 2000, Numar, 12
Botosani, Anul 2001, Numar, 12
Botosani, Anul 2002, Numar, 12
Botosani, Anul 2003, Numar, 12
Botosani, Anul 2004, Numar, 12
Botosani, Anul 2005, Numar, 11
Botosani, Anul 2006, Numar, 11
Botosani, Anul 2007, Numar, 11
Botosani, Anul 2008, Numar, 12
Botosani, Anul 2009, Numar, 12
Botosani, Anul 2010, Numar, 11
Botosani, Anul 2011, Numar, 12
Botosani, Anul 2012, Numar, 10
Botosani, Anul 2013, Numar, 10
Botosani, Anul 2014, Numar, 10
Botosani, Anul 2015, Numar, 10
Botosani, Anul 2016, Numar, 10
Botosani, Anul 2017, Numar, 9
Iasi, Anul 1990, Numar, 10
Iasi, Anul 1991, Numar, 10
Iasi, Anul 1992, Numar, 13
Iasi, Anul 1993, Numar, 13
Iasi, Anul 1994, Numar, 13
Iasi, Anul 1995, Numar, 13
Iasi, Anul 1996, Numar, 24
Iasi, Anul 1997, Numar, 24
Iasi, Anul 1998, Numar, 24
Iasi, Anul 1999, Numar, 24
Iasi, Anul 2000, Numar, 24
Iasi, Anul 2001, Numar, 24
Iasi, Anul 2002, Numar, 24
Iasi, Anul 2003, Numar, 24
Iasi, Anul 2004, Numar, 24
Iasi, Anul 2005, Numar, 24
Iasi, Anul 2006, Numar, 24
Iasi, Anul 2007, Numar, 27
Iasi, Anul 2008, Numar, 27
Iasi, Anul 2009, Numar, 27
Iasi, Anul 2010, Numar, 26
Iasi, Anul 2011, Numar, 26
Iasi, Anul 2012, Numar, 21
Iasi, Anul 2013, Numar, 20
Iasi, Anul 2014, Numar, 22
Iasi, Anul 2015, Numar, 24
Iasi, Anul 2016, Numar, 25
Iasi, Anul 2017, Numar, 24
Neamt, Anul 1990, Numar, 24
Neamt, Anul 1991, Numar, 24
Neamt, Anul 1992, Numar, 24
Neamt, Anul 1993, Numar, 24
Neamt, Anul 1994, Numar, 24
Neamt, Anul 1995, Numar, 24
Neamt, Anul 1996, Numar, 24
Neamt, Anul 1997, Numar, 23
Neamt, Anul 1998, Numar, 25
Neamt, Anul 1999, Numar, 26
Neamt, Anul 2000, Numar, 26
Neamt, Anul 2001, Numar, 26
Neamt, Anul 2002, Numar, 26
Neamt, Anul 2003, Numar, 26
Neamt, Anul 2004, Numar, 26
Neamt, Anul 2005, Numar, 30
Neamt, Anul 2006, Numar, 28
Neamt, Anul 2007, Numar, 28
Neamt, Anul 2008, Numar, 28
Neamt, Anul 2009, Numar, 28
Neamt, Anul 2010, Numar, 28
Neamt, Anul 2011, Numar, 29
Neamt, Anul 2012, Numar, 28
Neamt, Anul 2013, Numar, 29
Neamt, Anul 2014, Numar, 29
Neamt, Anul 2015, Numar, 30
Neamt, Anul 2016, Numar, 29
Neamt, Anul 2017, Numar, 29
Suceava, Anul 1990, Numar, 23
Suceava, Anul 1991, Numar, 22
Suceava, Anul 1992, Numar, 22
Suceava, Anul 1993, Numar, 23
Suceava, Anul 1994, Numar, 23
Suceava, Anul 1995, Numar, 23
Suceava, Anul 1996, Numar, 17
Suceava, Anul 1997, Numar, 28
Suceava, Anul 1998, Numar, 27
Suceava, Anul 1999, Numar, 26
Suceava, Anul 2000, Numar, 27
Suceava, Anul 2001, Numar, 26
Suceava, Anul 2002, Numar, 30
Suceava, Anul 2003, Numar, 30
Suceava, Anul 2004, Numar, 30
Suceava, Anul 2005, Numar, 30
Suceava, Anul 2006, Numar, 30
Suceava, Anul 2007, Numar, 31
Suceava, Anul 2008, Numar, 29
Suceava, Anul 2009, Numar, 30
Suceava, Anul 2010, Numar, 30
Suceava, Anul 2011, Numar, 30
Suceava, Anul 2012, Numar, 30
Suceava, Anul 2013, Numar, 30
Suceava, Anul 2014, Numar, 30
Suceava, Anul 2015, Numar, 28
Suceava, Anul 2016, Numar, 29
Suceava, Anul 2017, Numar, 29
Vaslui, Anul 1990, Numar, 6
Vaslui, Anul 1991, Numar, 6
Vaslui, Anul 1992, Numar, 6
Vaslui, Anul 1993, Numar, 6
Vaslui, Anul 1994, Numar, 6
Vaslui, Anul 1995, Numar, 6
Vaslui, Anul 1996, Numar, 6
Vaslui, Anul 1997, Numar, 5
Vaslui, Anul 1998, Numar, 5
Vaslui, Anul 1999, Numar, 5
Vaslui, Anul 2000, Numar, 2
Vaslui, Anul 2001, Numar, 7
Vaslui, Anul 2002, Numar, 6
Vaslui, Anul 2003, Numar, 8
Vaslui, Anul 2004, Numar, 8
Vaslui, Anul 2005, Numar, 9
Vaslui, Anul 2006, Numar, 10
Vaslui, Anul 2007, Numar, 10
Vaslui, Anul 2008, Numar, 10
Vaslui, Anul 2009, Numar, 10
Vaslui, Anul 2010, Numar, 9
Vaslui, Anul 2011, Numar, 9
Vaslui, Anul 2012, Numar, 9
Vaslui, Anul 2013, Numar, 10
Vaslui, Anul 2014, Numar, 10
Vaslui, Anul 2015, Numar, 10
Vaslui, Anul 2016, Numar, 10
Vaslui, Anul 2017, Numar, 10
Regiunea SUD-EST, Anul 1990, Numar, 55
Regiunea SUD-EST, Anul 1991, Numar, 54
Regiunea SUD-EST, Anul 1992, Numar, 47
Regiunea SUD-EST, Anul 1993, Numar, 46
Regiunea SUD-EST, Anul 1994, Numar, 48
Regiunea SUD-EST, Anul 1995, Numar, 48
Regiunea SUD-EST, Anul 1996, Numar, 55
Regiunea SUD-EST, Anul 1997, Numar, 60
Regiunea SUD-EST, Anul 1998, Numar, 57
Regiunea SUD-EST, Anul 1999, Numar, 61
Regiunea SUD-EST, Anul 2000, Numar, 62
Regiunea SUD-EST, Anul 2001, Numar, 61
Regiunea SUD-EST, Anul 2002, Numar, 61
Regiunea SUD-EST, Anul 2003, Numar, 60
Regiunea SUD-EST, Anul 2004, Numar, 61
Regiunea SUD-EST, Anul 2005, Numar, 70
Regiunea SUD-EST, Anul 2006, Numar, 70
Regiunea SUD-EST, Anul 2007, Numar, 72
Regiunea SUD-EST, Anul 2008, Numar, 75
Regiunea SUD-EST, Anul 2009, Numar, 76
Regiunea SUD-EST, Anul 2010, Numar, 74
Regiunea SUD-EST, Anul 2011, Numar, 75
Regiunea SUD-EST, Anul 2012, Numar, 74
Regiunea SUD-EST, Anul 2013, Numar, 79
Regiunea SUD-EST, Anul 2014, Numar, 75
Regiunea SUD-EST, Anul 2015, Numar, 70
Regiunea SUD-EST, Anul 2016, Numar, 72
Regiunea SUD-EST, Anul 2017, Numar, 74
Braila, Anul 1990, Numar, 1
Braila, Anul 1991, Numar, 1
Braila, Anul 1992, Numar, 1
Braila, Anul 1993, Numar, 1
Braila, Anul 1994, Numar, 1
Braila, Anul 1995, Numar, 1
Braila, Anul 1996, Numar, 5
Braila, Anul 1997, Numar, 6
Braila, Anul 1998, Numar, 6
Braila, Anul 1999, Numar, 6
Braila, Anul 2000, Numar, 7
Braila, Anul 2001, Numar, 5
Braila, Anul 2002, Numar, 5
Braila, Anul 2003, Numar, 5
Braila, Anul 2004, Numar, 5
Braila, Anul 2005, Numar, 5
Braila, Anul 2006, Numar, 5
Braila, Anul 2007, Numar, 5
Braila, Anul 2008, Numar, 5
Braila, Anul 2009, Numar, 5
Braila, Anul 2010, Numar, 7
Braila, Anul 2011, Numar, 8
Braila, Anul 2012, Numar, 8
Braila, Anul 2013, Numar, 8
Braila, Anul 2014, Numar, 8
Braila, Anul 2015, Numar, 8
Braila, Anul 2016, Numar, 8
Braila, Anul 2017, Numar, 9
Buzau, Anul 1990, Numar, 10
Buzau, Anul 1991, Numar, 9
Buzau, Anul 1992, Numar, 9
Buzau, Anul 1993, Numar, 9
Buzau, Anul 1994, Numar, 9
Buzau, Anul 1995, Numar, 9
Buzau, Anul 1996, Numar, 10
Buzau, Anul 1997, Numar, 10
Buzau, Anul 1998, Numar, 10
Buzau, Anul 1999, Numar, 10
Buzau, Anul 2000, Numar, 10
Buzau, Anul 2001, Numar, 10
Buzau, Anul 2002, Numar, 10
Buzau, Anul 2003, Numar, 10
Buzau, Anul 2004, Numar, 10
Buzau, Anul 2005, Numar, 9
Buzau, Anul 2006, Numar, 9
Buzau, Anul 2007, Numar, 9
Buzau, Anul 2008, Numar, 9
Buzau, Anul 2009, Numar, 10
Buzau, Anul 2010, Numar, 10
Buzau, Anul 2011, Numar, 10
Buzau, Anul 2012, Numar, 10
Buzau, Anul 2013, Numar, 10
Buzau, Anul 2014, Numar, 10
Buzau, Anul 2015, Numar, 7
Buzau, Anul 2016, Numar, 7
Buzau, Anul 2017, Numar, 7
Constanta, Anul 1990, Numar, 16
Constanta, Anul 1991, Numar, 17
Constanta, Anul 1992, Numar, 14
Constanta, Anul 1993, Numar, 14
Constanta, Anul 1994, Numar, 15
Constanta, Anul 1995, Numar, 15
Constanta, Anul 1996, Numar, 15
Constanta, Anul 1997, Numar, 19
Constanta, Anul 1998, Numar, 19
Constanta, Anul 1999, Numar, 19
Constanta, Anul 2000, Numar, 19
Constanta, Anul 2001, Numar, 19
Constanta, Anul 2002, Numar, 19
Constanta, Anul 2003, Numar, 19
Constanta, Anul 2004, Numar, 19
Constanta, Anul 2005, Numar, 19
Constanta, Anul 2006, Numar, 22
Constanta, Anul 2007, Numar, 22
Constanta, Anul 2008, Numar, 22
Constanta, Anul 2009, Numar, 22
Constanta, Anul 2010, Numar, 21
Constanta, Anul 2011, Numar, 20
Constanta, Anul 2012, Numar, 19
Constanta, Anul 2013, Numar, 22
Constanta, Anul 2014, Numar, 19
Constanta, Anul 2015, Numar, 17
Constanta, Anul 2016, Numar, 17
Constanta, Anul 2017, Numar, 18
Galati, Anul 1990, Numar, 9
Galati, Anul 1991, Numar, 9
Galati, Anul 1992, Numar, 10
Galati, Anul 1993, Numar, 9
Galati, Anul 1994, Numar, 10
Galati, Anul 1995, Numar, 10
Galati, Anul 1996, Numar, 10
Galati, Anul 1997, Numar, 10
Galati, Anul 1998, Numar, 10
Galati, Anul 1999, Numar, 9
Galati, Anul 2000, Numar, 9
Galati, Anul 2001, Numar, 9
Galati, Anul 2002, Numar, 9
Galati, Anul 2003, Numar, 9
Galati, Anul 2004, Numar, 9
Galati, Anul 2005, Numar, 10
Galati, Anul 2006, Numar, 10
Galati, Anul 2007, Numar, 12
Galati, Anul 2008, Numar, 14
Galati, Anul 2009, Numar, 14
Galati, Anul 2010, Numar, 12
Galati, Anul 2011, Numar, 12
Galati, Anul 2012, Numar, 12
Galati, Anul 2013, Numar, 11
Galati, Anul 2014, Numar, 10
Galati, Anul 2015, Numar, 11
Galati, Anul 2016, Numar, 12
Galati, Anul 2017, Numar, 12
Tulcea, Anul 1990, Numar, 10
Tulcea, Anul 1991, Numar, 9
Tulcea, Anul 1992, Numar, 4
Tulcea, Anul 1993, Numar, 4
Tulcea, Anul 1994, Numar, 4
Tulcea, Anul 1995, Numar, 4
Tulcea, Anul 1996, Numar, 4
Tulcea, Anul 1997, Numar, 4
Tulcea, Anul 1998, Numar, 4
Tulcea, Anul 1999, Numar, 9
Tulcea, Anul 2000, Numar, 8
Tulcea, Anul 2001, Numar, 8
Tulcea, Anul 2002, Numar, 8
Tulcea, Anul 2003, Numar, 8
Tulcea, Anul 2004, Numar, 9
Tulcea, Anul 2005, Numar, 11
Tulcea, Anul 2006, Numar, 8
Tulcea, Anul 2007, Numar, 8
Tulcea, Anul 2008, Numar, 8
Tulcea, Anul 2009, Numar, 8
Tulcea, Anul 2010, Numar, 7
Tulcea, Anul 2011, Numar, 8
Tulcea, Anul 2012, Numar, 8
Tulcea, Anul 2013, Numar, 8
Tulcea, Anul 2014, Numar, 8
Tulcea, Anul 2015, Numar, 7
Tulcea, Anul 2016, Numar, 8
Tulcea, Anul 2017, Numar, 8
Vrancea, Anul 1990, Numar, 9
Vrancea, Anul 1991, Numar, 9
Vrancea, Anul 1992, Numar, 9
Vrancea, Anul 1993, Numar, 9
Vrancea, Anul 1994, Numar, 9
Vrancea, Anul 1995, Numar, 9
Vrancea, Anul 1996, Numar, 11
Vrancea, Anul 1997, Numar, 11
Vrancea, Anul 1998, Numar, 8
Vrancea, Anul 1999, Numar, 8
Vrancea, Anul 2000, Numar, 9
Vrancea, Anul 2001, Numar, 10
Vrancea, Anul 2002, Numar, 10
Vrancea, Anul 2003, Numar, 9
Vrancea, Anul 2004, Numar, 9
Vrancea, Anul 2005, Numar, 16
Vrancea, Anul 2006, Numar, 16
Vrancea, Anul 2007, Numar, 16
Vrancea, Anul 2008, Numar, 17
Vrancea, Anul 2009, Numar, 17
Vrancea, Anul 2010, Numar, 17
Vrancea, Anul 2011, Numar, 17
Vrancea, Anul 2012, Numar, 17
Vrancea, Anul 2013, Numar, 20
Vrancea, Anul 2014, Numar, 20
Vrancea, Anul 2015, Numar, 20
Vrancea, Anul 2016, Numar, 20
Vrancea, Anul 2017, Numar, 20
MACROREGIUNEA TREI, Anul 1990, Numar, 115
MACROREGIUNEA TREI, Anul 1991, Numar, 117
MACROREGIUNEA TREI, Anul 1992, Numar, 104
MACROREGIUNEA TREI, Anul 1993, Numar, 110
MACROREGIUNEA TREI, Anul 1994, Numar, 117
MACROREGIUNEA TREI, Anul 1995, Numar, 118
MACROREGIUNEA TREI, Anul 1996, Numar, 124
MACROREGIUNEA TREI, Anul 1997, Numar, 127
MACROREGIUNEA TREI, Anul 1998, Numar, 124
MACROREGIUNEA TREI, Anul 1999, Numar, 130
MACROREGIUNEA TREI, Anul 2000, Numar, 131
MACROREGIUNEA TREI, Anul 2001, Numar, 129
MACROREGIUNEA TREI, Anul 2002, Numar, 130
MACROREGIUNEA TREI, Anul 2003, Numar, 133
MACROREGIUNEA TREI, Anul 2004, Numar, 130
MACROREGIUNEA TREI, Anul 2005, Numar, 147
MACROREGIUNEA TREI, Anul 2006, Numar, 147
MACROREGIUNEA TREI, Anul 2007, Numar, 152
MACROREGIUNEA TREI, Anul 2008, Numar, 154
MACROREGIUNEA TREI, Anul 2009, Numar, 153
MACROREGIUNEA TREI, Anul 2010, Numar, 148
MACROREGIUNEA TREI, Anul 2011, Numar, 153
MACROREGIUNEA TREI, Anul 2012, Numar, 143
MACROREGIUNEA TREI, Anul 2013, Numar, 156
MACROREGIUNEA TREI, Anul 2014, Numar, 153
MACROREGIUNEA TREI, Anul 2015, Numar, 157
MACROREGIUNEA TREI, Anul 2016, Numar, 167
MACROREGIUNEA TREI, Anul 2017, Numar, 166
Regiunea SUD-MUNTENIA, Anul 1990, Numar, 77
Regiunea SUD-MUNTENIA, Anul 1991, Numar, 77
Regiunea SUD-MUNTENIA, Anul 1992, Numar, 71
Regiunea SUD-MUNTENIA, Anul 1993, Numar, 76
Regiunea SUD-MUNTENIA, Anul 1994, Numar, 80
Regiunea SUD-MUNTENIA, Anul 1995, Numar, 82
Regiunea SUD-MUNTENIA, Anul 1996, Numar, 82
Regiunea SUD-MUNTENIA, Anul 1997, Numar, 82
Regiunea SUD-MUNTENIA, Anul 1998, Numar, 75
Regiunea SUD-MUNTENIA, Anul 1999, Numar, 79
Regiunea SUD-MUNTENIA, Anul 2000, Numar, 78
Regiunea SUD-MUNTENIA, Anul 2001, Numar, 76
Regiunea SUD-MUNTENIA, Anul 2002, Numar, 78
Regiunea SUD-MUNTENIA, Anul 2003, Numar, 79
Regiunea SUD-MUNTENIA, Anul 2004, Numar, 74
Regiunea SUD-MUNTENIA, Anul 2005, Numar, 91
Regiunea SUD-MUNTENIA, Anul 2006, Numar, 90
Regiunea SUD-MUNTENIA, Anul 2007, Numar, 94
Regiunea SUD-MUNTENIA, Anul 2008, Numar, 95
Regiunea SUD-MUNTENIA, Anul 2009, Numar, 96
Regiunea SUD-MUNTENIA, Anul 2010, Numar, 95
Regiunea SUD-MUNTENIA, Anul 2011, Numar, 97
Regiunea SUD-MUNTENIA, Anul 2012, Numar, 93
Regiunea SUD-MUNTENIA, Anul 2013, Numar, 109
Regiunea SUD-MUNTENIA, Anul 2014, Numar, 109
Regiunea SUD-MUNTENIA, Anul 2015, Numar, 114
Regiunea SUD-MUNTENIA, Anul 2016, Numar, 122
Regiunea SUD-MUNTENIA, Anul 2017, Numar, 119
Arges, Anul 1990, Numar, 21
Arges, Anul 1991, Numar, 20
Arges, Anul 1992, Numar, 18
Arges, Anul 1993, Numar, 20
Arges, Anul 1994, Numar, 20
Arges, Anul 1995, Numar, 20
Arges, Anul 1996, Numar, 20
Arges, Anul 1997, Numar, 20
Arges, Anul 1998, Numar, 20
Arges, Anul 1999, Numar, 20
Arges, Anul 2000, Numar, 20
Arges, Anul 2001, Numar, 20
Arges, Anul 2002, Numar, 20
Arges, Anul 2003, Numar, 20
Arges, Anul 2004, Numar, 20
Arges, Anul 2005, Numar, 23
Arges, Anul 2006, Numar, 23
Arges, Anul 2007, Numar, 25
Arges, Anul 2008, Numar, 25
Arges, Anul 2009, Numar, 26
Arges, Anul 2010, Numar, 25
Arges, Anul 2011, Numar, 25
Arges, Anul 2012, Numar, 23
Arges, Anul 2013, Numar, 27
Arges, Anul 2014, Numar, 27
Arges, Anul 2015, Numar, 27
Arges, Anul 2016, Numar, 29
Arges, Anul 2017, Numar, 29
Calarasi, Anul 1990, Numar, 5
Calarasi, Anul 1991, Numar, 5
Calarasi, Anul 1992, Numar, 5
Calarasi, Anul 1993, Numar, 4
Calarasi, Anul 1994, Numar, 4
Calarasi, Anul 1995, Numar, 4
Calarasi, Anul 1996, Numar, 4
Calarasi, Anul 1997, Numar, 4
Calarasi, Anul 1998, Numar, 4
Calarasi, Anul 1999, Numar, 4
Calarasi, Anul 2000, Numar, 4
Calarasi, Anul 2001, Numar, 4
Calarasi, Anul 2002, Numar, 4
Calarasi, Anul 2003, Numar, 5
Calarasi, Anul 2004, Numar, 5
Calarasi, Anul 2005, Numar, 5
Calarasi, Anul 2006, Numar, 5
Calarasi, Anul 2007, Numar, 5
Calarasi, Anul 2008, Numar, 5
Calarasi, Anul 2009, Numar, 5
Calarasi, Anul 2010, Numar, 5
Calarasi, Anul 2011, Numar, 5
Calarasi, Anul 2012, Numar, 3
Calarasi, Anul 2013, Numar, 5
Calarasi, Anul 2014, Numar, 5
Calarasi, Anul 2015, Numar, 5
Calarasi, Anul 2016, Numar, 5
Calarasi, Anul 2017, Numar, 5
Dambovita, Anul 1990, Numar, 17
Dambovita, Anul 1991, Numar, 18
Dambovita, Anul 1992, Numar, 14
Dambovita, Anul 1993, Numar, 16
Dambovita, Anul 1994, Numar, 17
Dambovita, Anul 1995, Numar, 17
Dambovita, Anul 1996, Numar, 17
Dambovita, Anul 1997, Numar, 17
Dambovita, Anul 1998, Numar, 15
Dambovita, Anul 1999, Numar, 17
Dambovita, Anul 2000, Numar, 16
Dambovita, Anul 2001, Numar, 14
Dambovita, Anul 2002, Numar, 13
Dambovita, Anul 2003, Numar, 13
Dambovita, Anul 2004, Numar, 13
Dambovita, Anul 2005, Numar, 19
Dambovita, Anul 2006, Numar, 19
Dambovita, Anul 2007, Numar, 18
Dambovita, Anul 2008, Numar, 20
Dambovita, Anul 2009, Numar, 20
Dambovita, Anul 2010, Numar, 22
Dambovita, Anul 2011, Numar, 21
Dambovita, Anul 2012, Numar, 21
Dambovita, Anul 2013, Numar, 28
Dambovita, Anul 2014, Numar, 28
Dambovita, Anul 2015, Numar, 32
Dambovita, Anul 2016, Numar, 33
Dambovita, Anul 2017, Numar, 31
Giurgiu, Anul 1990, Numar, 1
Giurgiu, Anul 1991, Numar, 1
Giurgiu, Anul 1992, Numar, 1
Giurgiu, Anul 1993, Numar, 2
Giurgiu, Anul 1994, Numar, 2
Giurgiu, Anul 1995, Numar, 2
Giurgiu, Anul 1996, Numar, 2
Giurgiu, Anul 1997, Numar, 2
Giurgiu, Anul 1998, Numar, 2
Giurgiu, Anul 1999, Numar, 2
Giurgiu, Anul 2000, Numar, 2
Giurgiu, Anul 2001, Numar, 2
Giurgiu, Anul 2002, Numar, 2
Giurgiu, Anul 2003, Numar, 2
Giurgiu, Anul 2004, Numar, 3
Giurgiu, Anul 2005, Numar, 3
Giurgiu, Anul 2006, Numar, 3
Giurgiu, Anul 2007, Numar, 5
Giurgiu, Anul 2008, Numar, 5
Giurgiu, Anul 2009, Numar, 5
Giurgiu, Anul 2010, Numar, 5
Giurgiu, Anul 2011, Numar, 5
Giurgiu, Anul 2012, Numar, 5
Giurgiu, Anul 2013, Numar, 5
Giurgiu, Anul 2014, Numar, 4
Giurgiu, Anul 2015, Numar, 4
Giurgiu, Anul 2016, Numar, 4
Giurgiu, Anul 2017, Numar, 4
Ialomita, Anul 1990, Numar, 1
Ialomita, Anul 1991, Numar, 2
Ialomita, Anul 1992, Numar, 2
Ialomita, Anul 1993, Numar, 2
Ialomita, Anul 1994, Numar, 2
Ialomita, Anul 1995, Numar, 2
Ialomita, Anul 1996, Numar, 2
Ialomita, Anul 1997, Numar, 2
Ialomita, Anul 1998, Numar, 2
Ialomita, Anul 1999, Numar, 2
Ialomita, Anul 2000, Numar, 2
Ialomita, Anul 2001, Numar, 2
Ialomita, Anul 2002, Numar, 2
Ialomita, Anul 2003, Numar, 2
Ialomita, Anul 2004, Numar, 2
Ialomita, Anul 2005, Numar, 3
Ialomita, Anul 2006, Numar, 3
Ialomita, Anul 2007, Numar, 3
Ialomita, Anul 2008, Numar, 3
Ialomita, Anul 2009, Numar, 3
Ialomita, Anul 2010, Numar, 3
Ialomita, Anul 2011, Numar, 3
Ialomita, Anul 2012, Numar, 2
Ialomita, Anul 2013, Numar, 6
Ialomita, Anul 2014, Numar, 6
Ialomita, Anul 2015, Numar, 6
Ialomita, Anul 2016, Numar, 6
Ialomita, Anul 2017, Numar, 6
Prahova, Anul 1990, Numar, 27
Prahova, Anul 1991, Numar, 26
Prahova, Anul 1992, Numar, 25
Prahova, Anul 1993, Numar, 26
Prahova, Anul 1994, Numar, 26
Prahova, Anul 1995, Numar, 28
Prahova, Anul 1996, Numar, 28
Prahova, Anul 1997, Numar, 28
Prahova, Anul 1998, Numar, 23
Prahova, Anul 1999, Numar, 26
Prahova, Anul 2000, Numar, 26
Prahova, Anul 2001, Numar, 26
Prahova, Anul 2002, Numar, 29
Prahova, Anul 2003, Numar, 29
Prahova, Anul 2004, Numar, 23
Prahova, Anul 2005, Numar, 30
Prahova, Anul 2006, Numar, 30
Prahova, Anul 2007, Numar, 30
Prahova, Anul 2008, Numar, 30
Prahova, Anul 2009, Numar, 30
Prahova, Anul 2010, Numar, 28
Prahova, Anul 2011, Numar, 31
Prahova, Anul 2012, Numar, 32
Prahova, Anul 2013, Numar, 31
Prahova, Anul 2014, Numar, 33
Prahova, Anul 2015, Numar, 34
Prahova, Anul 2016, Numar, 38
Prahova, Anul 2017, Numar, 37
Teleorman, Anul 1990, Numar, 5
Teleorman, Anul 1991, Numar, 5
Teleorman, Anul 1992, Numar, 6
Teleorman, Anul 1993, Numar, 6
Teleorman, Anul 1994, Numar, 9
Teleorman, Anul 1995, Numar, 9
Teleorman, Anul 1996, Numar, 9
Teleorman, Anul 1997, Numar, 9
Teleorman, Anul 1998, Numar, 9
Teleorman, Anul 1999, Numar, 8
Teleorman, Anul 2000, Numar, 8
Teleorman, Anul 2001, Numar, 8
Teleorman, Anul 2002, Numar, 8
Teleorman, Anul 2003, Numar, 8
Teleorman, Anul 2004, Numar, 8
Teleorman, Anul 2005, Numar, 8
Teleorman, Anul 2006, Numar, 7
Teleorman, Anul 2007, Numar, 8
Teleorman, Anul 2008, Numar, 7
Teleorman, Anul 2009, Numar, 7
Teleorman, Anul 2010, Numar, 7
Teleorman, Anul 2011, Numar, 7
Teleorman, Anul 2012, Numar, 7
Teleorman, Anul 2013, Numar, 7
Teleorman, Anul 2014, Numar, 6
Teleorman, Anul 2015, Numar, 6
Teleorman, Anul 2016, Numar, 7
Teleorman, Anul 2017, Numar, 7
Regiunea BUCURESTI - ILFOV, Anul 1990, Numar, 38
Regiunea BUCURESTI - ILFOV, Anul 1991, Numar, 40
Regiunea BUCURESTI - ILFOV, Anul 1992, Numar, 33
Regiunea BUCURESTI - ILFOV, Anul 1993, Numar, 34
Regiunea BUCURESTI - ILFOV, Anul 1994, Numar, 37
Regiunea BUCURESTI - ILFOV, Anul 1995, Numar, 36
Regiunea BUCURESTI - ILFOV, Anul 1996, Numar, 42
Regiunea BUCURESTI - ILFOV, Anul 1997, Numar, 45
Regiunea BUCURESTI - ILFOV, Anul 1998, Numar, 49
Regiunea BUCURESTI - ILFOV, Anul 1999, Numar, 51
Regiunea BUCURESTI - ILFOV, Anul 2000, Numar, 53
Regiunea BUCURESTI - ILFOV, Anul 2001, Numar, 53
Regiunea BUCURESTI - ILFOV, Anul 2002, Numar, 52
Regiunea BUCURESTI - ILFOV, Anul 2003, Numar, 54
Regiunea BUCURESTI - ILFOV, Anul 2004, Numar, 56
Regiunea BUCURESTI - ILFOV, Anul 2005, Numar, 56
Regiunea BUCURESTI - ILFOV, Anul 2006, Numar, 57
Regiunea BUCURESTI - ILFOV, Anul 2007, Numar, 58
Regiunea BUCURESTI - ILFOV, Anul 2008, Numar, 59
Regiunea BUCURESTI - ILFOV, Anul 2009, Numar, 57
Regiunea BUCURESTI - ILFOV, Anul 2010, Numar, 53
Regiunea BUCURESTI - ILFOV, Anul 2011, Numar, 56
Regiunea BUCURESTI - ILFOV, Anul 2012, Numar, 50
Regiunea BUCURESTI - ILFOV, Anul 2013, Numar, 47
Regiunea BUCURESTI - ILFOV, Anul 2014, Numar, 44
Regiunea BUCURESTI - ILFOV, Anul 2015, Numar, 43
Regiunea BUCURESTI - ILFOV, Anul 2016, Numar, 45
Regiunea BUCURESTI - ILFOV, Anul 2017, Numar, 47
Ilfov, Anul 1994, Numar, 1
Ilfov, Anul 1997, Numar, 5
Ilfov, Anul 1998, Numar, 5
Ilfov, Anul 1999, Numar, 5
Ilfov, Anul 2000, Numar, 5
Ilfov, Anul 2001, Numar, 5
Ilfov, Anul 2002, Numar, 5
Ilfov, Anul 2003, Numar, 5
Ilfov, Anul 2004, Numar, 6
Ilfov, Anul 2005, Numar, 6
Ilfov, Anul 2006, Numar, 7
Ilfov, Anul 2007, Numar, 6
Ilfov, Anul 2008, Numar, 6
Ilfov, Anul 2009, Numar, 6
Ilfov, Anul 2010, Numar, 6
Ilfov, Anul 2011, Numar, 6
Ilfov, Anul 2012, Numar, 6
Ilfov, Anul 2013, Numar, 6
Ilfov, Anul 2014, Numar, 7
Ilfov, Anul 2015, Numar, 7
Ilfov, Anul 2016, Numar, 7
Ilfov, Anul 2017, Numar, 7
Municipiul Bucuresti, Anul 1994, Numar, 36
Municipiul Bucuresti, Anul 1995, Numar, 36
Municipiul Bucuresti, Anul 1996, Numar, 42
Municipiul Bucuresti, Anul 1997, Numar, 40
Municipiul Bucuresti, Anul 1998, Numar, 44
Municipiul Bucuresti, Anul 1999, Numar, 46
Municipiul Bucuresti, Anul 2000, Numar, 48
Municipiul Bucuresti, Anul 2001, Numar, 48
Municipiul Bucuresti, Anul 2002, Numar, 47
Municipiul Bucuresti, Anul 2003, Numar, 49
Municipiul Bucuresti, Anul 2004, Numar, 50
Municipiul Bucuresti, Anul 2005, Numar, 50
Municipiul Bucuresti, Anul 2006, Numar, 50
Municipiul Bucuresti, Anul 2007, Numar, 52
Municipiul Bucuresti, Anul 2008, Numar, 53
Municipiul Bucuresti, Anul 2009, Numar, 51
Municipiul Bucuresti, Anul 2010, Numar, 47
Municipiul Bucuresti, Anul 2011, Numar, 50
Municipiul Bucuresti, Anul 2012, Numar, 44
Municipiul Bucuresti, Anul 2013, Numar, 41
Municipiul Bucuresti, Anul 2014, Numar, 37
Municipiul Bucuresti, Anul 2015, Numar, 36
Municipiul Bucuresti, Anul 2016, Numar, 38
Municipiul Bucuresti, Anul 2017, Numar, 40
Mun. Bucuresti -incl. SAI, Anul 1990, Numar, 38
Mun. Bucuresti -incl. SAI, Anul 1991, Numar, 40
Mun. Bucuresti -incl. SAI, Anul 1992, Numar, 33
Mun. Bucuresti -incl. SAI, Anul 1993, Numar, 34
MACROREGIUNEA PATRU, Anul 1990, Numar, 86
MACROREGIUNEA PATRU, Anul 1991, Numar, 82
MACROREGIUNEA PATRU, Anul 1992, Numar, 85
MACROREGIUNEA PATRU, Anul 1993, Numar, 86
MACROREGIUNEA PATRU, Anul 1994, Numar, 87
MACROREGIUNEA PATRU, Anul 1995, Numar, 87
MACROREGIUNEA PATRU, Anul 1996, Numar, 89
MACROREGIUNEA PATRU, Anul 1997, Numar, 91
MACROREGIUNEA PATRU, Anul 1998, Numar, 91
MACROREGIUNEA PATRU, Anul 1999, Numar, 86
MACROREGIUNEA PATRU, Anul 2000, Numar, 88
MACROREGIUNEA PATRU, Anul 2001, Numar, 91
MACROREGIUNEA PATRU, Anul 2002, Numar, 108
MACROREGIUNEA PATRU, Anul 2003, Numar, 106
MACROREGIUNEA PATRU, Anul 2004, Numar, 106
MACROREGIUNEA PATRU, Anul 2005, Numar, 133
MACROREGIUNEA PATRU, Anul 2006, Numar, 134
MACROREGIUNEA PATRU, Anul 2007, Numar, 127
MACROREGIUNEA PATRU, Anul 2008, Numar, 130
MACROREGIUNEA PATRU, Anul 2009, Numar, 133
MACROREGIUNEA PATRU, Anul 2010, Numar, 140
MACROREGIUNEA PATRU, Anul 2011, Numar, 144
MACROREGIUNEA PATRU, Anul 2012, Numar, 130
MACROREGIUNEA PATRU, Anul 2013, Numar, 144
MACROREGIUNEA PATRU, Anul 2014, Numar, 143
MACROREGIUNEA PATRU, Anul 2015, Numar, 142
MACROREGIUNEA PATRU, Anul 2016, Numar, 146
MACROREGIUNEA PATRU, Anul 2017, Numar, 143
Regiunea SUD-VEST OLTENIA, Anul 1990, Numar, 59
Regiunea SUD-VEST OLTENIA, Anul 1991, Numar, 55
Regiunea SUD-VEST OLTENIA, Anul 1992, Numar, 56
Regiunea SUD-VEST OLTENIA, Anul 1993, Numar, 54
Regiunea SUD-VEST OLTENIA, Anul 1994, Numar, 55
Regiunea SUD-VEST OLTENIA, Anul 1995, Numar, 55
Regiunea SUD-VEST OLTENIA, Anul 1996, Numar, 56
Regiunea SUD-VEST OLTENIA, Anul 1997, Numar, 58
Regiunea SUD-VEST OLTENIA, Anul 1998, Numar, 58
Regiunea SUD-VEST OLTENIA, Anul 1999, Numar, 56
Regiunea SUD-VEST OLTENIA, Anul 2000, Numar, 55
Regiunea SUD-VEST OLTENIA, Anul 2001, Numar, 56
Regiunea SUD-VEST OLTENIA, Anul 2002, Numar, 58
Regiunea SUD-VEST OLTENIA, Anul 2003, Numar, 58
Regiunea SUD-VEST OLTENIA, Anul 2004, Numar, 57
Regiunea SUD-VEST OLTENIA, Anul 2005, Numar, 68
Regiunea SUD-VEST OLTENIA, Anul 2006, Numar, 68
Regiunea SUD-VEST OLTENIA, Anul 2007, Numar, 70
Regiunea SUD-VEST OLTENIA, Anul 2008, Numar, 70
Regiunea SUD-VEST OLTENIA, Anul 2009, Numar, 70
Regiunea SUD-VEST OLTENIA, Anul 2010, Numar, 69
Regiunea SUD-VEST OLTENIA, Anul 2011, Numar, 73
Regiunea SUD-VEST OLTENIA, Anul 2012, Numar, 61
Regiunea SUD-VEST OLTENIA, Anul 2013, Numar, 78
Regiunea SUD-VEST OLTENIA, Anul 2014, Numar, 77
Regiunea SUD-VEST OLTENIA, Anul 2015, Numar, 76
Regiunea SUD-VEST OLTENIA, Anul 2016, Numar, 78
Regiunea SUD-VEST OLTENIA, Anul 2017, Numar, 76
Dolj, Anul 1990, Numar, 22
Dolj, Anul 1991, Numar, 21
Dolj, Anul 1992, Numar, 22
Dolj, Anul 1993, Numar, 20
Dolj, Anul 1994, Numar, 20
Dolj, Anul 1995, Numar, 21
Dolj, Anul 1996, Numar, 21
Dolj, Anul 1997, Numar, 21
Dolj, Anul 1998, Numar, 21
Dolj, Anul 1999, Numar, 20
Dolj, Anul 2000, Numar, 20
Dolj, Anul 2001, Numar, 20
Dolj, Anul 2002, Numar, 20
Dolj, Anul 2003, Numar, 20
Dolj, Anul 2004, Numar, 20
Dolj, Anul 2005, Numar, 20
Dolj, Anul 2006, Numar, 20
Dolj, Anul 2007, Numar, 20
Dolj, Anul 2008, Numar, 20
Dolj, Anul 2009, Numar, 19
Dolj, Anul 2010, Numar, 19
Dolj, Anul 2011, Numar, 20
Dolj, Anul 2012, Numar, 9
Dolj, Anul 2013, Numar, 9
Dolj, Anul 2014, Numar, 9
Dolj, Anul 2015, Numar, 9
Dolj, Anul 2016, Numar, 9
Dolj, Anul 2017, Numar, 9
Gorj, Anul 1990, Numar, 11
Gorj, Anul 1991, Numar, 9
Gorj, Anul 1992, Numar, 11
Gorj, Anul 1993, Numar, 11
Gorj, Anul 1994, Numar, 11
Gorj, Anul 1995, Numar, 11
Gorj, Anul 1996, Numar, 11
Gorj, Anul 1997, Numar, 11
Gorj, Anul 1998, Numar, 11
Gorj, Anul 1999, Numar, 11
Gorj, Anul 2000, Numar, 11
Gorj, Anul 2001, Numar, 11
Gorj, Anul 2002, Numar, 11
Gorj, Anul 2003, Numar, 11
Gorj, Anul 2004, Numar, 11
Gorj, Anul 2005, Numar, 15
Gorj, Anul 2006, Numar, 15
Gorj, Anul 2007, Numar, 15
Gorj, Anul 2008, Numar, 15
Gorj, Anul 2009, Numar, 15
Gorj, Anul 2010, Numar, 15
Gorj, Anul 2011, Numar, 18
Gorj, Anul 2012, Numar, 18
Gorj, Anul 2013, Numar, 32
Gorj, Anul 2014, Numar, 32
Gorj, Anul 2015, Numar, 31
Gorj, Anul 2016, Numar, 32
Gorj, Anul 2017, Numar, 32
Mehedinti, Anul 1990, Numar, 4
Mehedinti, Anul 1991, Numar, 4
Mehedinti, Anul 1992, Numar, 2
Mehedinti, Anul 1993, Numar, 2
Mehedinti, Anul 1994, Numar, 2
Mehedinti, Anul 1995, Numar, 1
Mehedinti, Anul 1996, Numar, 3
Mehedinti, Anul 1997, Numar, 3
Mehedinti, Anul 1998, Numar, 3
Mehedinti, Anul 1999, Numar, 3
Mehedinti, Anul 2000, Numar, 3
Mehedinti, Anul 2001, Numar, 3
Mehedinti, Anul 2002, Numar, 4
Mehedinti, Anul 2003, Numar, 3
Mehedinti, Anul 2004, Numar, 2
Mehedinti, Anul 2005, Numar, 3
Mehedinti, Anul 2006, Numar, 3
Mehedinti, Anul 2007, Numar, 3
Mehedinti, Anul 2008, Numar, 3
Mehedinti, Anul 2009, Numar, 3
Mehedinti, Anul 2010, Numar, 3
Mehedinti, Anul 2011, Numar, 4
Mehedinti, Anul 2012, Numar, 4
Mehedinti, Anul 2013, Numar, 2
Mehedinti, Anul 2014, Numar, 2
Mehedinti, Anul 2015, Numar, 2
Mehedinti, Anul 2016, Numar, 3
Mehedinti, Anul 2017, Numar, 3
Olt, Anul 1990, Numar, 6
Olt, Anul 1991, Numar, 6
Olt, Anul 1992, Numar, 6
Olt, Anul 1993, Numar, 6
Olt, Anul 1994, Numar, 6
Olt, Anul 1995, Numar, 6
Olt, Anul 1996, Numar, 6
Olt, Anul 1997, Numar, 8
Olt, Anul 1998, Numar, 8
Olt, Anul 1999, Numar, 8
Olt, Anul 2000, Numar, 7
Olt, Anul 2001, Numar, 8
Olt, Anul 2002, Numar, 10
Olt, Anul 2003, Numar, 10
Olt, Anul 2004, Numar, 10
Olt, Anul 2005, Numar, 13
Olt, Anul 2006, Numar, 13
Olt, Anul 2007, Numar, 14
Olt, Anul 2008, Numar, 14
Olt, Anul 2009, Numar, 14
Olt, Anul 2010, Numar, 13
Olt, Anul 2011, Numar, 12
Olt, Anul 2012, Numar, 12
Olt, Anul 2013, Numar, 15
Olt, Anul 2014, Numar, 15
Olt, Anul 2015, Numar, 15
Olt, Anul 2016, Numar, 15
Olt, Anul 2017, Numar, 13
Valcea, Anul 1990, Numar, 16
Valcea, Anul 1991, Numar, 15
Valcea, Anul 1992, Numar, 15
Valcea, Anul 1993, Numar, 15
Valcea, Anul 1994, Numar, 16
Valcea, Anul 1995, Numar, 16
Valcea, Anul 1996, Numar, 15
Valcea, Anul 1997, Numar, 15
Valcea, Anul 1998, Numar, 15
Valcea, Anul 1999, Numar, 14
Valcea, Anul 2000, Numar, 14
Valcea, Anul 2001, Numar, 14
Valcea, Anul 2002, Numar, 13
Valcea, Anul 2003, Numar, 14
Valcea, Anul 2004, Numar, 14
Valcea, Anul 2005, Numar, 17
Valcea, Anul 2006, Numar, 17
Valcea, Anul 2007, Numar, 18
Valcea, Anul 2008, Numar, 18
Valcea, Anul 2009, Numar, 19
Valcea, Anul 2010, Numar, 19
Valcea, Anul 2011, Numar, 19
Valcea, Anul 2012, Numar, 18
Valcea, Anul 2013, Numar, 20
Valcea, Anul 2014, Numar, 19
Valcea, Anul 2015, Numar, 19
Valcea, Anul 2016, Numar, 19
Valcea, Anul 2017, Numar, 19
Regiunea VEST, Anul 1990, Numar, 27
Regiunea VEST, Anul 1991, Numar, 27
Regiunea VEST, Anul 1992, Numar, 29
Regiunea VEST, Anul 1993, Numar, 32
Regiunea VEST, Anul 1994, Numar, 32
Regiunea VEST, Anul 1995, Numar, 32
Regiunea VEST, Anul 1996, Numar, 33
Regiunea VEST, Anul 1997, Numar, 33
Regiunea VEST, Anul 1998, Numar, 33
Regiunea VEST, Anul 1999, Numar, 30
Regiunea VEST, Anul 2000, Numar, 33
Regiunea VEST, Anul 2001, Numar, 35
Regiunea VEST, Anul 2002, Numar, 50
Regiunea VEST, Anul 2003, Numar, 48
Regiunea VEST, Anul 2004, Numar, 49
Regiunea VEST, Anul 2005, Numar, 65
Regiunea VEST, Anul 2006, Numar, 66
Regiunea VEST, Anul 2007, Numar, 57
Regiunea VEST, Anul 2008, Numar, 60
Regiunea VEST, Anul 2009, Numar, 63
Regiunea VEST, Anul 2010, Numar, 71
Regiunea VEST, Anul 2011, Numar, 71
Regiunea VEST, Anul 2012, Numar, 69
Regiunea VEST, Anul 2013, Numar, 66
Regiunea VEST, Anul 2014, Numar, 66
Regiunea VEST, Anul 2015, Numar, 66
Regiunea VEST, Anul 2016, Numar, 68
Regiunea VEST, Anul 2017, Numar, 67
Arad, Anul 1990, Numar, 7
Arad, Anul 1991, Numar, 7
Arad, Anul 1992, Numar, 7
Arad, Anul 1993, Numar, 7
Arad, Anul 1994, Numar, 7
Arad, Anul 1995, Numar, 7
Arad, Anul 1996, Numar, 7
Arad, Anul 1997, Numar, 7
Arad, Anul 1998, Numar, 7
Arad, Anul 1999, Numar, 7
Arad, Anul 2000, Numar, 7
Arad, Anul 2001, Numar, 8
Arad, Anul 2002, Numar, 8
Arad, Anul 2003, Numar, 9
Arad, Anul 2004, Numar, 9
Arad, Anul 2005, Numar, 9
Arad, Anul 2006, Numar, 9
Arad, Anul 2007, Numar, 9
Arad, Anul 2008, Numar, 9
Arad, Anul 2009, Numar, 9
Arad, Anul 2010, Numar, 9
Arad, Anul 2011, Numar, 9
Arad, Anul 2012, Numar, 9
Arad, Anul 2013, Numar, 11
Arad, Anul 2014, Numar, 12
Arad, Anul 2015, Numar, 12
Arad, Anul 2016, Numar, 12
Arad, Anul 2017, Numar, 12
Caras-Severin, Anul 1990, Numar, 4
Caras-Severin, Anul 1991, Numar, 4
Caras-Severin, Anul 1992, Numar, 4
Caras-Severin, Anul 1993, Numar, 4
Caras-Severin, Anul 1994, Numar, 4
Caras-Severin, Anul 1995, Numar, 4
Caras-Severin, Anul 1996, Numar, 4
Caras-Severin, Anul 1997, Numar, 4
Caras-Severin, Anul 1998, Numar, 4
Caras-Severin, Anul 1999, Numar, 4
Caras-Severin, Anul 2000, Numar, 4
Caras-Severin, Anul 2001, Numar, 4
Caras-Severin, Anul 2002, Numar, 4
Caras-Severin, Anul 2003, Numar, 4
Caras-Severin, Anul 2004, Numar, 4
Caras-Severin, Anul 2005, Numar, 13
Caras-Severin, Anul 2006, Numar, 13
Caras-Severin, Anul 2007, Numar, 13
Caras-Severin, Anul 2008, Numar, 13
Caras-Severin, Anul 2009, Numar, 13
Caras-Severin, Anul 2010, Numar, 13
Caras-Severin, Anul 2011, Numar, 13
Caras-Severin, Anul 2012, Numar, 11
Caras-Severin, Anul 2013, Numar, 10
Caras-Severin, Anul 2014, Numar, 10
Caras-Severin, Anul 2015, Numar, 10
Caras-Severin, Anul 2016, Numar, 14
Caras-Severin, Anul 2017, Numar, 15
Hunedoara, Anul 1990, Numar, 7
Hunedoara, Anul 1991, Numar, 7
Hunedoara, Anul 1992, Numar, 9
Hunedoara, Anul 1993, Numar, 9
Hunedoara, Anul 1994, Numar, 9
Hunedoara, Anul 1995, Numar, 9
Hunedoara, Anul 1996, Numar, 9
Hunedoara, Anul 1997, Numar, 9
Hunedoara, Anul 1998, Numar, 9
Hunedoara, Anul 1999, Numar, 9
Hunedoara, Anul 2000, Numar, 9
Hunedoara, Anul 2001, Numar, 9
Hunedoara, Anul 2002, Numar, 9
Hunedoara, Anul 2003, Numar, 9
Hunedoara, Anul 2004, Numar, 9
Hunedoara, Anul 2005, Numar, 9
Hunedoara, Anul 2006, Numar, 9
Hunedoara, Anul 2007, Numar, 11
Hunedoara, Anul 2008, Numar, 11
Hunedoara, Anul 2009, Numar, 11
Hunedoara, Anul 2010, Numar, 11
Hunedoara, Anul 2011, Numar, 12
Hunedoara, Anul 2012, Numar, 12
Hunedoara, Anul 2013, Numar, 16
Hunedoara, Anul 2014, Numar, 16
Hunedoara, Anul 2015, Numar, 16
Hunedoara, Anul 2016, Numar, 17
Hunedoara, Anul 2017, Numar, 18
Timis, Anul 1990, Numar, 9
Timis, Anul 1991, Numar, 9
Timis, Anul 1992, Numar, 9
Timis, Anul 1993, Numar, 12
Timis, Anul 1994, Numar, 12
Timis, Anul 1995, Numar, 12
Timis, Anul 1996, Numar, 13
Timis, Anul 1997, Numar, 13
Timis, Anul 1998, Numar, 13
Timis, Anul 1999, Numar, 10
Timis, Anul 2000, Numar, 13
Timis, Anul 2001, Numar, 14
Timis, Anul 2002, Numar, 29
Timis, Anul 2003, Numar, 26
Timis, Anul 2004, Numar, 27
Timis, Anul 2005, Numar, 34
Timis, Anul 2006, Numar, 35
Timis, Anul 2007, Numar, 24
Timis, Anul 2008, Numar, 27
Timis, Anul 2009, Numar, 30
Timis, Anul 2010, Numar, 38
Timis, Anul 2011, Numar, 37
Timis, Anul 2012, Numar, 37
Timis, Anul 2013, Numar, 29
Timis, Anul 2014, Numar, 28
Timis, Anul 2015, Numar, 28
Timis, Anul 2016, Numar, 25
Timis, Anul 2017, Numar, 22
