Macroregiuni  regiuni de dezvoltare si judete, Ani, UM: Ha, Valoare
TOTAL, Anul 1991, Hectare, 21633
TOTAL, Anul 1992, Hectare, 20889
TOTAL, Anul 1993, Hectare, 20689
TOTAL, Anul 1994, Hectare, 20948
TOTAL, Anul 1995, Hectare, 21250
TOTAL, Anul 1996, Hectare, 20706
TOTAL, Anul 1997, Hectare, 20858
TOTAL, Anul 1998, Hectare, 20562
TOTAL, Anul 1999, Hectare, 20327
TOTAL, Anul 2000, Hectare, 20124
TOTAL, Anul 2001, Hectare, 20224
TOTAL, Anul 2002, Hectare, 20184
TOTAL, Anul 2003, Hectare, 20497
TOTAL, Anul 2004, Hectare, 20022
TOTAL, Anul 2005, Hectare, 19998
TOTAL, Anul 2006, Hectare, 20169
TOTAL, Anul 2007, Hectare, 20624
TOTAL, Anul 2008, Hectare, 21024
TOTAL, Anul 2009, Hectare, 21132
TOTAL, Anul 2010, Hectare, 21905
TOTAL, Anul 2011, Hectare, 22351
TOTAL, Anul 2012, Hectare, 22650
TOTAL, Anul 2013, Hectare, 23444
TOTAL, Anul 2014, Hectare, 23841
TOTAL, Anul 2015, Hectare, 25778
TOTAL, Anul 2016, Hectare, 26905
TOTAL, Anul 2017, Hectare, 26639
MACROREGIUNEA UNU, Anul 1991, Hectare, 4290
MACROREGIUNEA UNU, Anul 1992, Hectare, 4049
MACROREGIUNEA UNU, Anul 1993, Hectare, 4050
MACROREGIUNEA UNU, Anul 1994, Hectare, 4124
MACROREGIUNEA UNU, Anul 1995, Hectare, 4060
MACROREGIUNEA UNU, Anul 1996, Hectare, 3791
MACROREGIUNEA UNU, Anul 1997, Hectare, 3661
MACROREGIUNEA UNU, Anul 1998, Hectare, 3586
MACROREGIUNEA UNU, Anul 1999, Hectare, 3422
MACROREGIUNEA UNU, Anul 2000, Hectare, 3290
MACROREGIUNEA UNU, Anul 2001, Hectare, 3374
MACROREGIUNEA UNU, Anul 2002, Hectare, 3457
MACROREGIUNEA UNU, Anul 2003, Hectare, 3865
MACROREGIUNEA UNU, Anul 2004, Hectare, 3941
MACROREGIUNEA UNU, Anul 2005, Hectare, 4008
MACROREGIUNEA UNU, Anul 2006, Hectare, 4122
MACROREGIUNEA UNU, Anul 2007, Hectare, 4465
MACROREGIUNEA UNU, Anul 2008, Hectare, 4675
MACROREGIUNEA UNU, Anul 2009, Hectare, 4688
MACROREGIUNEA UNU, Anul 2010, Hectare, 5048
MACROREGIUNEA UNU, Anul 2011, Hectare, 5489
MACROREGIUNEA UNU, Anul 2012, Hectare, 5640
MACROREGIUNEA UNU, Anul 2013, Hectare, 5696
MACROREGIUNEA UNU, Anul 2014, Hectare, 5990
MACROREGIUNEA UNU, Anul 2015, Hectare, 7706
MACROREGIUNEA UNU, Anul 2016, Hectare, 7712
MACROREGIUNEA UNU, Anul 2017, Hectare, 7653
Regiunea NORD-VEST, Anul 1991, Hectare, 2096
Regiunea NORD-VEST, Anul 1992, Hectare, 2103
Regiunea NORD-VEST, Anul 1993, Hectare, 2140
Regiunea NORD-VEST, Anul 1994, Hectare, 1993
Regiunea NORD-VEST, Anul 1995, Hectare, 1989
Regiunea NORD-VEST, Anul 1996, Hectare, 1989
Regiunea NORD-VEST, Anul 1997, Hectare, 1848
Regiunea NORD-VEST, Anul 1998, Hectare, 1838
Regiunea NORD-VEST, Anul 1999, Hectare, 1674
Regiunea NORD-VEST, Anul 2000, Hectare, 1585
Regiunea NORD-VEST, Anul 2001, Hectare, 1635
Regiunea NORD-VEST, Anul 2002, Hectare, 1546
Regiunea NORD-VEST, Anul 2003, Hectare, 1893
Regiunea NORD-VEST, Anul 2004, Hectare, 1923
Regiunea NORD-VEST, Anul 2005, Hectare, 1952
Regiunea NORD-VEST, Anul 2006, Hectare, 2030
Regiunea NORD-VEST, Anul 2007, Hectare, 2281
Regiunea NORD-VEST, Anul 2008, Hectare, 2421
Regiunea NORD-VEST, Anul 2009, Hectare, 2460
Regiunea NORD-VEST, Anul 2010, Hectare, 2782
Regiunea NORD-VEST, Anul 2011, Hectare, 3164
Regiunea NORD-VEST, Anul 2012, Hectare, 3236
Regiunea NORD-VEST, Anul 2013, Hectare, 3290
Regiunea NORD-VEST, Anul 2014, Hectare, 3376
Regiunea NORD-VEST, Anul 2015, Hectare, 5031
Regiunea NORD-VEST, Anul 2016, Hectare, 5124
Regiunea NORD-VEST, Anul 2017, Hectare, 5084
Bihor, Anul 1991, Hectare, 301
Bihor, Anul 1992, Hectare, 301
Bihor, Anul 1993, Hectare, 308
Bihor, Anul 1994, Hectare, 312
Bihor, Anul 1995, Hectare, 318
Bihor, Anul 1996, Hectare, 320
Bihor, Anul 1997, Hectare, 320
Bihor, Anul 1998, Hectare, 320
Bihor, Anul 1999, Hectare, 320
Bihor, Anul 2000, Hectare, 242
Bihor, Anul 2001, Hectare, 311
Bihor, Anul 2002, Hectare, 266
Bihor, Anul 2003, Hectare, 313
Bihor, Anul 2004, Hectare, 320
Bihor, Anul 2005, Hectare, 332
Bihor, Anul 2006, Hectare, 331
Bihor, Anul 2007, Hectare, 360
Bihor, Anul 2008, Hectare, 393
Bihor, Anul 2009, Hectare, 405
Bihor, Anul 2010, Hectare, 355
Bihor, Anul 2011, Hectare, 760
Bihor, Anul 2012, Hectare, 760
Bihor, Anul 2013, Hectare, 740
Bihor, Anul 2014, Hectare, 698
Bihor, Anul 2015, Hectare, 708
Bihor, Anul 2016, Hectare, 704
Bihor, Anul 2017, Hectare, 705
Bistrita-Nasaud, Anul 1991, Hectare, 175
Bistrita-Nasaud, Anul 1992, Hectare, 175
Bistrita-Nasaud, Anul 1993, Hectare, 175
Bistrita-Nasaud, Anul 1994, Hectare, 171
Bistrita-Nasaud, Anul 1995, Hectare, 161
Bistrita-Nasaud, Anul 1996, Hectare, 161
Bistrita-Nasaud, Anul 1997, Hectare, 161
Bistrita-Nasaud, Anul 1998, Hectare, 161
Bistrita-Nasaud, Anul 1999, Hectare, 160
Bistrita-Nasaud, Anul 2000, Hectare, 161
Bistrita-Nasaud, Anul 2001, Hectare, 151
Bistrita-Nasaud, Anul 2002, Hectare, 155
Bistrita-Nasaud, Anul 2003, Hectare, 154
Bistrita-Nasaud, Anul 2004, Hectare, 174
Bistrita-Nasaud, Anul 2005, Hectare, 174
Bistrita-Nasaud, Anul 2006, Hectare, 174
Bistrita-Nasaud, Anul 2007, Hectare, 151
Bistrita-Nasaud, Anul 2008, Hectare, 151
Bistrita-Nasaud, Anul 2009, Hectare, 163
Bistrita-Nasaud, Anul 2010, Hectare, 184
Bistrita-Nasaud, Anul 2011, Hectare, 192
Bistrita-Nasaud, Anul 2012, Hectare, 192
Bistrita-Nasaud, Anul 2013, Hectare, 229
Bistrita-Nasaud, Anul 2014, Hectare, 463
Bistrita-Nasaud, Anul 2015, Hectare, 463
Bistrita-Nasaud, Anul 2016, Hectare, 467
Bistrita-Nasaud, Anul 2017, Hectare, 467
Cluj, Anul 1991, Hectare, 849
Cluj, Anul 1992, Hectare, 853
Cluj, Anul 1993, Hectare, 848
Cluj, Anul 1994, Hectare, 823
Cluj, Anul 1995, Hectare, 823
Cluj, Anul 1996, Hectare, 825
Cluj, Anul 1997, Hectare, 685
Cluj, Anul 1998, Hectare, 685
Cluj, Anul 1999, Hectare, 599
Cluj, Anul 2000, Hectare, 596
Cluj, Anul 2001, Hectare, 597
Cluj, Anul 2002, Hectare, 610
Cluj, Anul 2003, Hectare, 609
Cluj, Anul 2004, Hectare, 610
Cluj, Anul 2005, Hectare, 610
Cluj, Anul 2006, Hectare, 665
Cluj, Anul 2007, Hectare, 788
Cluj, Anul 2008, Hectare, 885
Cluj, Anul 2009, Hectare, 866
Cluj, Anul 2010, Hectare, 1228
Cluj, Anul 2011, Hectare, 1149
Cluj, Anul 2012, Hectare, 1225
Cluj, Anul 2013, Hectare, 1225
Cluj, Anul 2014, Hectare, 1119
Cluj, Anul 2015, Hectare, 1119
Cluj, Anul 2016, Hectare, 1108
Cluj, Anul 2017, Hectare, 1108
Maramures, Anul 1991, Hectare, 458
Maramures, Anul 1992, Hectare, 461
Maramures, Anul 1993, Hectare, 461
Maramures, Anul 1994, Hectare, 377
Maramures, Anul 1995, Hectare, 377
Maramures, Anul 1996, Hectare, 377
Maramures, Anul 1997, Hectare, 375
Maramures, Anul 1998, Hectare, 365
Maramures, Anul 1999, Hectare, 285
Maramures, Anul 2000, Hectare, 276
Maramures, Anul 2001, Hectare, 266
Maramures, Anul 2002, Hectare, 205
Maramures, Anul 2003, Hectare, 494
Maramures, Anul 2004, Hectare, 499
Maramures, Anul 2005, Hectare, 513
Maramures, Anul 2006, Hectare, 517
Maramures, Anul 2007, Hectare, 531
Maramures, Anul 2008, Hectare, 531
Maramures, Anul 2009, Hectare, 533
Maramures, Anul 2010, Hectare, 533
Maramures, Anul 2011, Hectare, 581
Maramures, Anul 2012, Hectare, 577
Maramures, Anul 2013, Hectare, 577
Maramures, Anul 2014, Hectare, 577
Maramures, Anul 2015, Hectare, 2204
Maramures, Anul 2016, Hectare, 2207
Maramures, Anul 2017, Hectare, 2206
Satu Mare, Anul 1991, Hectare, 203
Satu Mare, Anul 1992, Hectare, 203
Satu Mare, Anul 1993, Hectare, 238
Satu Mare, Anul 1994, Hectare, 199
Satu Mare, Anul 1995, Hectare, 199
Satu Mare, Anul 1996, Hectare, 199
Satu Mare, Anul 1997, Hectare, 199
Satu Mare, Anul 1998, Hectare, 199
Satu Mare, Anul 1999, Hectare, 199
Satu Mare, Anul 2000, Hectare, 199
Satu Mare, Anul 2001, Hectare, 199
Satu Mare, Anul 2002, Hectare, 199
Satu Mare, Anul 2003, Hectare, 209
Satu Mare, Anul 2004, Hectare, 206
Satu Mare, Anul 2005, Hectare, 206
Satu Mare, Anul 2006, Hectare, 225
Satu Mare, Anul 2007, Hectare, 365
Satu Mare, Anul 2008, Hectare, 379
Satu Mare, Anul 2009, Hectare, 379
Satu Mare, Anul 2010, Hectare, 368
Satu Mare, Anul 2011, Hectare, 368
Satu Mare, Anul 2012, Hectare, 368
Satu Mare, Anul 2013, Hectare, 369
Satu Mare, Anul 2014, Hectare, 369
Satu Mare, Anul 2015, Hectare, 373
Satu Mare, Anul 2016, Hectare, 413
Satu Mare, Anul 2017, Hectare, 371
Salaj, Anul 1991, Hectare, 110
Salaj, Anul 1992, Hectare, 110
Salaj, Anul 1993, Hectare, 110
Salaj, Anul 1994, Hectare, 111
Salaj, Anul 1995, Hectare, 111
Salaj, Anul 1996, Hectare, 107
Salaj, Anul 1997, Hectare, 108
Salaj, Anul 1998, Hectare, 108
Salaj, Anul 1999, Hectare, 111
Salaj, Anul 2000, Hectare, 111
Salaj, Anul 2001, Hectare, 111
Salaj, Anul 2002, Hectare, 111
Salaj, Anul 2003, Hectare, 114
Salaj, Anul 2004, Hectare, 114
Salaj, Anul 2005, Hectare, 117
Salaj, Anul 2006, Hectare, 118
Salaj, Anul 2007, Hectare, 86
Salaj, Anul 2008, Hectare, 82
Salaj, Anul 2009, Hectare, 114
Salaj, Anul 2010, Hectare, 114
Salaj, Anul 2011, Hectare, 114
Salaj, Anul 2012, Hectare, 114
Salaj, Anul 2013, Hectare, 150
Salaj, Anul 2014, Hectare, 150
Salaj, Anul 2015, Hectare, 164
Salaj, Anul 2016, Hectare, 225
Salaj, Anul 2017, Hectare, 227
Regiunea CENTRU, Anul 1991, Hectare, 2194
Regiunea CENTRU, Anul 1992, Hectare, 1946
Regiunea CENTRU, Anul 1993, Hectare, 1910
Regiunea CENTRU, Anul 1994, Hectare, 2131
Regiunea CENTRU, Anul 1995, Hectare, 2071
Regiunea CENTRU, Anul 1996, Hectare, 1802
Regiunea CENTRU, Anul 1997, Hectare, 1813
Regiunea CENTRU, Anul 1998, Hectare, 1748
Regiunea CENTRU, Anul 1999, Hectare, 1748
Regiunea CENTRU, Anul 2000, Hectare, 1705
Regiunea CENTRU, Anul 2001, Hectare, 1739
Regiunea CENTRU, Anul 2002, Hectare, 1911
Regiunea CENTRU, Anul 2003, Hectare, 1972
Regiunea CENTRU, Anul 2004, Hectare, 2018
Regiunea CENTRU, Anul 2005, Hectare, 2056
Regiunea CENTRU, Anul 2006, Hectare, 2092
Regiunea CENTRU, Anul 2007, Hectare, 2184
Regiunea CENTRU, Anul 2008, Hectare, 2254
Regiunea CENTRU, Anul 2009, Hectare, 2228
Regiunea CENTRU, Anul 2010, Hectare, 2266
Regiunea CENTRU, Anul 2011, Hectare, 2325
Regiunea CENTRU, Anul 2012, Hectare, 2404
Regiunea CENTRU, Anul 2013, Hectare, 2406
Regiunea CENTRU, Anul 2014, Hectare, 2614
Regiunea CENTRU, Anul 2015, Hectare, 2675
Regiunea CENTRU, Anul 2016, Hectare, 2588
Regiunea CENTRU, Anul 2017, Hectare, 2569
Alba, Anul 1991, Hectare, 314
Alba, Anul 1992, Hectare, 316
Alba, Anul 1993, Hectare, 318
Alba, Anul 1994, Hectare, 320
Alba, Anul 1995, Hectare, 243
Alba, Anul 1996, Hectare, 258
Alba, Anul 1997, Hectare, 271
Alba, Anul 1998, Hectare, 253
Alba, Anul 1999, Hectare, 250
Alba, Anul 2000, Hectare, 250
Alba, Anul 2001, Hectare, 250
Alba, Anul 2002, Hectare, 250
Alba, Anul 2003, Hectare, 251
Alba, Anul 2004, Hectare, 251
Alba, Anul 2005, Hectare, 267
Alba, Anul 2006, Hectare, 270
Alba, Anul 2007, Hectare, 273
Alba, Anul 2008, Hectare, 274
Alba, Anul 2009, Hectare, 274
Alba, Anul 2010, Hectare, 295
Alba, Anul 2011, Hectare, 317
Alba, Anul 2012, Hectare, 317
Alba, Anul 2013, Hectare, 318
Alba, Anul 2014, Hectare, 373
Alba, Anul 2015, Hectare, 373
Alba, Anul 2016, Hectare, 399
Alba, Anul 2017, Hectare, 399
Brasov, Anul 1991, Hectare, 602
Brasov, Anul 1992, Hectare, 396
Brasov, Anul 1993, Hectare, 396
Brasov, Anul 1994, Hectare, 628
Brasov, Anul 1995, Hectare, 628
Brasov, Anul 1996, Hectare, 344
Brasov, Anul 1997, Hectare, 342
Brasov, Anul 1998, Hectare, 324
Brasov, Anul 1999, Hectare, 323
Brasov, Anul 2000, Hectare, 316
Brasov, Anul 2001, Hectare, 323
Brasov, Anul 2002, Hectare, 358
Brasov, Anul 2003, Hectare, 349
Brasov, Anul 2004, Hectare, 349
Brasov, Anul 2005, Hectare, 352
Brasov, Anul 2006, Hectare, 352
Brasov, Anul 2007, Hectare, 352
Brasov, Anul 2008, Hectare, 386
Brasov, Anul 2009, Hectare, 387
Brasov, Anul 2010, Hectare, 387
Brasov, Anul 2011, Hectare, 387
Brasov, Anul 2012, Hectare, 389
Brasov, Anul 2013, Hectare, 389
Brasov, Anul 2014, Hectare, 389
Brasov, Anul 2015, Hectare, 341
Brasov, Anul 2016, Hectare, 337
Brasov, Anul 2017, Hectare, 345
Covasna, Anul 1991, Hectare, 111
Covasna, Anul 1992, Hectare, 111
Covasna, Anul 1993, Hectare, 111
Covasna, Anul 1994, Hectare, 100
Covasna, Anul 1995, Hectare, 102
Covasna, Anul 1996, Hectare, 102
Covasna, Anul 1997, Hectare, 102
Covasna, Anul 1998, Hectare, 102
Covasna, Anul 1999, Hectare, 102
Covasna, Anul 2000, Hectare, 115
Covasna, Anul 2001, Hectare, 142
Covasna, Anul 2002, Hectare, 142
Covasna, Anul 2003, Hectare, 142
Covasna, Anul 2004, Hectare, 143
Covasna, Anul 2005, Hectare, 141
Covasna, Anul 2006, Hectare, 141
Covasna, Anul 2007, Hectare, 163
Covasna, Anul 2008, Hectare, 163
Covasna, Anul 2009, Hectare, 163
Covasna, Anul 2010, Hectare, 163
Covasna, Anul 2011, Hectare, 163
Covasna, Anul 2012, Hectare, 163
Covasna, Anul 2013, Hectare, 163
Covasna, Anul 2014, Hectare, 247
Covasna, Anul 2015, Hectare, 247
Covasna, Anul 2016, Hectare, 247
Covasna, Anul 2017, Hectare, 247
Harghita, Anul 1991, Hectare, 301
Harghita, Anul 1992, Hectare, 301
Harghita, Anul 1993, Hectare, 306
Harghita, Anul 1994, Hectare, 306
Harghita, Anul 1995, Hectare, 306
Harghita, Anul 1996, Hectare, 306
Harghita, Anul 1997, Hectare, 306
Harghita, Anul 1998, Hectare, 296
Harghita, Anul 1999, Hectare, 296
Harghita, Anul 2000, Hectare, 296
Harghita, Anul 2001, Hectare, 296
Harghita, Anul 2002, Hectare, 298
Harghita, Anul 2003, Hectare, 370
Harghita, Anul 2004, Hectare, 388
Harghita, Anul 2005, Hectare, 408
Harghita, Anul 2006, Hectare, 408
Harghita, Anul 2007, Hectare, 415
Harghita, Anul 2008, Hectare, 415
Harghita, Anul 2009, Hectare, 415
Harghita, Anul 2010, Hectare, 417
Harghita, Anul 2011, Hectare, 418
Harghita, Anul 2012, Hectare, 500
Harghita, Anul 2013, Hectare, 500
Harghita, Anul 2014, Hectare, 496
Harghita, Anul 2015, Hectare, 503
Harghita, Anul 2016, Hectare, 319
Harghita, Anul 2017, Hectare, 326
Mures, Anul 1991, Hectare, 468
Mures, Anul 1992, Hectare, 424
Mures, Anul 1993, Hectare, 381
Mures, Anul 1994, Hectare, 381
Mures, Anul 1995, Hectare, 381
Mures, Anul 1996, Hectare, 381
Mures, Anul 1997, Hectare, 381
Mures, Anul 1998, Hectare, 362
Mures, Anul 1999, Hectare, 366
Mures, Anul 2000, Hectare, 317
Mures, Anul 2001, Hectare, 317
Mures, Anul 2002, Hectare, 452
Mures, Anul 2003, Hectare, 467
Mures, Anul 2004, Hectare, 474
Mures, Anul 2005, Hectare, 475
Mures, Anul 2006, Hectare, 508
Mures, Anul 2007, Hectare, 539
Mures, Anul 2008, Hectare, 574
Mures, Anul 2009, Hectare, 574
Mures, Anul 2010, Hectare, 589
Mures, Anul 2011, Hectare, 621
Mures, Anul 2012, Hectare, 611
Mures, Anul 2013, Hectare, 611
Mures, Anul 2014, Hectare, 638
Mures, Anul 2015, Hectare, 693
Mures, Anul 2016, Hectare, 702
Mures, Anul 2017, Hectare, 702
Sibiu, Anul 1991, Hectare, 398
Sibiu, Anul 1992, Hectare, 398
Sibiu, Anul 1993, Hectare, 398
Sibiu, Anul 1994, Hectare, 396
Sibiu, Anul 1995, Hectare, 411
Sibiu, Anul 1996, Hectare, 411
Sibiu, Anul 1997, Hectare, 411
Sibiu, Anul 1998, Hectare, 411
Sibiu, Anul 1999, Hectare, 411
Sibiu, Anul 2000, Hectare, 411
Sibiu, Anul 2001, Hectare, 411
Sibiu, Anul 2002, Hectare, 411
Sibiu, Anul 2003, Hectare, 393
Sibiu, Anul 2004, Hectare, 413
Sibiu, Anul 2005, Hectare, 413
Sibiu, Anul 2006, Hectare, 413
Sibiu, Anul 2007, Hectare, 442
Sibiu, Anul 2008, Hectare, 442
Sibiu, Anul 2009, Hectare, 415
Sibiu, Anul 2010, Hectare, 415
Sibiu, Anul 2011, Hectare, 419
Sibiu, Anul 2012, Hectare, 424
Sibiu, Anul 2013, Hectare, 425
Sibiu, Anul 2014, Hectare, 471
Sibiu, Anul 2015, Hectare, 518
Sibiu, Anul 2016, Hectare, 584
Sibiu, Anul 2017, Hectare, 550
MACROREGIUNEA DOI, Anul 1991, Hectare, 5557
MACROREGIUNEA DOI, Anul 1992, Hectare, 5419
MACROREGIUNEA DOI, Anul 1993, Hectare, 5164
MACROREGIUNEA DOI, Anul 1994, Hectare, 5162
MACROREGIUNEA DOI, Anul 1995, Hectare, 5544
MACROREGIUNEA DOI, Anul 1996, Hectare, 5371
MACROREGIUNEA DOI, Anul 1997, Hectare, 5298
MACROREGIUNEA DOI, Anul 1998, Hectare, 5355
MACROREGIUNEA DOI, Anul 1999, Hectare, 5437
MACROREGIUNEA DOI, Anul 2000, Hectare, 5127
MACROREGIUNEA DOI, Anul 2001, Hectare, 5127
MACROREGIUNEA DOI, Anul 2002, Hectare, 5006
MACROREGIUNEA DOI, Anul 2003, Hectare, 5010
MACROREGIUNEA DOI, Anul 2004, Hectare, 5156
MACROREGIUNEA DOI, Anul 2005, Hectare, 5015
MACROREGIUNEA DOI, Anul 2006, Hectare, 5005
MACROREGIUNEA DOI, Anul 2007, Hectare, 4984
MACROREGIUNEA DOI, Anul 2008, Hectare, 5130
MACROREGIUNEA DOI, Anul 2009, Hectare, 5229
MACROREGIUNEA DOI, Anul 2010, Hectare, 5209
MACROREGIUNEA DOI, Anul 2011, Hectare, 4747
MACROREGIUNEA DOI, Anul 2012, Hectare, 4999
MACROREGIUNEA DOI, Anul 2013, Hectare, 5302
MACROREGIUNEA DOI, Anul 2014, Hectare, 5344
MACROREGIUNEA DOI, Anul 2015, Hectare, 5480
MACROREGIUNEA DOI, Anul 2016, Hectare, 6318
MACROREGIUNEA DOI, Anul 2017, Hectare, 6073
Regiunea NORD-EST, Anul 1991, Hectare, 2874
Regiunea NORD-EST, Anul 1992, Hectare, 2756
Regiunea NORD-EST, Anul 1993, Hectare, 2528
Regiunea NORD-EST, Anul 1994, Hectare, 2525
Regiunea NORD-EST, Anul 1995, Hectare, 2500
Regiunea NORD-EST, Anul 1996, Hectare, 2437
Regiunea NORD-EST, Anul 1997, Hectare, 2377
Regiunea NORD-EST, Anul 1998, Hectare, 2433
Regiunea NORD-EST, Anul 1999, Hectare, 2463
Regiunea NORD-EST, Anul 2000, Hectare, 2356
Regiunea NORD-EST, Anul 2001, Hectare, 2363
Regiunea NORD-EST, Anul 2002, Hectare, 2414
Regiunea NORD-EST, Anul 2003, Hectare, 2429
Regiunea NORD-EST, Anul 2004, Hectare, 2562
Regiunea NORD-EST, Anul 2005, Hectare, 2438
Regiunea NORD-EST, Anul 2006, Hectare, 2425
Regiunea NORD-EST, Anul 2007, Hectare, 2429
Regiunea NORD-EST, Anul 2008, Hectare, 2562
Regiunea NORD-EST, Anul 2009, Hectare, 2542
Regiunea NORD-EST, Anul 2010, Hectare, 2526
Regiunea NORD-EST, Anul 2011, Hectare, 2504
Regiunea NORD-EST, Anul 2012, Hectare, 2762
Regiunea NORD-EST, Anul 2013, Hectare, 3076
Regiunea NORD-EST, Anul 2014, Hectare, 3096
Regiunea NORD-EST, Anul 2015, Hectare, 3159
Regiunea NORD-EST, Anul 2016, Hectare, 3217
Regiunea NORD-EST, Anul 2017, Hectare, 3250
Bacau, Anul 1991, Hectare, 797
Bacau, Anul 1992, Hectare, 798
Bacau, Anul 1993, Hectare, 632
Bacau, Anul 1994, Hectare, 632
Bacau, Anul 1995, Hectare, 612
Bacau, Anul 1996, Hectare, 600
Bacau, Anul 1997, Hectare, 530
Bacau, Anul 1998, Hectare, 530
Bacau, Anul 1999, Hectare, 547
Bacau, Anul 2000, Hectare, 513
Bacau, Anul 2001, Hectare, 489
Bacau, Anul 2002, Hectare, 513
Bacau, Anul 2003, Hectare, 516
Bacau, Anul 2004, Hectare, 516
Bacau, Anul 2005, Hectare, 501
Bacau, Anul 2006, Hectare, 501
Bacau, Anul 2007, Hectare, 485
Bacau, Anul 2008, Hectare, 539
Bacau, Anul 2009, Hectare, 539
Bacau, Anul 2010, Hectare, 539
Bacau, Anul 2011, Hectare, 507
Bacau, Anul 2012, Hectare, 714
Bacau, Anul 2013, Hectare, 752
Bacau, Anul 2014, Hectare, 780
Bacau, Anul 2015, Hectare, 789
Bacau, Anul 2016, Hectare, 804
Bacau, Anul 2017, Hectare, 763
Botosani, Anul 1991, Hectare, 294
Botosani, Anul 1992, Hectare, 289
Botosani, Anul 1993, Hectare, 295
Botosani, Anul 1994, Hectare, 295
Botosani, Anul 1995, Hectare, 295
Botosani, Anul 1996, Hectare, 295
Botosani, Anul 1997, Hectare, 295
Botosani, Anul 1998, Hectare, 295
Botosani, Anul 1999, Hectare, 318
Botosani, Anul 2000, Hectare, 295
Botosani, Anul 2001, Hectare, 295
Botosani, Anul 2002, Hectare, 295
Botosani, Anul 2003, Hectare, 295
Botosani, Anul 2004, Hectare, 305
Botosani, Anul 2005, Hectare, 305
Botosani, Anul 2006, Hectare, 306
Botosani, Anul 2007, Hectare, 308
Botosani, Anul 2008, Hectare, 306
Botosani, Anul 2009, Hectare, 306
Botosani, Anul 2010, Hectare, 307
Botosani, Anul 2011, Hectare, 307
Botosani, Anul 2012, Hectare, 307
Botosani, Anul 2013, Hectare, 307
Botosani, Anul 2014, Hectare, 327
Botosani, Anul 2015, Hectare, 327
Botosani, Anul 2016, Hectare, 327
Botosani, Anul 2017, Hectare, 327
Iasi, Anul 1991, Hectare, 496
Iasi, Anul 1992, Hectare, 495
Iasi, Anul 1993, Hectare, 496
Iasi, Anul 1994, Hectare, 494
Iasi, Anul 1995, Hectare, 496
Iasi, Anul 1996, Hectare, 496
Iasi, Anul 1997, Hectare, 496
Iasi, Anul 1998, Hectare, 499
Iasi, Anul 1999, Hectare, 500
Iasi, Anul 2000, Hectare, 501
Iasi, Anul 2001, Hectare, 513
Iasi, Anul 2002, Hectare, 513
Iasi, Anul 2003, Hectare, 513
Iasi, Anul 2004, Hectare, 512
Iasi, Anul 2005, Hectare, 512
Iasi, Anul 2006, Hectare, 515
Iasi, Anul 2007, Hectare, 515
Iasi, Anul 2008, Hectare, 515
Iasi, Anul 2009, Hectare, 515
Iasi, Anul 2010, Hectare, 515
Iasi, Anul 2011, Hectare, 510
Iasi, Anul 2012, Hectare, 510
Iasi, Anul 2013, Hectare, 770
Iasi, Anul 2014, Hectare, 770
Iasi, Anul 2015, Hectare, 795
Iasi, Anul 2016, Hectare, 838
Iasi, Anul 2017, Hectare, 838
Neamt, Anul 1991, Hectare, 379
Neamt, Anul 1992, Hectare, 271
Neamt, Anul 1993, Hectare, 249
Neamt, Anul 1994, Hectare, 247
Neamt, Anul 1995, Hectare, 240
Neamt, Anul 1996, Hectare, 240
Neamt, Anul 1997, Hectare, 250
Neamt, Anul 1998, Hectare, 302
Neamt, Anul 1999, Hectare, 302
Neamt, Anul 2000, Hectare, 296
Neamt, Anul 2001, Hectare, 296
Neamt, Anul 2002, Hectare, 296
Neamt, Anul 2003, Hectare, 305
Neamt, Anul 2004, Hectare, 305
Neamt, Anul 2005, Hectare, 305
Neamt, Anul 2006, Hectare, 304
Neamt, Anul 2007, Hectare, 319
Neamt, Anul 2008, Hectare, 319
Neamt, Anul 2009, Hectare, 319
Neamt, Anul 2010, Hectare, 319
Neamt, Anul 2011, Hectare, 317
Neamt, Anul 2012, Hectare, 336
Neamt, Anul 2013, Hectare, 352
Neamt, Anul 2014, Hectare, 352
Neamt, Anul 2015, Hectare, 352
Neamt, Anul 2016, Hectare, 352
Neamt, Anul 2017, Hectare, 356
Suceava, Anul 1991, Hectare, 634
Suceava, Anul 1992, Hectare, 627
Suceava, Anul 1993, Hectare, 580
Suceava, Anul 1994, Hectare, 581
Suceava, Anul 1995, Hectare, 581
Suceava, Anul 1996, Hectare, 582
Suceava, Anul 1997, Hectare, 582
Suceava, Anul 1998, Hectare, 583
Suceava, Anul 1999, Hectare, 572
Suceava, Anul 2000, Hectare, 527
Suceava, Anul 2001, Hectare, 527
Suceava, Anul 2002, Hectare, 527
Suceava, Anul 2003, Hectare, 527
Suceava, Anul 2004, Hectare, 532
Suceava, Anul 2005, Hectare, 526
Suceava, Anul 2006, Hectare, 514
Suceava, Anul 2007, Hectare, 516
Suceava, Anul 2008, Hectare, 517
Suceava, Anul 2009, Hectare, 519
Suceava, Anul 2010, Hectare, 502
Suceava, Anul 2011, Hectare, 519
Suceava, Anul 2012, Hectare, 523
Suceava, Anul 2013, Hectare, 523
Suceava, Anul 2014, Hectare, 523
Suceava, Anul 2015, Hectare, 552
Suceava, Anul 2016, Hectare, 552
Suceava, Anul 2017, Hectare, 622
Vaslui, Anul 1991, Hectare, 274
Vaslui, Anul 1992, Hectare, 276
Vaslui, Anul 1993, Hectare, 276
Vaslui, Anul 1994, Hectare, 276
Vaslui, Anul 1995, Hectare, 276
Vaslui, Anul 1996, Hectare, 224
Vaslui, Anul 1997, Hectare, 224
Vaslui, Anul 1998, Hectare, 224
Vaslui, Anul 1999, Hectare, 224
Vaslui, Anul 2000, Hectare, 224
Vaslui, Anul 2001, Hectare, 243
Vaslui, Anul 2002, Hectare, 270
Vaslui, Anul 2003, Hectare, 273
Vaslui, Anul 2004, Hectare, 392
Vaslui, Anul 2005, Hectare, 289
Vaslui, Anul 2006, Hectare, 285
Vaslui, Anul 2007, Hectare, 286
Vaslui, Anul 2008, Hectare, 366
Vaslui, Anul 2009, Hectare, 344
Vaslui, Anul 2010, Hectare, 344
Vaslui, Anul 2011, Hectare, 344
Vaslui, Anul 2012, Hectare, 372
Vaslui, Anul 2013, Hectare, 372
Vaslui, Anul 2014, Hectare, 344
Vaslui, Anul 2015, Hectare, 344
Vaslui, Anul 2016, Hectare, 344
Vaslui, Anul 2017, Hectare, 344
Regiunea SUD-EST, Anul 1991, Hectare, 2683
Regiunea SUD-EST, Anul 1992, Hectare, 2663
Regiunea SUD-EST, Anul 1993, Hectare, 2636
Regiunea SUD-EST, Anul 1994, Hectare, 2637
Regiunea SUD-EST, Anul 1995, Hectare, 3044
Regiunea SUD-EST, Anul 1996, Hectare, 2934
Regiunea SUD-EST, Anul 1997, Hectare, 2921
Regiunea SUD-EST, Anul 1998, Hectare, 2922
Regiunea SUD-EST, Anul 1999, Hectare, 2974
Regiunea SUD-EST, Anul 2000, Hectare, 2771
Regiunea SUD-EST, Anul 2001, Hectare, 2764
Regiunea SUD-EST, Anul 2002, Hectare, 2592
Regiunea SUD-EST, Anul 2003, Hectare, 2581
Regiunea SUD-EST, Anul 2004, Hectare, 2594
Regiunea SUD-EST, Anul 2005, Hectare, 2577
Regiunea SUD-EST, Anul 2006, Hectare, 2580
Regiunea SUD-EST, Anul 2007, Hectare, 2555
Regiunea SUD-EST, Anul 2008, Hectare, 2568
Regiunea SUD-EST, Anul 2009, Hectare, 2687
Regiunea SUD-EST, Anul 2010, Hectare, 2683
Regiunea SUD-EST, Anul 2011, Hectare, 2243
Regiunea SUD-EST, Anul 2012, Hectare, 2237
Regiunea SUD-EST, Anul 2013, Hectare, 2226
Regiunea SUD-EST, Anul 2014, Hectare, 2248
Regiunea SUD-EST, Anul 2015, Hectare, 2321
Regiunea SUD-EST, Anul 2016, Hectare, 3101
Regiunea SUD-EST, Anul 2017, Hectare, 2823
Braila, Anul 1991, Hectare, 326
Braila, Anul 1992, Hectare, 326
Braila, Anul 1993, Hectare, 326
Braila, Anul 1994, Hectare, 326
Braila, Anul 1995, Hectare, 326
Braila, Anul 1996, Hectare, 304
Braila, Anul 1997, Hectare, 304
Braila, Anul 1998, Hectare, 307
Braila, Anul 1999, Hectare, 322
Braila, Anul 2000, Hectare, 323
Braila, Anul 2001, Hectare, 323
Braila, Anul 2002, Hectare, 323
Braila, Anul 2003, Hectare, 323
Braila, Anul 2004, Hectare, 323
Braila, Anul 2005, Hectare, 323
Braila, Anul 2006, Hectare, 325
Braila, Anul 2007, Hectare, 327
Braila, Anul 2008, Hectare, 327
Braila, Anul 2009, Hectare, 327
Braila, Anul 2010, Hectare, 327
Braila, Anul 2011, Hectare, 327
Braila, Anul 2012, Hectare, 332
Braila, Anul 2013, Hectare, 332
Braila, Anul 2014, Hectare, 332
Braila, Anul 2015, Hectare, 409
Braila, Anul 2016, Hectare, 515
Braila, Anul 2017, Hectare, 502
Buzau, Anul 1991, Hectare, 181
Buzau, Anul 1992, Hectare, 182
Buzau, Anul 1993, Hectare, 183
Buzau, Anul 1994, Hectare, 184
Buzau, Anul 1995, Hectare, 179
Buzau, Anul 1996, Hectare, 189
Buzau, Anul 1997, Hectare, 179
Buzau, Anul 1998, Hectare, 179
Buzau, Anul 1999, Hectare, 179
Buzau, Anul 2000, Hectare, 179
Buzau, Anul 2001, Hectare, 180
Buzau, Anul 2002, Hectare, 180
Buzau, Anul 2003, Hectare, 180
Buzau, Anul 2004, Hectare, 182
Buzau, Anul 2005, Hectare, 182
Buzau, Anul 2006, Hectare, 183
Buzau, Anul 2007, Hectare, 214
Buzau, Anul 2008, Hectare, 251
Buzau, Anul 2009, Hectare, 251
Buzau, Anul 2010, Hectare, 246
Buzau, Anul 2011, Hectare, 246
Buzau, Anul 2012, Hectare, 246
Buzau, Anul 2013, Hectare, 246
Buzau, Anul 2014, Hectare, 248
Buzau, Anul 2015, Hectare, 248
Buzau, Anul 2016, Hectare, 248
Buzau, Anul 2017, Hectare, 248
Constanta, Anul 1991, Hectare, 1366
Constanta, Anul 1992, Hectare, 1363
Constanta, Anul 1993, Hectare, 1329
Constanta, Anul 1994, Hectare, 1331
Constanta, Anul 1995, Hectare, 1348
Constanta, Anul 1996, Hectare, 1251
Constanta, Anul 1997, Hectare, 1251
Constanta, Anul 1998, Hectare, 1245
Constanta, Anul 1999, Hectare, 1281
Constanta, Anul 2000, Hectare, 1073
Constanta, Anul 2001, Hectare, 1064
Constanta, Anul 2002, Hectare, 890
Constanta, Anul 2003, Hectare, 902
Constanta, Anul 2004, Hectare, 914
Constanta, Anul 2005, Hectare, 899
Constanta, Anul 2006, Hectare, 899
Constanta, Anul 2007, Hectare, 823
Constanta, Anul 2008, Hectare, 795
Constanta, Anul 2009, Hectare, 913
Constanta, Anul 2010, Hectare, 913
Constanta, Anul 2011, Hectare, 928
Constanta, Anul 2012, Hectare, 917
Constanta, Anul 2013, Hectare, 906
Constanta, Anul 2014, Hectare, 904
Constanta, Anul 2015, Hectare, 904
Constanta, Anul 2016, Hectare, 927
Constanta, Anul 2017, Hectare, 657
Galati, Anul 1991, Hectare, 536
Galati, Anul 1992, Hectare, 589
Galati, Anul 1993, Hectare, 592
Galati, Anul 1994, Hectare, 590
Galati, Anul 1995, Hectare, 986
Galati, Anul 1996, Hectare, 986
Galati, Anul 1997, Hectare, 983
Galati, Anul 1998, Hectare, 983
Galati, Anul 1999, Hectare, 984
Galati, Anul 2000, Hectare, 984
Galati, Anul 2001, Hectare, 984
Galati, Anul 2002, Hectare, 984
Galati, Anul 2003, Hectare, 984
Galati, Anul 2004, Hectare, 984
Galati, Anul 2005, Hectare, 984
Galati, Anul 2006, Hectare, 984
Galati, Anul 2007, Hectare, 984
Galati, Anul 2008, Hectare, 984
Galati, Anul 2009, Hectare, 984
Galati, Anul 2010, Hectare, 984
Galati, Anul 2011, Hectare, 526
Galati, Anul 2012, Hectare, 526
Galati, Anul 2013, Hectare, 529
Galati, Anul 2014, Hectare, 529
Galati, Anul 2015, Hectare, 532
Galati, Anul 2016, Hectare, 1050
Galati, Anul 2017, Hectare, 1050
Tulcea, Anul 1991, Hectare, 86
Tulcea, Anul 1992, Hectare, 74
Tulcea, Anul 1993, Hectare, 77
Tulcea, Anul 1994, Hectare, 77
Tulcea, Anul 1995, Hectare, 76
Tulcea, Anul 1996, Hectare, 75
Tulcea, Anul 1997, Hectare, 75
Tulcea, Anul 1998, Hectare, 79
Tulcea, Anul 1999, Hectare, 79
Tulcea, Anul 2000, Hectare, 79
Tulcea, Anul 2001, Hectare, 79
Tulcea, Anul 2002, Hectare, 81
Tulcea, Anul 2003, Hectare, 78
Tulcea, Anul 2004, Hectare, 77
Tulcea, Anul 2005, Hectare, 75
Tulcea, Anul 2006, Hectare, 75
Tulcea, Anul 2007, Hectare, 76
Tulcea, Anul 2008, Hectare, 76
Tulcea, Anul 2009, Hectare, 76
Tulcea, Anul 2010, Hectare, 77
Tulcea, Anul 2011, Hectare, 77
Tulcea, Anul 2012, Hectare, 77
Tulcea, Anul 2013, Hectare, 77
Tulcea, Anul 2014, Hectare, 99
Tulcea, Anul 2015, Hectare, 77
Tulcea, Anul 2016, Hectare, 208
Tulcea, Anul 2017, Hectare, 208
Vrancea, Anul 1991, Hectare, 188
Vrancea, Anul 1992, Hectare, 129
Vrancea, Anul 1993, Hectare, 129
Vrancea, Anul 1994, Hectare, 129
Vrancea, Anul 1995, Hectare, 129
Vrancea, Anul 1996, Hectare, 129
Vrancea, Anul 1997, Hectare, 129
Vrancea, Anul 1998, Hectare, 129
Vrancea, Anul 1999, Hectare, 129
Vrancea, Anul 2000, Hectare, 133
Vrancea, Anul 2001, Hectare, 134
Vrancea, Anul 2002, Hectare, 134
Vrancea, Anul 2003, Hectare, 114
Vrancea, Anul 2004, Hectare, 114
Vrancea, Anul 2005, Hectare, 114
Vrancea, Anul 2006, Hectare, 114
Vrancea, Anul 2007, Hectare, 131
Vrancea, Anul 2008, Hectare, 135
Vrancea, Anul 2009, Hectare, 136
Vrancea, Anul 2010, Hectare, 136
Vrancea, Anul 2011, Hectare, 139
Vrancea, Anul 2012, Hectare, 139
Vrancea, Anul 2013, Hectare, 136
Vrancea, Anul 2014, Hectare, 136
Vrancea, Anul 2015, Hectare, 151
Vrancea, Anul 2016, Hectare, 153
Vrancea, Anul 2017, Hectare, 158
MACROREGIUNEA TREI, Anul 1991, Hectare, 6951
MACROREGIUNEA TREI, Anul 1992, Hectare, 6881
MACROREGIUNEA TREI, Anul 1993, Hectare, 6755
MACROREGIUNEA TREI, Anul 1994, Hectare, 6826
MACROREGIUNEA TREI, Anul 1995, Hectare, 6801
MACROREGIUNEA TREI, Anul 1996, Hectare, 6661
MACROREGIUNEA TREI, Anul 1997, Hectare, 6578
MACROREGIUNEA TREI, Anul 1998, Hectare, 6681
MACROREGIUNEA TREI, Anul 1999, Hectare, 6689
MACROREGIUNEA TREI, Anul 2000, Hectare, 6875
MACROREGIUNEA TREI, Anul 2001, Hectare, 6853
MACROREGIUNEA TREI, Anul 2002, Hectare, 6782
MACROREGIUNEA TREI, Anul 2003, Hectare, 6781
MACROREGIUNEA TREI, Anul 2004, Hectare, 6177
MACROREGIUNEA TREI, Anul 2005, Hectare, 6222
MACROREGIUNEA TREI, Anul 2006, Hectare, 6265
MACROREGIUNEA TREI, Anul 2007, Hectare, 6259
MACROREGIUNEA TREI, Anul 2008, Hectare, 6269
MACROREGIUNEA TREI, Anul 2009, Hectare, 6310
MACROREGIUNEA TREI, Anul 2010, Hectare, 6710
MACROREGIUNEA TREI, Anul 2011, Hectare, 7133
MACROREGIUNEA TREI, Anul 2012, Hectare, 7092
MACROREGIUNEA TREI, Anul 2013, Hectare, 7368
MACROREGIUNEA TREI, Anul 2014, Hectare, 7348
MACROREGIUNEA TREI, Anul 2015, Hectare, 7364
MACROREGIUNEA TREI, Anul 2016, Hectare, 7424
MACROREGIUNEA TREI, Anul 2017, Hectare, 7470
Regiunea SUD-MUNTENIA, Anul 1991, Hectare, 2079
Regiunea SUD-MUNTENIA, Anul 1992, Hectare, 2009
Regiunea SUD-MUNTENIA, Anul 1993, Hectare, 1883
Regiunea SUD-MUNTENIA, Anul 1994, Hectare, 1954
Regiunea SUD-MUNTENIA, Anul 1995, Hectare, 1929
Regiunea SUD-MUNTENIA, Anul 1996, Hectare, 1783
Regiunea SUD-MUNTENIA, Anul 1997, Hectare, 1700
Regiunea SUD-MUNTENIA, Anul 1998, Hectare, 1803
Regiunea SUD-MUNTENIA, Anul 1999, Hectare, 1811
Regiunea SUD-MUNTENIA, Anul 2000, Hectare, 1771
Regiunea SUD-MUNTENIA, Anul 2001, Hectare, 1751
Regiunea SUD-MUNTENIA, Anul 2002, Hectare, 1774
Regiunea SUD-MUNTENIA, Anul 2003, Hectare, 1773
Regiunea SUD-MUNTENIA, Anul 2004, Hectare, 1862
Regiunea SUD-MUNTENIA, Anul 2005, Hectare, 1857
Regiunea SUD-MUNTENIA, Anul 2006, Hectare, 1896
Regiunea SUD-MUNTENIA, Anul 2007, Hectare, 1892
Regiunea SUD-MUNTENIA, Anul 2008, Hectare, 1887
Regiunea SUD-MUNTENIA, Anul 2009, Hectare, 1917
Regiunea SUD-MUNTENIA, Anul 2010, Hectare, 2091
Regiunea SUD-MUNTENIA, Anul 2011, Hectare, 2212
Regiunea SUD-MUNTENIA, Anul 2012, Hectare, 2450
Regiunea SUD-MUNTENIA, Anul 2013, Hectare, 2623
Regiunea SUD-MUNTENIA, Anul 2014, Hectare, 2598
Regiunea SUD-MUNTENIA, Anul 2015, Hectare, 2613
Regiunea SUD-MUNTENIA, Anul 2016, Hectare, 2675
Regiunea SUD-MUNTENIA, Anul 2017, Hectare, 2717
Arges, Anul 1991, Hectare, 445
Arges, Anul 1992, Hectare, 395
Arges, Anul 1993, Hectare, 384
Arges, Anul 1994, Hectare, 384
Arges, Anul 1995, Hectare, 384
Arges, Anul 1996, Hectare, 384
Arges, Anul 1997, Hectare, 384
Arges, Anul 1998, Hectare, 402
Arges, Anul 1999, Hectare, 399
Arges, Anul 2000, Hectare, 356
Arges, Anul 2001, Hectare, 355
Arges, Anul 2002, Hectare, 357
Arges, Anul 2003, Hectare, 397
Arges, Anul 2004, Hectare, 403
Arges, Anul 2005, Hectare, 401
Arges, Anul 2006, Hectare, 401
Arges, Anul 2007, Hectare, 394
Arges, Anul 2008, Hectare, 398
Arges, Anul 2009, Hectare, 409
Arges, Anul 2010, Hectare, 409
Arges, Anul 2011, Hectare, 414
Arges, Anul 2012, Hectare, 449
Arges, Anul 2013, Hectare, 527
Arges, Anul 2014, Hectare, 527
Arges, Anul 2015, Hectare, 517
Arges, Anul 2016, Hectare, 517
Arges, Anul 2017, Hectare, 517
Calarasi, Anul 1991, Hectare, 156
Calarasi, Anul 1992, Hectare, 164
Calarasi, Anul 1993, Hectare, 164
Calarasi, Anul 1994, Hectare, 158
Calarasi, Anul 1995, Hectare, 160
Calarasi, Anul 1996, Hectare, 160
Calarasi, Anul 1997, Hectare, 165
Calarasi, Anul 1998, Hectare, 165
Calarasi, Anul 1999, Hectare, 169
Calarasi, Anul 2000, Hectare, 169
Calarasi, Anul 2001, Hectare, 159
Calarasi, Anul 2002, Hectare, 158
Calarasi, Anul 2003, Hectare, 158
Calarasi, Anul 2004, Hectare, 158
Calarasi, Anul 2005, Hectare, 158
Calarasi, Anul 2006, Hectare, 168
Calarasi, Anul 2007, Hectare, 171
Calarasi, Anul 2008, Hectare, 221
Calarasi, Anul 2009, Hectare, 211
Calarasi, Anul 2010, Hectare, 221
Calarasi, Anul 2011, Hectare, 221
Calarasi, Anul 2012, Hectare, 280
Calarasi, Anul 2013, Hectare, 307
Calarasi, Anul 2014, Hectare, 308
Calarasi, Anul 2015, Hectare, 308
Calarasi, Anul 2016, Hectare, 307
Calarasi, Anul 2017, Hectare, 307
Dambovita, Anul 1991, Hectare, 246
Dambovita, Anul 1992, Hectare, 241
Dambovita, Anul 1993, Hectare, 231
Dambovita, Anul 1994, Hectare, 242
Dambovita, Anul 1995, Hectare, 233
Dambovita, Anul 1996, Hectare, 205
Dambovita, Anul 1997, Hectare, 126
Dambovita, Anul 1998, Hectare, 201
Dambovita, Anul 1999, Hectare, 196
Dambovita, Anul 2000, Hectare, 194
Dambovita, Anul 2001, Hectare, 194
Dambovita, Anul 2002, Hectare, 198
Dambovita, Anul 2003, Hectare, 198
Dambovita, Anul 2004, Hectare, 201
Dambovita, Anul 2005, Hectare, 201
Dambovita, Anul 2006, Hectare, 200
Dambovita, Anul 2007, Hectare, 205
Dambovita, Anul 2008, Hectare, 166
Dambovita, Anul 2009, Hectare, 166
Dambovita, Anul 2010, Hectare, 211
Dambovita, Anul 2011, Hectare, 214
Dambovita, Anul 2012, Hectare, 234
Dambovita, Anul 2013, Hectare, 235
Dambovita, Anul 2014, Hectare, 235
Dambovita, Anul 2015, Hectare, 254
Dambovita, Anul 2016, Hectare, 269
Dambovita, Anul 2017, Hectare, 276
Giurgiu, Anul 1991, Hectare, 32
Giurgiu, Anul 1992, Hectare, 31
Giurgiu, Anul 1993, Hectare, 31
Giurgiu, Anul 1994, Hectare, 31
Giurgiu, Anul 1995, Hectare, 26
Giurgiu, Anul 1996, Hectare, 26
Giurgiu, Anul 1997, Hectare, 26
Giurgiu, Anul 1998, Hectare, 27
Giurgiu, Anul 1999, Hectare, 30
Giurgiu, Anul 2000, Hectare, 30
Giurgiu, Anul 2001, Hectare, 31
Giurgiu, Anul 2002, Hectare, 32
Giurgiu, Anul 2003, Hectare, 32
Giurgiu, Anul 2004, Hectare, 36
Giurgiu, Anul 2005, Hectare, 36
Giurgiu, Anul 2006, Hectare, 38
Giurgiu, Anul 2007, Hectare, 57
Giurgiu, Anul 2008, Hectare, 70
Giurgiu, Anul 2009, Hectare, 70
Giurgiu, Anul 2010, Hectare, 70
Giurgiu, Anul 2011, Hectare, 70
Giurgiu, Anul 2012, Hectare, 70
Giurgiu, Anul 2013, Hectare, 70
Giurgiu, Anul 2014, Hectare, 70
Giurgiu, Anul 2015, Hectare, 70
Giurgiu, Anul 2016, Hectare, 70
Giurgiu, Anul 2017, Hectare, 70
Ialomita, Anul 1991, Hectare, 293
Ialomita, Anul 1992, Hectare, 271
Ialomita, Anul 1993, Hectare, 152
Ialomita, Anul 1994, Hectare, 218
Ialomita, Anul 1995, Hectare, 218
Ialomita, Anul 1996, Hectare, 218
Ialomita, Anul 1997, Hectare, 218
Ialomita, Anul 1998, Hectare, 217
Ialomita, Anul 1999, Hectare, 218
Ialomita, Anul 2000, Hectare, 219
Ialomita, Anul 2001, Hectare, 219
Ialomita, Anul 2002, Hectare, 236
Ialomita, Anul 2003, Hectare, 236
Ialomita, Anul 2004, Hectare, 309
Ialomita, Anul 2005, Hectare, 306
Ialomita, Anul 2006, Hectare, 306
Ialomita, Anul 2007, Hectare, 241
Ialomita, Anul 2008, Hectare, 241
Ialomita, Anul 2009, Hectare, 241
Ialomita, Anul 2010, Hectare, 241
Ialomita, Anul 2011, Hectare, 241
Ialomita, Anul 2012, Hectare, 243
Ialomita, Anul 2013, Hectare, 247
Ialomita, Anul 2014, Hectare, 247
Ialomita, Anul 2015, Hectare, 252
Ialomita, Anul 2016, Hectare, 246
Ialomita, Anul 2017, Hectare, 248
Prahova, Anul 1991, Hectare, 522
Prahova, Anul 1992, Hectare, 522
Prahova, Anul 1993, Hectare, 536
Prahova, Anul 1994, Hectare, 536
Prahova, Anul 1995, Hectare, 523
Prahova, Anul 1996, Hectare, 523
Prahova, Anul 1997, Hectare, 514
Prahova, Anul 1998, Hectare, 515
Prahova, Anul 1999, Hectare, 516
Prahova, Anul 2000, Hectare, 520
Prahova, Anul 2001, Hectare, 510
Prahova, Anul 2002, Hectare, 510
Prahova, Anul 2003, Hectare, 510
Prahova, Anul 2004, Hectare, 513
Prahova, Anul 2005, Hectare, 513
Prahova, Anul 2006, Hectare, 520
Prahova, Anul 2007, Hectare, 538
Prahova, Anul 2008, Hectare, 505
Prahova, Anul 2009, Hectare, 525
Prahova, Anul 2010, Hectare, 644
Prahova, Anul 2011, Hectare, 721
Prahova, Anul 2012, Hectare, 851
Prahova, Anul 2013, Hectare, 912
Prahova, Anul 2014, Hectare, 880
Prahova, Anul 2015, Hectare, 881
Prahova, Anul 2016, Hectare, 943
Prahova, Anul 2017, Hectare, 943
Teleorman, Anul 1991, Hectare, 385
Teleorman, Anul 1992, Hectare, 385
Teleorman, Anul 1993, Hectare, 385
Teleorman, Anul 1994, Hectare, 385
Teleorman, Anul 1995, Hectare, 385
Teleorman, Anul 1996, Hectare, 267
Teleorman, Anul 1997, Hectare, 267
Teleorman, Anul 1998, Hectare, 276
Teleorman, Anul 1999, Hectare, 283
Teleorman, Anul 2000, Hectare, 283
Teleorman, Anul 2001, Hectare, 283
Teleorman, Anul 2002, Hectare, 283
Teleorman, Anul 2003, Hectare, 242
Teleorman, Anul 2004, Hectare, 242
Teleorman, Anul 2005, Hectare, 242
Teleorman, Anul 2006, Hectare, 263
Teleorman, Anul 2007, Hectare, 286
Teleorman, Anul 2008, Hectare, 286
Teleorman, Anul 2009, Hectare, 295
Teleorman, Anul 2010, Hectare, 295
Teleorman, Anul 2011, Hectare, 331
Teleorman, Anul 2012, Hectare, 323
Teleorman, Anul 2013, Hectare, 325
Teleorman, Anul 2014, Hectare, 331
Teleorman, Anul 2015, Hectare, 331
Teleorman, Anul 2016, Hectare, 323
Teleorman, Anul 2017, Hectare, 356
Regiunea BUCURESTI - ILFOV, Anul 1991, Hectare, 4872
Regiunea BUCURESTI - ILFOV, Anul 1992, Hectare, 4872
Regiunea BUCURESTI - ILFOV, Anul 1993, Hectare, 4872
Regiunea BUCURESTI - ILFOV, Anul 1994, Hectare, 4872
Regiunea BUCURESTI - ILFOV, Anul 1995, Hectare, 4872
Regiunea BUCURESTI - ILFOV, Anul 1996, Hectare, 4878
Regiunea BUCURESTI - ILFOV, Anul 1997, Hectare, 4878
Regiunea BUCURESTI - ILFOV, Anul 1998, Hectare, 4878
Regiunea BUCURESTI - ILFOV, Anul 1999, Hectare, 4878
Regiunea BUCURESTI - ILFOV, Anul 2000, Hectare, 5104
Regiunea BUCURESTI - ILFOV, Anul 2001, Hectare, 5102
Regiunea BUCURESTI - ILFOV, Anul 2002, Hectare, 5008
Regiunea BUCURESTI - ILFOV, Anul 2003, Hectare, 5008
Regiunea BUCURESTI - ILFOV, Anul 2004, Hectare, 4315
Regiunea BUCURESTI - ILFOV, Anul 2005, Hectare, 4365
Regiunea BUCURESTI - ILFOV, Anul 2006, Hectare, 4369
Regiunea BUCURESTI - ILFOV, Anul 2007, Hectare, 4367
Regiunea BUCURESTI - ILFOV, Anul 2008, Hectare, 4382
Regiunea BUCURESTI - ILFOV, Anul 2009, Hectare, 4393
Regiunea BUCURESTI - ILFOV, Anul 2010, Hectare, 4619
Regiunea BUCURESTI - ILFOV, Anul 2011, Hectare, 4921
Regiunea BUCURESTI - ILFOV, Anul 2012, Hectare, 4642
Regiunea BUCURESTI - ILFOV, Anul 2013, Hectare, 4745
Regiunea BUCURESTI - ILFOV, Anul 2014, Hectare, 4750
Regiunea BUCURESTI - ILFOV, Anul 2015, Hectare, 4751
Regiunea BUCURESTI - ILFOV, Anul 2016, Hectare, 4749
Regiunea BUCURESTI - ILFOV, Anul 2017, Hectare, 4753
Ilfov, Anul 1996, Hectare, 39
Ilfov, Anul 1997, Hectare, 39
Ilfov, Anul 1998, Hectare, 39
Ilfov, Anul 1999, Hectare, 39
Ilfov, Anul 2000, Hectare, 265
Ilfov, Anul 2001, Hectare, 263
Ilfov, Anul 2002, Hectare, 169
Ilfov, Anul 2003, Hectare, 169
Ilfov, Anul 2004, Hectare, 176
Ilfov, Anul 2005, Hectare, 226
Ilfov, Anul 2006, Hectare, 230
Ilfov, Anul 2007, Hectare, 228
Ilfov, Anul 2008, Hectare, 243
Ilfov, Anul 2009, Hectare, 254
Ilfov, Anul 2010, Hectare, 113
Ilfov, Anul 2011, Hectare, 114
Ilfov, Anul 2012, Hectare, 136
Ilfov, Anul 2013, Hectare, 239
Ilfov, Anul 2014, Hectare, 244
Ilfov, Anul 2015, Hectare, 245
Ilfov, Anul 2016, Hectare, 243
Ilfov, Anul 2017, Hectare, 247
Municipiul Bucuresti, Anul 1996, Hectare, 4839
Municipiul Bucuresti, Anul 1997, Hectare, 4839
Municipiul Bucuresti, Anul 1998, Hectare, 4839
Municipiul Bucuresti, Anul 1999, Hectare, 4839
Municipiul Bucuresti, Anul 2000, Hectare, 4839
Municipiul Bucuresti, Anul 2001, Hectare, 4839
Municipiul Bucuresti, Anul 2002, Hectare, 4839
Municipiul Bucuresti, Anul 2003, Hectare, 4839
Municipiul Bucuresti, Anul 2004, Hectare, 4139
Municipiul Bucuresti, Anul 2005, Hectare, 4139
Municipiul Bucuresti, Anul 2006, Hectare, 4139
Municipiul Bucuresti, Anul 2007, Hectare, 4139
Municipiul Bucuresti, Anul 2008, Hectare, 4139
Municipiul Bucuresti, Anul 2009, Hectare, 4139
Municipiul Bucuresti, Anul 2010, Hectare, 4506
Municipiul Bucuresti, Anul 2011, Hectare, 4807
Municipiul Bucuresti, Anul 2012, Hectare, 4506
Municipiul Bucuresti, Anul 2013, Hectare, 4506
Municipiul Bucuresti, Anul 2014, Hectare, 4506
Municipiul Bucuresti, Anul 2015, Hectare, 4506
Municipiul Bucuresti, Anul 2016, Hectare, 4506
Municipiul Bucuresti, Anul 2017, Hectare, 4506
Mun. Bucuresti -incl. SAI, Anul 1991, Hectare, 4872
Mun. Bucuresti -incl. SAI, Anul 1992, Hectare, 4872
Mun. Bucuresti -incl. SAI, Anul 1993, Hectare, 4872
Mun. Bucuresti -incl. SAI, Anul 1994, Hectare, 4872
Mun. Bucuresti -incl. SAI, Anul 1995, Hectare, 4872
MACROREGIUNEA PATRU, Anul 1991, Hectare, 4835
MACROREGIUNEA PATRU, Anul 1992, Hectare, 4540
MACROREGIUNEA PATRU, Anul 1993, Hectare, 4720
MACROREGIUNEA PATRU, Anul 1994, Hectare, 4836
MACROREGIUNEA PATRU, Anul 1995, Hectare, 4845
MACROREGIUNEA PATRU, Anul 1996, Hectare, 4883
MACROREGIUNEA PATRU, Anul 1997, Hectare, 5321
MACROREGIUNEA PATRU, Anul 1998, Hectare, 4940
MACROREGIUNEA PATRU, Anul 1999, Hectare, 4779
MACROREGIUNEA PATRU, Anul 2000, Hectare, 4832
MACROREGIUNEA PATRU, Anul 2001, Hectare, 4870
MACROREGIUNEA PATRU, Anul 2002, Hectare, 4939
MACROREGIUNEA PATRU, Anul 2003, Hectare, 4841
MACROREGIUNEA PATRU, Anul 2004, Hectare, 4748
MACROREGIUNEA PATRU, Anul 2005, Hectare, 4753
MACROREGIUNEA PATRU, Anul 2006, Hectare, 4777
MACROREGIUNEA PATRU, Anul 2007, Hectare, 4916
MACROREGIUNEA PATRU, Anul 2008, Hectare, 4950
MACROREGIUNEA PATRU, Anul 2009, Hectare, 4905
MACROREGIUNEA PATRU, Anul 2010, Hectare, 4938
MACROREGIUNEA PATRU, Anul 2011, Hectare, 4982
MACROREGIUNEA PATRU, Anul 2012, Hectare, 4919
MACROREGIUNEA PATRU, Anul 2013, Hectare, 5078
MACROREGIUNEA PATRU, Anul 2014, Hectare, 5159
MACROREGIUNEA PATRU, Anul 2015, Hectare, 5228
MACROREGIUNEA PATRU, Anul 2016, Hectare, 5451
MACROREGIUNEA PATRU, Anul 2017, Hectare, 5443
Regiunea SUD-VEST OLTENIA, Anul 1991, Hectare, 2424
Regiunea SUD-VEST OLTENIA, Anul 1992, Hectare, 2266
Regiunea SUD-VEST OLTENIA, Anul 1993, Hectare, 2449
Regiunea SUD-VEST OLTENIA, Anul 1994, Hectare, 2460
Regiunea SUD-VEST OLTENIA, Anul 1995, Hectare, 2493
Regiunea SUD-VEST OLTENIA, Anul 1996, Hectare, 2478
Regiunea SUD-VEST OLTENIA, Anul 1997, Hectare, 2853
Regiunea SUD-VEST OLTENIA, Anul 1998, Hectare, 2532
Regiunea SUD-VEST OLTENIA, Anul 1999, Hectare, 2362
Regiunea SUD-VEST OLTENIA, Anul 2000, Hectare, 2347
Regiunea SUD-VEST OLTENIA, Anul 2001, Hectare, 2362
Regiunea SUD-VEST OLTENIA, Anul 2002, Hectare, 2359
Regiunea SUD-VEST OLTENIA, Anul 2003, Hectare, 2269
Regiunea SUD-VEST OLTENIA, Anul 2004, Hectare, 2316
Regiunea SUD-VEST OLTENIA, Anul 2005, Hectare, 2313
Regiunea SUD-VEST OLTENIA, Anul 2006, Hectare, 2325
Regiunea SUD-VEST OLTENIA, Anul 2007, Hectare, 2377
Regiunea SUD-VEST OLTENIA, Anul 2008, Hectare, 2410
Regiunea SUD-VEST OLTENIA, Anul 2009, Hectare, 2382
Regiunea SUD-VEST OLTENIA, Anul 2010, Hectare, 2387
Regiunea SUD-VEST OLTENIA, Anul 2011, Hectare, 2388
Regiunea SUD-VEST OLTENIA, Anul 2012, Hectare, 2312
Regiunea SUD-VEST OLTENIA, Anul 2013, Hectare, 2311
Regiunea SUD-VEST OLTENIA, Anul 2014, Hectare, 2387
Regiunea SUD-VEST OLTENIA, Anul 2015, Hectare, 2437
Regiunea SUD-VEST OLTENIA, Anul 2016, Hectare, 2606
Regiunea SUD-VEST OLTENIA, Anul 2017, Hectare, 2642
Dolj, Anul 1991, Hectare, 891
Dolj, Anul 1992, Hectare, 751
Dolj, Anul 1993, Hectare, 891
Dolj, Anul 1994, Hectare, 902
Dolj, Anul 1995, Hectare, 902
Dolj, Anul 1996, Hectare, 902
Dolj, Anul 1997, Hectare, 1296
Dolj, Anul 1998, Hectare, 1298
Dolj, Anul 1999, Hectare, 1299
Dolj, Anul 2000, Hectare, 1299
Dolj, Anul 2001, Hectare, 1300
Dolj, Anul 2002, Hectare, 1300
Dolj, Anul 2003, Hectare, 1200
Dolj, Anul 2004, Hectare, 1203
Dolj, Anul 2005, Hectare, 1205
Dolj, Anul 2006, Hectare, 1207
Dolj, Anul 2007, Hectare, 1207
Dolj, Anul 2008, Hectare, 1207
Dolj, Anul 2009, Hectare, 1217
Dolj, Anul 2010, Hectare, 1223
Dolj, Anul 2011, Hectare, 1223
Dolj, Anul 2012, Hectare, 1227
Dolj, Anul 2013, Hectare, 1226
Dolj, Anul 2014, Hectare, 1240
Dolj, Anul 2015, Hectare, 1241
Dolj, Anul 2016, Hectare, 1251
Dolj, Anul 2017, Hectare, 1250
Gorj, Anul 1991, Hectare, 320
Gorj, Anul 1992, Hectare, 296
Gorj, Anul 1993, Hectare, 296
Gorj, Anul 1994, Hectare, 296
Gorj, Anul 1995, Hectare, 296
Gorj, Anul 1996, Hectare, 270
Gorj, Anul 1997, Hectare, 251
Gorj, Anul 1998, Hectare, 264
Gorj, Anul 1999, Hectare, 164
Gorj, Anul 2000, Hectare, 164
Gorj, Anul 2001, Hectare, 178
Gorj, Anul 2002, Hectare, 179
Gorj, Anul 2003, Hectare, 179
Gorj, Anul 2004, Hectare, 221
Gorj, Anul 2005, Hectare, 198
Gorj, Anul 2006, Hectare, 162
Gorj, Anul 2007, Hectare, 169
Gorj, Anul 2008, Hectare, 159
Gorj, Anul 2009, Hectare, 166
Gorj, Anul 2010, Hectare, 165
Gorj, Anul 2011, Hectare, 165
Gorj, Anul 2012, Hectare, 165
Gorj, Anul 2013, Hectare, 165
Gorj, Anul 2014, Hectare, 164
Gorj, Anul 2015, Hectare, 152
Gorj, Anul 2016, Hectare, 151
Gorj, Anul 2017, Hectare, 152
Mehedinti, Anul 1991, Hectare, 234
Mehedinti, Anul 1992, Hectare, 233
Mehedinti, Anul 1993, Hectare, 233
Mehedinti, Anul 1994, Hectare, 233
Mehedinti, Anul 1995, Hectare, 233
Mehedinti, Anul 1996, Hectare, 233
Mehedinti, Anul 1997, Hectare, 233
Mehedinti, Anul 1998, Hectare, 233
Mehedinti, Anul 1999, Hectare, 233
Mehedinti, Anul 2000, Hectare, 233
Mehedinti, Anul 2001, Hectare, 233
Mehedinti, Anul 2002, Hectare, 233
Mehedinti, Anul 2003, Hectare, 233
Mehedinti, Anul 2004, Hectare, 233
Mehedinti, Anul 2005, Hectare, 201
Mehedinti, Anul 2006, Hectare, 201
Mehedinti, Anul 2007, Hectare, 210
Mehedinti, Anul 2008, Hectare, 214
Mehedinti, Anul 2009, Hectare, 214
Mehedinti, Anul 2010, Hectare, 214
Mehedinti, Anul 2011, Hectare, 214
Mehedinti, Anul 2012, Hectare, 214
Mehedinti, Anul 2013, Hectare, 214
Mehedinti, Anul 2014, Hectare, 214
Mehedinti, Anul 2015, Hectare, 244
Mehedinti, Anul 2016, Hectare, 404
Mehedinti, Anul 2017, Hectare, 454
Olt, Anul 1991, Hectare, 384
Olt, Anul 1992, Hectare, 390
Olt, Anul 1993, Hectare, 395
Olt, Anul 1994, Hectare, 395
Olt, Anul 1995, Hectare, 430
Olt, Anul 1996, Hectare, 441
Olt, Anul 1997, Hectare, 441
Olt, Anul 1998, Hectare, 353
Olt, Anul 1999, Hectare, 341
Olt, Anul 2000, Hectare, 331
Olt, Anul 2001, Hectare, 331
Olt, Anul 2002, Hectare, 331
Olt, Anul 2003, Hectare, 337
Olt, Anul 2004, Hectare, 338
Olt, Anul 2005, Hectare, 380
Olt, Anul 2006, Hectare, 380
Olt, Anul 2007, Hectare, 401
Olt, Anul 2008, Hectare, 438
Olt, Anul 2009, Hectare, 437
Olt, Anul 2010, Hectare, 437
Olt, Anul 2011, Hectare, 438
Olt, Anul 2012, Hectare, 358
Olt, Anul 2013, Hectare, 358
Olt, Anul 2014, Hectare, 358
Olt, Anul 2015, Hectare, 358
Olt, Anul 2016, Hectare, 358
Olt, Anul 2017, Hectare, 405
Valcea, Anul 1991, Hectare, 595
Valcea, Anul 1992, Hectare, 596
Valcea, Anul 1993, Hectare, 634
Valcea, Anul 1994, Hectare, 634
Valcea, Anul 1995, Hectare, 632
Valcea, Anul 1996, Hectare, 632
Valcea, Anul 1997, Hectare, 632
Valcea, Anul 1998, Hectare, 384
Valcea, Anul 1999, Hectare, 325
Valcea, Anul 2000, Hectare, 320
Valcea, Anul 2001, Hectare, 320
Valcea, Anul 2002, Hectare, 316
Valcea, Anul 2003, Hectare, 320
Valcea, Anul 2004, Hectare, 321
Valcea, Anul 2005, Hectare, 329
Valcea, Anul 2006, Hectare, 375
Valcea, Anul 2007, Hectare, 390
Valcea, Anul 2008, Hectare, 392
Valcea, Anul 2009, Hectare, 348
Valcea, Anul 2010, Hectare, 348
Valcea, Anul 2011, Hectare, 348
Valcea, Anul 2012, Hectare, 348
Valcea, Anul 2013, Hectare, 348
Valcea, Anul 2014, Hectare, 411
Valcea, Anul 2015, Hectare, 442
Valcea, Anul 2016, Hectare, 442
Valcea, Anul 2017, Hectare, 381
Regiunea VEST, Anul 1991, Hectare, 2411
Regiunea VEST, Anul 1992, Hectare, 2274
Regiunea VEST, Anul 1993, Hectare, 2271
Regiunea VEST, Anul 1994, Hectare, 2376
Regiunea VEST, Anul 1995, Hectare, 2352
Regiunea VEST, Anul 1996, Hectare, 2405
Regiunea VEST, Anul 1997, Hectare, 2468
Regiunea VEST, Anul 1998, Hectare, 2408
Regiunea VEST, Anul 1999, Hectare, 2417
Regiunea VEST, Anul 2000, Hectare, 2485
Regiunea VEST, Anul 2001, Hectare, 2508
Regiunea VEST, Anul 2002, Hectare, 2580
Regiunea VEST, Anul 2003, Hectare, 2572
Regiunea VEST, Anul 2004, Hectare, 2432
Regiunea VEST, Anul 2005, Hectare, 2440
Regiunea VEST, Anul 2006, Hectare, 2452
Regiunea VEST, Anul 2007, Hectare, 2539
Regiunea VEST, Anul 2008, Hectare, 2540
Regiunea VEST, Anul 2009, Hectare, 2523
Regiunea VEST, Anul 2010, Hectare, 2551
Regiunea VEST, Anul 2011, Hectare, 2594
Regiunea VEST, Anul 2012, Hectare, 2607
Regiunea VEST, Anul 2013, Hectare, 2767
Regiunea VEST, Anul 2014, Hectare, 2772
Regiunea VEST, Anul 2015, Hectare, 2791
Regiunea VEST, Anul 2016, Hectare, 2845
Regiunea VEST, Anul 2017, Hectare, 2801
Arad, Anul 1991, Hectare, 375
Arad, Anul 1992, Hectare, 374
Arad, Anul 1993, Hectare, 370
Arad, Anul 1994, Hectare, 378
Arad, Anul 1995, Hectare, 379
Arad, Anul 1996, Hectare, 438
Arad, Anul 1997, Hectare, 461
Arad, Anul 1998, Hectare, 405
Arad, Anul 1999, Hectare, 405
Arad, Anul 2000, Hectare, 407
Arad, Anul 2001, Hectare, 407
Arad, Anul 2002, Hectare, 441
Arad, Anul 2003, Hectare, 458
Arad, Anul 2004, Hectare, 304
Arad, Anul 2005, Hectare, 305
Arad, Anul 2006, Hectare, 305
Arad, Anul 2007, Hectare, 355
Arad, Anul 2008, Hectare, 361
Arad, Anul 2009, Hectare, 340
Arad, Anul 2010, Hectare, 339
Arad, Anul 2011, Hectare, 388
Arad, Anul 2012, Hectare, 398
Arad, Anul 2013, Hectare, 529
Arad, Anul 2014, Hectare, 519
Arad, Anul 2015, Hectare, 543
Arad, Anul 2016, Hectare, 543
Arad, Anul 2017, Hectare, 524
Caras-Severin, Anul 1991, Hectare, 372
Caras-Severin, Anul 1992, Hectare, 369
Caras-Severin, Anul 1993, Hectare, 359
Caras-Severin, Anul 1994, Hectare, 423
Caras-Severin, Anul 1995, Hectare, 393
Caras-Severin, Anul 1996, Hectare, 391
Caras-Severin, Anul 1997, Hectare, 424
Caras-Severin, Anul 1998, Hectare, 424
Caras-Severin, Anul 1999, Hectare, 389
Caras-Severin, Anul 2000, Hectare, 427
Caras-Severin, Anul 2001, Hectare, 427
Caras-Severin, Anul 2002, Hectare, 427
Caras-Severin, Anul 2003, Hectare, 427
Caras-Severin, Anul 2004, Hectare, 427
Caras-Severin, Anul 2005, Hectare, 427
Caras-Severin, Anul 2006, Hectare, 427
Caras-Severin, Anul 2007, Hectare, 443
Caras-Severin, Anul 2008, Hectare, 441
Caras-Severin, Anul 2009, Hectare, 441
Caras-Severin, Anul 2010, Hectare, 441
Caras-Severin, Anul 2011, Hectare, 441
Caras-Severin, Anul 2012, Hectare, 441
Caras-Severin, Anul 2013, Hectare, 441
Caras-Severin, Anul 2014, Hectare, 441
Caras-Severin, Anul 2015, Hectare, 436
Caras-Severin, Anul 2016, Hectare, 424
Caras-Severin, Anul 2017, Hectare, 405
Hunedoara, Anul 1991, Hectare, 701
Hunedoara, Anul 1992, Hectare, 703
Hunedoara, Anul 1993, Hectare, 709
Hunedoara, Anul 1994, Hectare, 709
Hunedoara, Anul 1995, Hectare, 711
Hunedoara, Anul 1996, Hectare, 705
Hunedoara, Anul 1997, Hectare, 705
Hunedoara, Anul 1998, Hectare, 698
Hunedoara, Anul 1999, Hectare, 709
Hunedoara, Anul 2000, Hectare, 765
Hunedoara, Anul 2001, Hectare, 786
Hunedoara, Anul 2002, Hectare, 810
Hunedoara, Anul 2003, Hectare, 810
Hunedoara, Anul 2004, Hectare, 810
Hunedoara, Anul 2005, Hectare, 811
Hunedoara, Anul 2006, Hectare, 811
Hunedoara, Anul 2007, Hectare, 811
Hunedoara, Anul 2008, Hectare, 806
Hunedoara, Anul 2009, Hectare, 806
Hunedoara, Anul 2010, Hectare, 821
Hunedoara, Anul 2011, Hectare, 815
Hunedoara, Anul 2012, Hectare, 816
Hunedoara, Anul 2013, Hectare, 845
Hunedoara, Anul 2014, Hectare, 858
Hunedoara, Anul 2015, Hectare, 858
Hunedoara, Anul 2016, Hectare, 923
Hunedoara, Anul 2017, Hectare, 917
Timis, Anul 1991, Hectare, 963
Timis, Anul 1992, Hectare, 828
Timis, Anul 1993, Hectare, 833
Timis, Anul 1994, Hectare, 866
Timis, Anul 1995, Hectare, 869
Timis, Anul 1996, Hectare, 871
Timis, Anul 1997, Hectare, 878
Timis, Anul 1998, Hectare, 881
Timis, Anul 1999, Hectare, 914
Timis, Anul 2000, Hectare, 886
Timis, Anul 2001, Hectare, 888
Timis, Anul 2002, Hectare, 902
Timis, Anul 2003, Hectare, 877
Timis, Anul 2004, Hectare, 891
Timis, Anul 2005, Hectare, 897
Timis, Anul 2006, Hectare, 909
Timis, Anul 2007, Hectare, 930
Timis, Anul 2008, Hectare, 932
Timis, Anul 2009, Hectare, 936
Timis, Anul 2010, Hectare, 950
Timis, Anul 2011, Hectare, 950
Timis, Anul 2012, Hectare, 952
Timis, Anul 2013, Hectare, 952
Timis, Anul 2014, Hectare, 954
Timis, Anul 2015, Hectare, 954
Timis, Anul 2016, Hectare, 955
Timis, Anul 2017, Hectare, 955
