Niveluri de instruire, Medii de rezidenta, Macroregiuni  regiuni de dezvoltare si judete, Ani, UM: Numar persoane, Valoare
Total, Total, TOTAL, Anul 1995, Numar persoane, 4703277
Total, Total, TOTAL, Anul 1996, Numar persoane, 4688311
Total, Total, TOTAL, Anul 1997, Numar persoane, 4643351
Total, Total, TOTAL, Anul 1998, Numar persoane, 4631164
Total, Total, TOTAL, Anul 1999, Numar persoane, 4578383
Total, Total, TOTAL, Anul 2000, Numar persoane, 4565279
Total, Total, TOTAL, Anul 2001, Numar persoane, 4554466
Total, Total, TOTAL, Anul 2002, Numar persoane, 4496786
Total, Total, TOTAL, Anul 2003, Numar persoane, 4472493
Total, Total, TOTAL, Anul 2004, Numar persoane, 4403880
Total, Total, TOTAL, Anul 2005, Numar persoane, 4360831
Total, Total, TOTAL, Anul 2006, Numar persoane, 4345581
Total, Total, TOTAL, Anul 2007, Numar persoane, 4404581
Total, Total, TOTAL, Anul 2008, Numar persoane, 4324992
Total, Total, TOTAL, Anul 2009, Numar persoane, 4176866
Total, Total, TOTAL, Anul 2010, Numar persoane, 4029226
Total, Total, TOTAL, Anul 2011, Numar persoane, 3823515
Total, Total, TOTAL, Anul 2012, Numar persoane, 3734326
Total, Total, TOTAL, Anul 2013, Numar persoane, 3650933
Total, Total, TOTAL, Anul 2014, Numar persoane, 3735552
Total, Total, TOTAL, Anul 2015, Numar persoane, 3642632
Total, Total, TOTAL, Anul 2016, Numar persoane, 3597280
Total, Total, TOTAL, Anul 2017, Numar persoane, 3578561
Total, Total, MACROREGIUNEA UNU, Anul 1995, Numar persoane, 1192124
Total, Total, MACROREGIUNEA UNU, Anul 1996, Numar persoane, 1190372
Total, Total, MACROREGIUNEA UNU, Anul 1997, Numar persoane, 1176273
Total, Total, MACROREGIUNEA UNU, Anul 1998, Numar persoane, 1172448
Total, Total, MACROREGIUNEA UNU, Anul 1999, Numar persoane, 1160249
Total, Total, MACROREGIUNEA UNU, Anul 2000, Numar persoane, 1149480
Total, Total, MACROREGIUNEA UNU, Anul 2001, Numar persoane, 1142176
Total, Total, MACROREGIUNEA UNU, Anul 2002, Numar persoane, 1126238
Total, Total, MACROREGIUNEA UNU, Anul 2003, Numar persoane, 1113728
Total, Total, MACROREGIUNEA UNU, Anul 2004, Numar persoane, 1096185
Total, Total, MACROREGIUNEA UNU, Anul 2005, Numar persoane, 1084587
Total, Total, MACROREGIUNEA UNU, Anul 2006, Numar persoane, 1075757
Total, Total, MACROREGIUNEA UNU, Anul 2007, Numar persoane, 1074174
Total, Total, MACROREGIUNEA UNU, Anul 2008, Numar persoane, 1064895
Total, Total, MACROREGIUNEA UNU, Anul 2009, Numar persoane, 1053693
Total, Total, MACROREGIUNEA UNU, Anul 2010, Numar persoane, 1022586
Total, Total, MACROREGIUNEA UNU, Anul 2011, Numar persoane, 972356
Total, Total, MACROREGIUNEA UNU, Anul 2012, Numar persoane, 948950
Total, Total, MACROREGIUNEA UNU, Anul 2013, Numar persoane, 932004
Total, Total, MACROREGIUNEA UNU, Anul 2014, Numar persoane, 957405
Total, Total, MACROREGIUNEA UNU, Anul 2015, Numar persoane, 937229
Total, Total, MACROREGIUNEA UNU, Anul 2016, Numar persoane, 931050
Total, Total, MACROREGIUNEA UNU, Anul 2017, Numar persoane, 927798
Total, Total, Regiunea NORD-VEST, Anul 1995, Numar persoane, 621114
Total, Total, Regiunea NORD-VEST, Anul 1996, Numar persoane, 620736
Total, Total, Regiunea NORD-VEST, Anul 1997, Numar persoane, 614053
Total, Total, Regiunea NORD-VEST, Anul 1998, Numar persoane, 616870
Total, Total, Regiunea NORD-VEST, Anul 1999, Numar persoane, 612848
Total, Total, Regiunea NORD-VEST, Anul 2000, Numar persoane, 609032
Total, Total, Regiunea NORD-VEST, Anul 2001, Numar persoane, 603362
Total, Total, Regiunea NORD-VEST, Anul 2002, Numar persoane, 594794
Total, Total, Regiunea NORD-VEST, Anul 2003, Numar persoane, 591616
Total, Total, Regiunea NORD-VEST, Anul 2004, Numar persoane, 583269
Total, Total, Regiunea NORD-VEST, Anul 2005, Numar persoane, 576766
Total, Total, Regiunea NORD-VEST, Anul 2006, Numar persoane, 568250
Total, Total, Regiunea NORD-VEST, Anul 2007, Numar persoane, 561831
Total, Total, Regiunea NORD-VEST, Anul 2008, Numar persoane, 550661
Total, Total, Regiunea NORD-VEST, Anul 2009, Numar persoane, 544195
Total, Total, Regiunea NORD-VEST, Anul 2010, Numar persoane, 533240
Total, Total, Regiunea NORD-VEST, Anul 2011, Numar persoane, 516575
Total, Total, Regiunea NORD-VEST, Anul 2012, Numar persoane, 503992
Total, Total, Regiunea NORD-VEST, Anul 2013, Numar persoane, 497107
Total, Total, Regiunea NORD-VEST, Anul 2014, Numar persoane, 514067
Total, Total, Regiunea NORD-VEST, Anul 2015, Numar persoane, 503343
Total, Total, Regiunea NORD-VEST, Anul 2016, Numar persoane, 499762
Total, Total, Regiunea NORD-VEST, Anul 2017, Numar persoane, 498257
Total, Total, Bihor, Anul 1995, Numar persoane, 128343
Total, Total, Bihor, Anul 1996, Numar persoane, 131037
Total, Total, Bihor, Anul 1997, Numar persoane, 129675
Total, Total, Bihor, Anul 1998, Numar persoane, 129741
Total, Total, Bihor, Anul 1999, Numar persoane, 131757
Total, Total, Bihor, Anul 2000, Numar persoane, 131582
Total, Total, Bihor, Anul 2001, Numar persoane, 129859
Total, Total, Bihor, Anul 2002, Numar persoane, 130761
Total, Total, Bihor, Anul 2003, Numar persoane, 131277
Total, Total, Bihor, Anul 2004, Numar persoane, 131408
Total, Total, Bihor, Anul 2005, Numar persoane, 130898
Total, Total, Bihor, Anul 2006, Numar persoane, 129865
Total, Total, Bihor, Anul 2007, Numar persoane, 126798
Total, Total, Bihor, Anul 2008, Numar persoane, 126342
Total, Total, Bihor, Anul 2009, Numar persoane, 123528
Total, Total, Bihor, Anul 2010, Numar persoane, 121087
Total, Total, Bihor, Anul 2011, Numar persoane, 117458
Total, Total, Bihor, Anul 2012, Numar persoane, 116646
Total, Total, Bihor, Anul 2013, Numar persoane, 113789
Total, Total, Bihor, Anul 2014, Numar persoane, 115787
Total, Total, Bihor, Anul 2015, Numar persoane, 112997
Total, Total, Bihor, Anul 2016, Numar persoane, 110532
Total, Total, Bihor, Anul 2017, Numar persoane, 109167
Total, Total, Bistrita-Nasaud, Anul 1995, Numar persoane, 68287
Total, Total, Bistrita-Nasaud, Anul 1996, Numar persoane, 68316
Total, Total, Bistrita-Nasaud, Anul 1997, Numar persoane, 67729
Total, Total, Bistrita-Nasaud, Anul 1998, Numar persoane, 67398
Total, Total, Bistrita-Nasaud, Anul 1999, Numar persoane, 66681
Total, Total, Bistrita-Nasaud, Anul 2000, Numar persoane, 66138
Total, Total, Bistrita-Nasaud, Anul 2001, Numar persoane, 64938
Total, Total, Bistrita-Nasaud, Anul 2002, Numar persoane, 63808
Total, Total, Bistrita-Nasaud, Anul 2003, Numar persoane, 63889
Total, Total, Bistrita-Nasaud, Anul 2004, Numar persoane, 62411
Total, Total, Bistrita-Nasaud, Anul 2005, Numar persoane, 60795
Total, Total, Bistrita-Nasaud, Anul 2006, Numar persoane, 59345
Total, Total, Bistrita-Nasaud, Anul 2007, Numar persoane, 58657
Total, Total, Bistrita-Nasaud, Anul 2008, Numar persoane, 58338
Total, Total, Bistrita-Nasaud, Anul 2009, Numar persoane, 58647
Total, Total, Bistrita-Nasaud, Anul 2010, Numar persoane, 57578
Total, Total, Bistrita-Nasaud, Anul 2011, Numar persoane, 56186
Total, Total, Bistrita-Nasaud, Anul 2012, Numar persoane, 55805
Total, Total, Bistrita-Nasaud, Anul 2013, Numar persoane, 54325
Total, Total, Bistrita-Nasaud, Anul 2014, Numar persoane, 53692
Total, Total, Bistrita-Nasaud, Anul 2015, Numar persoane, 50983
Total, Total, Bistrita-Nasaud, Anul 2016, Numar persoane, 50874
Total, Total, Bistrita-Nasaud, Anul 2017, Numar persoane, 50318
Total, Total, Cluj, Anul 1995, Numar persoane, 171249
Total, Total, Cluj, Anul 1996, Numar persoane, 170390
Total, Total, Cluj, Anul 1997, Numar persoane, 168731
Total, Total, Cluj, Anul 1998, Numar persoane, 172528
Total, Total, Cluj, Anul 1999, Numar persoane, 172758
Total, Total, Cluj, Anul 2000, Numar persoane, 176052
Total, Total, Cluj, Anul 2001, Numar persoane, 176840
Total, Total, Cluj, Anul 2002, Numar persoane, 172898
Total, Total, Cluj, Anul 2003, Numar persoane, 173158
Total, Total, Cluj, Anul 2004, Numar persoane, 171345
Total, Total, Cluj, Anul 2005, Numar persoane, 171421
Total, Total, Cluj, Anul 2006, Numar persoane, 168735
Total, Total, Cluj, Anul 2007, Numar persoane, 168872
Total, Total, Cluj, Anul 2008, Numar persoane, 161238
Total, Total, Cluj, Anul 2009, Numar persoane, 160032
Total, Total, Cluj, Anul 2010, Numar persoane, 156821
Total, Total, Cluj, Anul 2011, Numar persoane, 152681
Total, Total, Cluj, Anul 2012, Numar persoane, 148870
Total, Total, Cluj, Anul 2013, Numar persoane, 147401
Total, Total, Cluj, Anul 2014, Numar persoane, 164577
Total, Total, Cluj, Anul 2015, Numar persoane, 164334
Total, Total, Cluj, Anul 2016, Numar persoane, 165580
Total, Total, Cluj, Anul 2017, Numar persoane, 167904
Total, Total, Maramures, Anul 1995, Numar persoane, 117425
Total, Total, Maramures, Anul 1996, Numar persoane, 116057
Total, Total, Maramures, Anul 1997, Numar persoane, 114954
Total, Total, Maramures, Anul 1998, Numar persoane, 114381
Total, Total, Maramures, Anul 1999, Numar persoane, 111903
Total, Total, Maramures, Anul 2000, Numar persoane, 109475
Total, Total, Maramures, Anul 2001, Numar persoane, 108169
Total, Total, Maramures, Anul 2002, Numar persoane, 105573
Total, Total, Maramures, Anul 2003, Numar persoane, 103538
Total, Total, Maramures, Anul 2004, Numar persoane, 100849
Total, Total, Maramures, Anul 2005, Numar persoane, 99369
Total, Total, Maramures, Anul 2006, Numar persoane, 98163
Total, Total, Maramures, Anul 2007, Numar persoane, 97179
Total, Total, Maramures, Anul 2008, Numar persoane, 95760
Total, Total, Maramures, Anul 2009, Numar persoane, 93637
Total, Total, Maramures, Anul 2010, Numar persoane, 91501
Total, Total, Maramures, Anul 2011, Numar persoane, 87587
Total, Total, Maramures, Anul 2012, Numar persoane, 81510
Total, Total, Maramures, Anul 2013, Numar persoane, 82865
Total, Total, Maramures, Anul 2014, Numar persoane, 82868
Total, Total, Maramures, Anul 2015, Numar persoane, 80426
Total, Total, Maramures, Anul 2016, Numar persoane, 79307
Total, Total, Maramures, Anul 2017, Numar persoane, 78529
Total, Total, Satu Mare, Anul 1995, Numar persoane, 82626
Total, Total, Satu Mare, Anul 1996, Numar persoane, 81949
Total, Total, Satu Mare, Anul 1997, Numar persoane, 80232
Total, Total, Satu Mare, Anul 1998, Numar persoane, 80158
Total, Total, Satu Mare, Anul 1999, Numar persoane, 78135
Total, Total, Satu Mare, Anul 2000, Numar persoane, 75069
Total, Total, Satu Mare, Anul 2001, Numar persoane, 73509
Total, Total, Satu Mare, Anul 2002, Numar persoane, 72348
Total, Total, Satu Mare, Anul 2003, Numar persoane, 71318
Total, Total, Satu Mare, Anul 2004, Numar persoane, 70096
Total, Total, Satu Mare, Anul 2005, Numar persoane, 68586
Total, Total, Satu Mare, Anul 2006, Numar persoane, 67273
Total, Total, Satu Mare, Anul 2007, Numar persoane, 66435
Total, Total, Satu Mare, Anul 2008, Numar persoane, 66004
Total, Total, Satu Mare, Anul 2009, Numar persoane, 65666
Total, Total, Satu Mare, Anul 2010, Numar persoane, 64087
Total, Total, Satu Mare, Anul 2011, Numar persoane, 61611
Total, Total, Satu Mare, Anul 2012, Numar persoane, 60635
Total, Total, Satu Mare, Anul 2013, Numar persoane, 59109
Total, Total, Satu Mare, Anul 2014, Numar persoane, 58293
Total, Total, Satu Mare, Anul 2015, Numar persoane, 56628
Total, Total, Satu Mare, Anul 2016, Numar persoane, 55828
Total, Total, Satu Mare, Anul 2017, Numar persoane, 55223
Total, Total, Salaj, Anul 1995, Numar persoane, 53184
Total, Total, Salaj, Anul 1996, Numar persoane, 52987
Total, Total, Salaj, Anul 1997, Numar persoane, 52732
Total, Total, Salaj, Anul 1998, Numar persoane, 52664
Total, Total, Salaj, Anul 1999, Numar persoane, 51614
Total, Total, Salaj, Anul 2000, Numar persoane, 50716
Total, Total, Salaj, Anul 2001, Numar persoane, 50047
Total, Total, Salaj, Anul 2002, Numar persoane, 49406
Total, Total, Salaj, Anul 2003, Numar persoane, 48436
Total, Total, Salaj, Anul 2004, Numar persoane, 47160
Total, Total, Salaj, Anul 2005, Numar persoane, 45697
Total, Total, Salaj, Anul 2006, Numar persoane, 44869
Total, Total, Salaj, Anul 2007, Numar persoane, 43890
Total, Total, Salaj, Anul 2008, Numar persoane, 42979
Total, Total, Salaj, Anul 2009, Numar persoane, 42685
Total, Total, Salaj, Anul 2010, Numar persoane, 42166
Total, Total, Salaj, Anul 2011, Numar persoane, 41052
Total, Total, Salaj, Anul 2012, Numar persoane, 40526
Total, Total, Salaj, Anul 2013, Numar persoane, 39618
Total, Total, Salaj, Anul 2014, Numar persoane, 38850
Total, Total, Salaj, Anul 2015, Numar persoane, 37975
Total, Total, Salaj, Anul 2016, Numar persoane, 37641
Total, Total, Salaj, Anul 2017, Numar persoane, 37116
Total, Total, Regiunea CENTRU, Anul 1995, Numar persoane, 571010
Total, Total, Regiunea CENTRU, Anul 1996, Numar persoane, 569636
Total, Total, Regiunea CENTRU, Anul 1997, Numar persoane, 562220
Total, Total, Regiunea CENTRU, Anul 1998, Numar persoane, 555578
Total, Total, Regiunea CENTRU, Anul 1999, Numar persoane, 547401
Total, Total, Regiunea CENTRU, Anul 2000, Numar persoane, 540448
Total, Total, Regiunea CENTRU, Anul 2001, Numar persoane, 538814
Total, Total, Regiunea CENTRU, Anul 2002, Numar persoane, 531444
Total, Total, Regiunea CENTRU, Anul 2003, Numar persoane, 522112
Total, Total, Regiunea CENTRU, Anul 2004, Numar persoane, 512916
Total, Total, Regiunea CENTRU, Anul 2005, Numar persoane, 507821
Total, Total, Regiunea CENTRU, Anul 2006, Numar persoane, 507507
Total, Total, Regiunea CENTRU, Anul 2007, Numar persoane, 512343
Total, Total, Regiunea CENTRU, Anul 2008, Numar persoane, 514234
Total, Total, Regiunea CENTRU, Anul 2009, Numar persoane, 509498
Total, Total, Regiunea CENTRU, Anul 2010, Numar persoane, 489346
Total, Total, Regiunea CENTRU, Anul 2011, Numar persoane, 455781
Total, Total, Regiunea CENTRU, Anul 2012, Numar persoane, 444958
Total, Total, Regiunea CENTRU, Anul 2013, Numar persoane, 434897
Total, Total, Regiunea CENTRU, Anul 2014, Numar persoane, 443338
Total, Total, Regiunea CENTRU, Anul 2015, Numar persoane, 433886
Total, Total, Regiunea CENTRU, Anul 2016, Numar persoane, 431288
Total, Total, Regiunea CENTRU, Anul 2017, Numar persoane, 429541
Total, Total, Alba, Anul 1995, Numar persoane, 83728
Total, Total, Alba, Anul 1996, Numar persoane, 84231
Total, Total, Alba, Anul 1997, Numar persoane, 83366
Total, Total, Alba, Anul 1998, Numar persoane, 83498
Total, Total, Alba, Anul 1999, Numar persoane, 82233
Total, Total, Alba, Anul 2000, Numar persoane, 81996
Total, Total, Alba, Anul 2001, Numar persoane, 80601
Total, Total, Alba, Anul 2002, Numar persoane, 77924
Total, Total, Alba, Anul 2003, Numar persoane, 75653
Total, Total, Alba, Anul 2004, Numar persoane, 73299
Total, Total, Alba, Anul 2005, Numar persoane, 71219
Total, Total, Alba, Anul 2006, Numar persoane, 69041
Total, Total, Alba, Anul 2007, Numar persoane, 67071
Total, Total, Alba, Anul 2008, Numar persoane, 65419
Total, Total, Alba, Anul 2009, Numar persoane, 66658
Total, Total, Alba, Anul 2010, Numar persoane, 64366
Total, Total, Alba, Anul 2011, Numar persoane, 61925
Total, Total, Alba, Anul 2012, Numar persoane, 60662
Total, Total, Alba, Anul 2013, Numar persoane, 59584
Total, Total, Alba, Anul 2014, Numar persoane, 59279
Total, Total, Alba, Anul 2015, Numar persoane, 58001
Total, Total, Alba, Anul 2016, Numar persoane, 57399
Total, Total, Alba, Anul 2017, Numar persoane, 56964
Total, Total, Brasov, Anul 1995, Numar persoane, 147705
Total, Total, Brasov, Anul 1996, Numar persoane, 146303
Total, Total, Brasov, Anul 1997, Numar persoane, 143478
Total, Total, Brasov, Anul 1998, Numar persoane, 140336
Total, Total, Brasov, Anul 1999, Numar persoane, 139152
Total, Total, Brasov, Anul 2000, Numar persoane, 134728
Total, Total, Brasov, Anul 2001, Numar persoane, 131080
Total, Total, Brasov, Anul 2002, Numar persoane, 127214
Total, Total, Brasov, Anul 2003, Numar persoane, 124582
Total, Total, Brasov, Anul 2004, Numar persoane, 122681
Total, Total, Brasov, Anul 2005, Numar persoane, 123786
Total, Total, Brasov, Anul 2006, Numar persoane, 126607
Total, Total, Brasov, Anul 2007, Numar persoane, 136395
Total, Total, Brasov, Anul 2008, Numar persoane, 145691
Total, Total, Brasov, Anul 2009, Numar persoane, 144043
Total, Total, Brasov, Anul 2010, Numar persoane, 130121
Total, Total, Brasov, Anul 2011, Numar persoane, 108967
Total, Total, Brasov, Anul 2012, Numar persoane, 103068
Total, Total, Brasov, Anul 2013, Numar persoane, 101509
Total, Total, Brasov, Anul 2014, Numar persoane, 106526
Total, Total, Brasov, Anul 2015, Numar persoane, 105866
Total, Total, Brasov, Anul 2016, Numar persoane, 106043
Total, Total, Brasov, Anul 2017, Numar persoane, 107212
Total, Total, Covasna, Anul 1995, Numar persoane, 48740
Total, Total, Covasna, Anul 1996, Numar persoane, 48080
Total, Total, Covasna, Anul 1997, Numar persoane, 47368
Total, Total, Covasna, Anul 1998, Numar persoane, 46811
Total, Total, Covasna, Anul 1999, Numar persoane, 46016
Total, Total, Covasna, Anul 2000, Numar persoane, 44334
Total, Total, Covasna, Anul 2001, Numar persoane, 44088
Total, Total, Covasna, Anul 2002, Numar persoane, 42932
Total, Total, Covasna, Anul 2003, Numar persoane, 42090
Total, Total, Covasna, Anul 2004, Numar persoane, 41388
Total, Total, Covasna, Anul 2005, Numar persoane, 40749
Total, Total, Covasna, Anul 2006, Numar persoane, 40259
Total, Total, Covasna, Anul 2007, Numar persoane, 40018
Total, Total, Covasna, Anul 2008, Numar persoane, 39735
Total, Total, Covasna, Anul 2009, Numar persoane, 38598
Total, Total, Covasna, Anul 2010, Numar persoane, 39075
Total, Total, Covasna, Anul 2011, Numar persoane, 38304
Total, Total, Covasna, Anul 2012, Numar persoane, 37655
Total, Total, Covasna, Anul 2013, Numar persoane, 36737
Total, Total, Covasna, Anul 2014, Numar persoane, 35813
Total, Total, Covasna, Anul 2015, Numar persoane, 34804
Total, Total, Covasna, Anul 2016, Numar persoane, 34339
Total, Total, Covasna, Anul 2017, Numar persoane, 33711
Total, Total, Harghita, Anul 1995, Numar persoane, 69721
Total, Total, Harghita, Anul 1996, Numar persoane, 69416
Total, Total, Harghita, Anul 1997, Numar persoane, 68193
Total, Total, Harghita, Anul 1998, Numar persoane, 66732
Total, Total, Harghita, Anul 1999, Numar persoane, 66151
Total, Total, Harghita, Anul 2000, Numar persoane, 65113
Total, Total, Harghita, Anul 2001, Numar persoane, 64917
Total, Total, Harghita, Anul 2002, Numar persoane, 63968
Total, Total, Harghita, Anul 2003, Numar persoane, 63672
Total, Total, Harghita, Anul 2004, Numar persoane, 63169
Total, Total, Harghita, Anul 2005, Numar persoane, 62488
Total, Total, Harghita, Anul 2006, Numar persoane, 61465
Total, Total, Harghita, Anul 2007, Numar persoane, 60930
Total, Total, Harghita, Anul 2008, Numar persoane, 59378
Total, Total, Harghita, Anul 2009, Numar persoane, 57931
Total, Total, Harghita, Anul 2010, Numar persoane, 57562
Total, Total, Harghita, Anul 2011, Numar persoane, 56450
Total, Total, Harghita, Anul 2012, Numar persoane, 56156
Total, Total, Harghita, Anul 2013, Numar persoane, 54352
Total, Total, Harghita, Anul 2014, Numar persoane, 54347
Total, Total, Harghita, Anul 2015, Numar persoane, 53550
Total, Total, Harghita, Anul 2016, Numar persoane, 52808
Total, Total, Harghita, Anul 2017, Numar persoane, 52388
Total, Total, Mures, Anul 1995, Numar persoane, 114487
Total, Total, Mures, Anul 1996, Numar persoane, 115471
Total, Total, Mures, Anul 1997, Numar persoane, 115848
Total, Total, Mures, Anul 1998, Numar persoane, 115957
Total, Total, Mures, Anul 1999, Numar persoane, 113722
Total, Total, Mures, Anul 2000, Numar persoane, 115158
Total, Total, Mures, Anul 2001, Numar persoane, 115607
Total, Total, Mures, Anul 2002, Numar persoane, 114346
Total, Total, Mures, Anul 2003, Numar persoane, 114060
Total, Total, Mures, Anul 2004, Numar persoane, 113217
Total, Total, Mures, Anul 2005, Numar persoane, 111991
Total, Total, Mures, Anul 2006, Numar persoane, 110582
Total, Total, Mures, Anul 2007, Numar persoane, 110582
Total, Total, Mures, Anul 2008, Numar persoane, 108774
Total, Total, Mures, Anul 2009, Numar persoane, 108903
Total, Total, Mures, Anul 2010, Numar persoane, 108018
Total, Total, Mures, Anul 2011, Numar persoane, 105119
Total, Total, Mures, Anul 2012, Numar persoane, 104523
Total, Total, Mures, Anul 2013, Numar persoane, 101993
Total, Total, Mures, Anul 2014, Numar persoane, 103955
Total, Total, Mures, Anul 2015, Numar persoane, 99823
Total, Total, Mures, Anul 2016, Numar persoane, 99196
Total, Total, Mures, Anul 2017, Numar persoane, 98397
Total, Total, Sibiu, Anul 1995, Numar persoane, 106629
Total, Total, Sibiu, Anul 1996, Numar persoane, 106135
Total, Total, Sibiu, Anul 1997, Numar persoane, 103967
Total, Total, Sibiu, Anul 1998, Numar persoane, 102244
Total, Total, Sibiu, Anul 1999, Numar persoane, 100127
Total, Total, Sibiu, Anul 2000, Numar persoane, 99119
Total, Total, Sibiu, Anul 2001, Numar persoane, 102521
Total, Total, Sibiu, Anul 2002, Numar persoane, 105060
Total, Total, Sibiu, Anul 2003, Numar persoane, 102055
Total, Total, Sibiu, Anul 2004, Numar persoane, 99162
Total, Total, Sibiu, Anul 2005, Numar persoane, 97588
Total, Total, Sibiu, Anul 2006, Numar persoane, 99553
Total, Total, Sibiu, Anul 2007, Numar persoane, 97347
Total, Total, Sibiu, Anul 2008, Numar persoane, 95237
Total, Total, Sibiu, Anul 2009, Numar persoane, 93365
Total, Total, Sibiu, Anul 2010, Numar persoane, 90204
Total, Total, Sibiu, Anul 2011, Numar persoane, 85016
Total, Total, Sibiu, Anul 2012, Numar persoane, 82894
Total, Total, Sibiu, Anul 2013, Numar persoane, 80722
Total, Total, Sibiu, Anul 2014, Numar persoane, 83418
Total, Total, Sibiu, Anul 2015, Numar persoane, 81842
Total, Total, Sibiu, Anul 2016, Numar persoane, 81503
Total, Total, Sibiu, Anul 2017, Numar persoane, 80869
Total, Total, MACROREGIUNEA DOI, Anul 1995, Numar persoane, 1410589
Total, Total, MACROREGIUNEA DOI, Anul 1996, Numar persoane, 1408491
Total, Total, MACROREGIUNEA DOI, Anul 1997, Numar persoane, 1391848
Total, Total, MACROREGIUNEA DOI, Anul 1998, Numar persoane, 1391448
Total, Total, MACROREGIUNEA DOI, Anul 1999, Numar persoane, 1378109
Total, Total, MACROREGIUNEA DOI, Anul 2000, Numar persoane, 1374209
Total, Total, MACROREGIUNEA DOI, Anul 2001, Numar persoane, 1370037
Total, Total, MACROREGIUNEA DOI, Anul 2002, Numar persoane, 1352881
Total, Total, MACROREGIUNEA DOI, Anul 2003, Numar persoane, 1346658
Total, Total, MACROREGIUNEA DOI, Anul 2004, Numar persoane, 1319871
Total, Total, MACROREGIUNEA DOI, Anul 2005, Numar persoane, 1290241
Total, Total, MACROREGIUNEA DOI, Anul 2006, Numar persoane, 1267089
Total, Total, MACROREGIUNEA DOI, Anul 2007, Numar persoane, 1257264
Total, Total, MACROREGIUNEA DOI, Anul 2008, Numar persoane, 1230234
Total, Total, MACROREGIUNEA DOI, Anul 2009, Numar persoane, 1216037
Total, Total, MACROREGIUNEA DOI, Anul 2010, Numar persoane, 1193389
Total, Total, MACROREGIUNEA DOI, Anul 2011, Numar persoane, 1152491
Total, Total, MACROREGIUNEA DOI, Anul 2012, Numar persoane, 1131315
Total, Total, MACROREGIUNEA DOI, Anul 2013, Numar persoane, 1104360
Total, Total, MACROREGIUNEA DOI, Anul 2014, Numar persoane, 1112514
Total, Total, MACROREGIUNEA DOI, Anul 2015, Numar persoane, 1081164
Total, Total, MACROREGIUNEA DOI, Anul 2016, Numar persoane, 1060935
Total, Total, MACROREGIUNEA DOI, Anul 2017, Numar persoane, 1046178
Total, Total, Regiunea NORD-EST, Anul 1995, Numar persoane, 820585
Total, Total, Regiunea NORD-EST, Anul 1996, Numar persoane, 820602
Total, Total, Regiunea NORD-EST, Anul 1997, Numar persoane, 809173
Total, Total, Regiunea NORD-EST, Anul 1998, Numar persoane, 814135
Total, Total, Regiunea NORD-EST, Anul 1999, Numar persoane, 811118
Total, Total, Regiunea NORD-EST, Anul 2000, Numar persoane, 808275
Total, Total, Regiunea NORD-EST, Anul 2001, Numar persoane, 810709
Total, Total, Regiunea NORD-EST, Anul 2002, Numar persoane, 802145
Total, Total, Regiunea NORD-EST, Anul 2003, Numar persoane, 801723
Total, Total, Regiunea NORD-EST, Anul 2004, Numar persoane, 789422
Total, Total, Regiunea NORD-EST, Anul 2005, Numar persoane, 771342
Total, Total, Regiunea NORD-EST, Anul 2006, Numar persoane, 756694
Total, Total, Regiunea NORD-EST, Anul 2007, Numar persoane, 747608
Total, Total, Regiunea NORD-EST, Anul 2008, Numar persoane, 730984
Total, Total, Regiunea NORD-EST, Anul 2009, Numar persoane, 723235
Total, Total, Regiunea NORD-EST, Anul 2010, Numar persoane, 707377
Total, Total, Regiunea NORD-EST, Anul 2011, Numar persoane, 686369
Total, Total, Regiunea NORD-EST, Anul 2012, Numar persoane, 675031
Total, Total, Regiunea NORD-EST, Anul 2013, Numar persoane, 658410
Total, Total, Regiunea NORD-EST, Anul 2014, Numar persoane, 664538
Total, Total, Regiunea NORD-EST, Anul 2015, Numar persoane, 644768
Total, Total, Regiunea NORD-EST, Anul 2016, Numar persoane, 632429
Total, Total, Regiunea NORD-EST, Anul 2017, Numar persoane, 622986
Total, Total, Bacau, Anul 1995, Numar persoane, 157600
Total, Total, Bacau, Anul 1996, Numar persoane, 157347
Total, Total, Bacau, Anul 1997, Numar persoane, 154764
Total, Total, Bacau, Anul 1998, Numar persoane, 155122
Total, Total, Bacau, Anul 1999, Numar persoane, 152625
Total, Total, Bacau, Anul 2000, Numar persoane, 151554
Total, Total, Bacau, Anul 2001, Numar persoane, 150681
Total, Total, Bacau, Anul 2002, Numar persoane, 148503
Total, Total, Bacau, Anul 2003, Numar persoane, 146281
Total, Total, Bacau, Anul 2004, Numar persoane, 141636
Total, Total, Bacau, Anul 2005, Numar persoane, 137697
Total, Total, Bacau, Anul 2006, Numar persoane, 134218
Total, Total, Bacau, Anul 2007, Numar persoane, 130645
Total, Total, Bacau, Anul 2008, Numar persoane, 126206
Total, Total, Bacau, Anul 2009, Numar persoane, 124286
Total, Total, Bacau, Anul 2010, Numar persoane, 120063
Total, Total, Bacau, Anul 2011, Numar persoane, 114971
Total, Total, Bacau, Anul 2012, Numar persoane, 112668
Total, Total, Bacau, Anul 2013, Numar persoane, 109431
Total, Total, Bacau, Anul 2014, Numar persoane, 108735
Total, Total, Bacau, Anul 2015, Numar persoane, 105779
Total, Total, Bacau, Anul 2016, Numar persoane, 104170
Total, Total, Bacau, Anul 2017, Numar persoane, 102692
Total, Total, Botosani, Anul 1995, Numar persoane, 93086
Total, Total, Botosani, Anul 1996, Numar persoane, 92621
Total, Total, Botosani, Anul 1997, Numar persoane, 92069
Total, Total, Botosani, Anul 1998, Numar persoane, 91831
Total, Total, Botosani, Anul 1999, Numar persoane, 91533
Total, Total, Botosani, Anul 2000, Numar persoane, 90263
Total, Total, Botosani, Anul 2001, Numar persoane, 89280
Total, Total, Botosani, Anul 2002, Numar persoane, 88693
Total, Total, Botosani, Anul 2003, Numar persoane, 88961
Total, Total, Botosani, Anul 2004, Numar persoane, 87230
Total, Total, Botosani, Anul 2005, Numar persoane, 85314
Total, Total, Botosani, Anul 2006, Numar persoane, 83410
Total, Total, Botosani, Anul 2007, Numar persoane, 81803
Total, Total, Botosani, Anul 2008, Numar persoane, 80746
Total, Total, Botosani, Anul 2009, Numar persoane, 79897
Total, Total, Botosani, Anul 2010, Numar persoane, 78953
Total, Total, Botosani, Anul 2011, Numar persoane, 77083
Total, Total, Botosani, Anul 2012, Numar persoane, 76166
Total, Total, Botosani, Anul 2013, Numar persoane, 74744
Total, Total, Botosani, Anul 2014, Numar persoane, 73810
Total, Total, Botosani, Anul 2015, Numar persoane, 70872
Total, Total, Botosani, Anul 2016, Numar persoane, 69585
Total, Total, Botosani, Anul 2017, Numar persoane, 68185
Total, Total, Iasi, Anul 1995, Numar persoane, 207895
Total, Total, Iasi, Anul 1996, Numar persoane, 209390
Total, Total, Iasi, Anul 1997, Numar persoane, 206478
Total, Total, Iasi, Anul 1998, Numar persoane, 209512
Total, Total, Iasi, Anul 1999, Numar persoane, 210739
Total, Total, Iasi, Anul 2000, Numar persoane, 214250
Total, Total, Iasi, Anul 2001, Numar persoane, 219139
Total, Total, Iasi, Anul 2002, Numar persoane, 220020
Total, Total, Iasi, Anul 2003, Numar persoane, 220782
Total, Total, Iasi, Anul 2004, Numar persoane, 219358
Total, Total, Iasi, Anul 2005, Numar persoane, 214876
Total, Total, Iasi, Anul 2006, Numar persoane, 211772
Total, Total, Iasi, Anul 2007, Numar persoane, 212595
Total, Total, Iasi, Anul 2008, Numar persoane, 207188
Total, Total, Iasi, Anul 2009, Numar persoane, 204175
Total, Total, Iasi, Anul 2010, Numar persoane, 199677
Total, Total, Iasi, Anul 2011, Numar persoane, 193865
Total, Total, Iasi, Anul 2012, Numar persoane, 190412
Total, Total, Iasi, Anul 2013, Numar persoane, 185788
Total, Total, Iasi, Anul 2014, Numar persoane, 196078
Total, Total, Iasi, Anul 2015, Numar persoane, 191754
Total, Total, Iasi, Anul 2016, Numar persoane, 189342
Total, Total, Iasi, Anul 2017, Numar persoane, 187435
Total, Total, Neamt, Anul 1995, Numar persoane, 117257
Total, Total, Neamt, Anul 1996, Numar persoane, 115685
Total, Total, Neamt, Anul 1997, Numar persoane, 112609
Total, Total, Neamt, Anul 1998, Numar persoane, 113119
Total, Total, Neamt, Anul 1999, Numar persoane, 111672
Total, Total, Neamt, Anul 2000, Numar persoane, 109417
Total, Total, Neamt, Anul 2001, Numar persoane, 108994
Total, Total, Neamt, Anul 2002, Numar persoane, 105570
Total, Total, Neamt, Anul 2003, Numar persoane, 103668
Total, Total, Neamt, Anul 2004, Numar persoane, 101187
Total, Total, Neamt, Anul 2005, Numar persoane, 97410
Total, Total, Neamt, Anul 2006, Numar persoane, 94271
Total, Total, Neamt, Anul 2007, Numar persoane, 90898
Total, Total, Neamt, Anul 2008, Numar persoane, 88716
Total, Total, Neamt, Anul 2009, Numar persoane, 88248
Total, Total, Neamt, Anul 2010, Numar persoane, 86433
Total, Total, Neamt, Anul 2011, Numar persoane, 83733
Total, Total, Neamt, Anul 2012, Numar persoane, 82982
Total, Total, Neamt, Anul 2013, Numar persoane, 80263
Total, Total, Neamt, Anul 2014, Numar persoane, 79245
Total, Total, Neamt, Anul 2015, Numar persoane, 76214
Total, Total, Neamt, Anul 2016, Numar persoane, 74450
Total, Total, Neamt, Anul 2017, Numar persoane, 72924
Total, Total, Suceava, Anul 1995, Numar persoane, 148578
Total, Total, Suceava, Anul 1996, Numar persoane, 148998
Total, Total, Suceava, Anul 1997, Numar persoane, 148916
Total, Total, Suceava, Anul 1998, Numar persoane, 149631
Total, Total, Suceava, Anul 1999, Numar persoane, 150137
Total, Total, Suceava, Anul 2000, Numar persoane, 149692
Total, Total, Suceava, Anul 2001, Numar persoane, 149886
Total, Total, Suceava, Anul 2002, Numar persoane, 148232
Total, Total, Suceava, Anul 2003, Numar persoane, 149851
Total, Total, Suceava, Anul 2004, Numar persoane, 148120
Total, Total, Suceava, Anul 2005, Numar persoane, 146018
Total, Total, Suceava, Anul 2006, Numar persoane, 145092
Total, Total, Suceava, Anul 2007, Numar persoane, 145116
Total, Total, Suceava, Anul 2008, Numar persoane, 143327
Total, Total, Suceava, Anul 2009, Numar persoane, 143023
Total, Total, Suceava, Anul 2010, Numar persoane, 140601
Total, Total, Suceava, Anul 2011, Numar persoane, 136826
Total, Total, Suceava, Anul 2012, Numar persoane, 133575
Total, Total, Suceava, Anul 2013, Numar persoane, 131793
Total, Total, Suceava, Anul 2014, Numar persoane, 131778
Total, Total, Suceava, Anul 2015, Numar persoane, 128369
Total, Total, Suceava, Anul 2016, Numar persoane, 125107
Total, Total, Suceava, Anul 2017, Numar persoane, 124176
Total, Total, Vaslui, Anul 1995, Numar persoane, 96169
Total, Total, Vaslui, Anul 1996, Numar persoane, 96561
Total, Total, Vaslui, Anul 1997, Numar persoane, 94337
Total, Total, Vaslui, Anul 1998, Numar persoane, 94920
Total, Total, Vaslui, Anul 1999, Numar persoane, 94412
Total, Total, Vaslui, Anul 2000, Numar persoane, 93099
Total, Total, Vaslui, Anul 2001, Numar persoane, 92729
Total, Total, Vaslui, Anul 2002, Numar persoane, 91127
Total, Total, Vaslui, Anul 2003, Numar persoane, 92180
Total, Total, Vaslui, Anul 2004, Numar persoane, 91891
Total, Total, Vaslui, Anul 2005, Numar persoane, 90027
Total, Total, Vaslui, Anul 2006, Numar persoane, 87931
Total, Total, Vaslui, Anul 2007, Numar persoane, 86551
Total, Total, Vaslui, Anul 2008, Numar persoane, 84801
Total, Total, Vaslui, Anul 2009, Numar persoane, 83606
Total, Total, Vaslui, Anul 2010, Numar persoane, 81650
Total, Total, Vaslui, Anul 2011, Numar persoane, 79891
Total, Total, Vaslui, Anul 2012, Numar persoane, 79228
Total, Total, Vaslui, Anul 2013, Numar persoane, 76391
Total, Total, Vaslui, Anul 2014, Numar persoane, 74892
Total, Total, Vaslui, Anul 2015, Numar persoane, 71780
Total, Total, Vaslui, Anul 2016, Numar persoane, 69775
Total, Total, Vaslui, Anul 2017, Numar persoane, 67574
Total, Total, Regiunea SUD-EST, Anul 1995, Numar persoane, 590004
Total, Total, Regiunea SUD-EST, Anul 1996, Numar persoane, 587889
Total, Total, Regiunea SUD-EST, Anul 1997, Numar persoane, 582675
Total, Total, Regiunea SUD-EST, Anul 1998, Numar persoane, 577313
Total, Total, Regiunea SUD-EST, Anul 1999, Numar persoane, 566991
Total, Total, Regiunea SUD-EST, Anul 2000, Numar persoane, 565934
Total, Total, Regiunea SUD-EST, Anul 2001, Numar persoane, 559328
Total, Total, Regiunea SUD-EST, Anul 2002, Numar persoane, 550736
Total, Total, Regiunea SUD-EST, Anul 2003, Numar persoane, 544935
Total, Total, Regiunea SUD-EST, Anul 2004, Numar persoane, 530449
Total, Total, Regiunea SUD-EST, Anul 2005, Numar persoane, 518899
Total, Total, Regiunea SUD-EST, Anul 2006, Numar persoane, 510395
Total, Total, Regiunea SUD-EST, Anul 2007, Numar persoane, 509656
Total, Total, Regiunea SUD-EST, Anul 2008, Numar persoane, 499250
Total, Total, Regiunea SUD-EST, Anul 2009, Numar persoane, 492802
Total, Total, Regiunea SUD-EST, Anul 2010, Numar persoane, 486012
Total, Total, Regiunea SUD-EST, Anul 2011, Numar persoane, 466122
Total, Total, Regiunea SUD-EST, Anul 2012, Numar persoane, 456284
Total, Total, Regiunea SUD-EST, Anul 2013, Numar persoane, 445950
Total, Total, Regiunea SUD-EST, Anul 2014, Numar persoane, 447976
Total, Total, Regiunea SUD-EST, Anul 2015, Numar persoane, 436396
Total, Total, Regiunea SUD-EST, Anul 2016, Numar persoane, 428506
Total, Total, Regiunea SUD-EST, Anul 2017, Numar persoane, 423192
Total, Total, Braila, Anul 1995, Numar persoane, 76157
Total, Total, Braila, Anul 1996, Numar persoane, 75292
Total, Total, Braila, Anul 1997, Numar persoane, 74832
Total, Total, Braila, Anul 1998, Numar persoane, 73269
Total, Total, Braila, Anul 1999, Numar persoane, 70868
Total, Total, Braila, Anul 2000, Numar persoane, 69749
Total, Total, Braila, Anul 2001, Numar persoane, 68212
Total, Total, Braila, Anul 2002, Numar persoane, 66948
Total, Total, Braila, Anul 2003, Numar persoane, 65270
Total, Total, Braila, Anul 2004, Numar persoane, 62640
Total, Total, Braila, Anul 2005, Numar persoane, 60589
Total, Total, Braila, Anul 2006, Numar persoane, 58009
Total, Total, Braila, Anul 2007, Numar persoane, 57202
Total, Total, Braila, Anul 2008, Numar persoane, 55106
Total, Total, Braila, Anul 2009, Numar persoane, 54971
Total, Total, Braila, Anul 2010, Numar persoane, 53153
Total, Total, Braila, Anul 2011, Numar persoane, 52192
Total, Total, Braila, Anul 2012, Numar persoane, 51893
Total, Total, Braila, Anul 2013, Numar persoane, 51308
Total, Total, Braila, Anul 2014, Numar persoane, 50446
Total, Total, Braila, Anul 2015, Numar persoane, 48640
Total, Total, Braila, Anul 2016, Numar persoane, 47000
Total, Total, Braila, Anul 2017, Numar persoane, 45716
Total, Total, Buzau, Anul 1995, Numar persoane, 93107
Total, Total, Buzau, Anul 1996, Numar persoane, 92701
Total, Total, Buzau, Anul 1997, Numar persoane, 92201
Total, Total, Buzau, Anul 1998, Numar persoane, 90639
Total, Total, Buzau, Anul 1999, Numar persoane, 89331
Total, Total, Buzau, Anul 2000, Numar persoane, 87692
Total, Total, Buzau, Anul 2001, Numar persoane, 86258
Total, Total, Buzau, Anul 2002, Numar persoane, 85593
Total, Total, Buzau, Anul 2003, Numar persoane, 85794
Total, Total, Buzau, Anul 2004, Numar persoane, 83104
Total, Total, Buzau, Anul 2005, Numar persoane, 80591
Total, Total, Buzau, Anul 2006, Numar persoane, 78232
Total, Total, Buzau, Anul 2007, Numar persoane, 76502
Total, Total, Buzau, Anul 2008, Numar persoane, 74910
Total, Total, Buzau, Anul 2009, Numar persoane, 74406
Total, Total, Buzau, Anul 2010, Numar persoane, 73694
Total, Total, Buzau, Anul 2011, Numar persoane, 72906
Total, Total, Buzau, Anul 2012, Numar persoane, 72039
Total, Total, Buzau, Anul 2013, Numar persoane, 71353
Total, Total, Buzau, Anul 2014, Numar persoane, 70519
Total, Total, Buzau, Anul 2015, Numar persoane, 68823
Total, Total, Buzau, Anul 2016, Numar persoane, 67026
Total, Total, Buzau, Anul 2017, Numar persoane, 66109
Total, Total, Constanta, Anul 1995, Numar persoane, 160524
Total, Total, Constanta, Anul 1996, Numar persoane, 160408
Total, Total, Constanta, Anul 1997, Numar persoane, 157719
Total, Total, Constanta, Anul 1998, Numar persoane, 156417
Total, Total, Constanta, Anul 1999, Numar persoane, 155393
Total, Total, Constanta, Anul 2000, Numar persoane, 157971
Total, Total, Constanta, Anul 2001, Numar persoane, 158339
Total, Total, Constanta, Anul 2002, Numar persoane, 156058
Total, Total, Constanta, Anul 2003, Numar persoane, 155310
Total, Total, Constanta, Anul 2004, Numar persoane, 153286
Total, Total, Constanta, Anul 2005, Numar persoane, 152811
Total, Total, Constanta, Anul 2006, Numar persoane, 152859
Total, Total, Constanta, Anul 2007, Numar persoane, 157659
Total, Total, Constanta, Anul 2008, Numar persoane, 156332
Total, Total, Constanta, Anul 2009, Numar persoane, 152075
Total, Total, Constanta, Anul 2010, Numar persoane, 154026
Total, Total, Constanta, Anul 2011, Numar persoane, 142941
Total, Total, Constanta, Anul 2012, Numar persoane, 139380
Total, Total, Constanta, Anul 2013, Numar persoane, 135552
Total, Total, Constanta, Anul 2014, Numar persoane, 138786
Total, Total, Constanta, Anul 2015, Numar persoane, 136320
Total, Total, Constanta, Anul 2016, Numar persoane, 134646
Total, Total, Constanta, Anul 2017, Numar persoane, 133686
Total, Total, Galati, Anul 1995, Numar persoane, 132295
Total, Total, Galati, Anul 1996, Numar persoane, 132579
Total, Total, Galati, Anul 1997, Numar persoane, 131178
Total, Total, Galati, Anul 1998, Numar persoane, 132122
Total, Total, Galati, Anul 1999, Numar persoane, 129833
Total, Total, Galati, Anul 2000, Numar persoane, 131362
Total, Total, Galati, Anul 2001, Numar persoane, 131471
Total, Total, Galati, Anul 2002, Numar persoane, 129287
Total, Total, Galati, Anul 2003, Numar persoane, 128485
Total, Total, Galati, Anul 2004, Numar persoane, 124967
Total, Total, Galati, Anul 2005, Numar persoane, 122066
Total, Total, Galati, Anul 2006, Numar persoane, 121264
Total, Total, Galati, Anul 2007, Numar persoane, 120085
Total, Total, Galati, Anul 2008, Numar persoane, 117809
Total, Total, Galati, Anul 2009, Numar persoane, 117676
Total, Total, Galati, Anul 2010, Numar persoane, 112881
Total, Total, Galati, Anul 2011, Numar persoane, 107427
Total, Total, Galati, Anul 2012, Numar persoane, 103479
Total, Total, Galati, Anul 2013, Numar persoane, 99852
Total, Total, Galati, Anul 2014, Numar persoane, 101781
Total, Total, Galati, Anul 2015, Numar persoane, 98991
Total, Total, Galati, Anul 2016, Numar persoane, 96969
Total, Total, Galati, Anul 2017, Numar persoane, 95793
Total, Total, Tulcea, Anul 1995, Numar persoane, 54713
Total, Total, Tulcea, Anul 1996, Numar persoane, 54270
Total, Total, Tulcea, Anul 1997, Numar persoane, 53956
Total, Total, Tulcea, Anul 1998, Numar persoane, 52795
Total, Total, Tulcea, Anul 1999, Numar persoane, 50954
Total, Total, Tulcea, Anul 2000, Numar persoane, 49685
Total, Total, Tulcea, Anul 2001, Numar persoane, 47413
Total, Total, Tulcea, Anul 2002, Numar persoane, 46517
Total, Total, Tulcea, Anul 2003, Numar persoane, 45003
Total, Total, Tulcea, Anul 2004, Numar persoane, 43019
Total, Total, Tulcea, Anul 2005, Numar persoane, 41612
Total, Total, Tulcea, Anul 2006, Numar persoane, 40122
Total, Total, Tulcea, Anul 2007, Numar persoane, 39350
Total, Total, Tulcea, Anul 2008, Numar persoane, 37783
Total, Total, Tulcea, Anul 2009, Numar persoane, 36970
Total, Total, Tulcea, Anul 2010, Numar persoane, 36372
Total, Total, Tulcea, Anul 2011, Numar persoane, 35088
Total, Total, Tulcea, Anul 2012, Numar persoane, 34293
Total, Total, Tulcea, Anul 2013, Numar persoane, 33757
Total, Total, Tulcea, Anul 2014, Numar persoane, 33243
Total, Total, Tulcea, Anul 2015, Numar persoane, 32128
Total, Total, Tulcea, Anul 2016, Numar persoane, 31386
Total, Total, Tulcea, Anul 2017, Numar persoane, 31070
Total, Total, Vrancea, Anul 1995, Numar persoane, 73208
Total, Total, Vrancea, Anul 1996, Numar persoane, 72639
Total, Total, Vrancea, Anul 1997, Numar persoane, 72789
Total, Total, Vrancea, Anul 1998, Numar persoane, 72071
Total, Total, Vrancea, Anul 1999, Numar persoane, 70612
Total, Total, Vrancea, Anul 2000, Numar persoane, 69475
Total, Total, Vrancea, Anul 2001, Numar persoane, 67635
Total, Total, Vrancea, Anul 2002, Numar persoane, 66333
Total, Total, Vrancea, Anul 2003, Numar persoane, 65073
Total, Total, Vrancea, Anul 2004, Numar persoane, 63433
Total, Total, Vrancea, Anul 2005, Numar persoane, 61230
Total, Total, Vrancea, Anul 2006, Numar persoane, 59909
Total, Total, Vrancea, Anul 2007, Numar persoane, 58858
Total, Total, Vrancea, Anul 2008, Numar persoane, 57310
Total, Total, Vrancea, Anul 2009, Numar persoane, 56704
Total, Total, Vrancea, Anul 2010, Numar persoane, 55886
Total, Total, Vrancea, Anul 2011, Numar persoane, 55568
Total, Total, Vrancea, Anul 2012, Numar persoane, 55200
Total, Total, Vrancea, Anul 2013, Numar persoane, 54128
Total, Total, Vrancea, Anul 2014, Numar persoane, 53201
Total, Total, Vrancea, Anul 2015, Numar persoane, 51494
Total, Total, Vrancea, Anul 2016, Numar persoane, 51479
Total, Total, Vrancea, Anul 2017, Numar persoane, 50818
Total, Total, MACROREGIUNEA TREI, Anul 1995, Numar persoane, 1206079
Total, Total, MACROREGIUNEA TREI, Anul 1996, Numar persoane, 1190368
Total, Total, MACROREGIUNEA TREI, Anul 1997, Numar persoane, 1179123
Total, Total, MACROREGIUNEA TREI, Anul 1998, Numar persoane, 1171915
Total, Total, MACROREGIUNEA TREI, Anul 1999, Numar persoane, 1152775
Total, Total, MACROREGIUNEA TREI, Anul 2000, Numar persoane, 1153909
Total, Total, MACROREGIUNEA TREI, Anul 2001, Numar persoane, 1152971
Total, Total, MACROREGIUNEA TREI, Anul 2002, Numar persoane, 1136205
Total, Total, MACROREGIUNEA TREI, Anul 2003, Numar persoane, 1138997
Total, Total, MACROREGIUNEA TREI, Anul 2004, Numar persoane, 1130959
Total, Total, MACROREGIUNEA TREI, Anul 2005, Numar persoane, 1143605
Total, Total, MACROREGIUNEA TREI, Anul 2006, Numar persoane, 1169726
Total, Total, MACROREGIUNEA TREI, Anul 2007, Numar persoane, 1244197
Total, Total, MACROREGIUNEA TREI, Anul 2008, Numar persoane, 1222468
Total, Total, MACROREGIUNEA TREI, Anul 2009, Numar persoane, 1115231
Total, Total, MACROREGIUNEA TREI, Anul 2010, Numar persoane, 1041116
Total, Total, MACROREGIUNEA TREI, Anul 2011, Numar persoane, 969403
Total, Total, MACROREGIUNEA TREI, Anul 2012, Numar persoane, 944768
Total, Total, MACROREGIUNEA TREI, Anul 2013, Numar persoane, 925061
Total, Total, MACROREGIUNEA TREI, Anul 2014, Numar persoane, 973361
Total, Total, MACROREGIUNEA TREI, Anul 2015, Numar persoane, 956436
Total, Total, MACROREGIUNEA TREI, Anul 2016, Numar persoane, 954044
Total, Total, MACROREGIUNEA TREI, Anul 2017, Numar persoane, 960996
Total, Total, Regiunea SUD-MUNTENIA, Anul 1995, Numar persoane, 644085
Total, Total, Regiunea SUD-MUNTENIA, Anul 1996, Numar persoane, 638097
Total, Total, Regiunea SUD-MUNTENIA, Anul 1997, Numar persoane, 633036
Total, Total, Regiunea SUD-MUNTENIA, Anul 1998, Numar persoane, 630498
Total, Total, Regiunea SUD-MUNTENIA, Anul 1999, Numar persoane, 623825
Total, Total, Regiunea SUD-MUNTENIA, Anul 2000, Numar persoane, 623013
Total, Total, Regiunea SUD-MUNTENIA, Anul 2001, Numar persoane, 621892
Total, Total, Regiunea SUD-MUNTENIA, Anul 2002, Numar persoane, 613282
Total, Total, Regiunea SUD-MUNTENIA, Anul 2003, Numar persoane, 611812
Total, Total, Regiunea SUD-MUNTENIA, Anul 2004, Numar persoane, 596270
Total, Total, Regiunea SUD-MUNTENIA, Anul 2005, Numar persoane, 580359
Total, Total, Regiunea SUD-MUNTENIA, Anul 2006, Numar persoane, 562569
Total, Total, Regiunea SUD-MUNTENIA, Anul 2007, Numar persoane, 554426
Total, Total, Regiunea SUD-MUNTENIA, Anul 2008, Numar persoane, 538832
Total, Total, Regiunea SUD-MUNTENIA, Anul 2009, Numar persoane, 536153
Total, Total, Regiunea SUD-MUNTENIA, Anul 2010, Numar persoane, 523362
Total, Total, Regiunea SUD-MUNTENIA, Anul 2011, Numar persoane, 505704
Total, Total, Regiunea SUD-MUNTENIA, Anul 2012, Numar persoane, 499990
Total, Total, Regiunea SUD-MUNTENIA, Anul 2013, Numar persoane, 487096
Total, Total, Regiunea SUD-MUNTENIA, Anul 2014, Numar persoane, 487097
Total, Total, Regiunea SUD-MUNTENIA, Anul 2015, Numar persoane, 471648
Total, Total, Regiunea SUD-MUNTENIA, Anul 2016, Numar persoane, 462368
Total, Total, Regiunea SUD-MUNTENIA, Anul 2017, Numar persoane, 454205
Total, Total, Arges, Anul 1995, Numar persoane, 138953
Total, Total, Arges, Anul 1996, Numar persoane, 136587
Total, Total, Arges, Anul 1997, Numar persoane, 135898
Total, Total, Arges, Anul 1998, Numar persoane, 135085
Total, Total, Arges, Anul 1999, Numar persoane, 134434
Total, Total, Arges, Anul 2000, Numar persoane, 138281
Total, Total, Arges, Anul 2001, Numar persoane, 140194
Total, Total, Arges, Anul 2002, Numar persoane, 139210
Total, Total, Arges, Anul 2003, Numar persoane, 137978
Total, Total, Arges, Anul 2004, Numar persoane, 133768
Total, Total, Arges, Anul 2005, Numar persoane, 130152
Total, Total, Arges, Anul 2006, Numar persoane, 125628
Total, Total, Arges, Anul 2007, Numar persoane, 124596
Total, Total, Arges, Anul 2008, Numar persoane, 119946
Total, Total, Arges, Anul 2009, Numar persoane, 120856
Total, Total, Arges, Anul 2010, Numar persoane, 114602
Total, Total, Arges, Anul 2011, Numar persoane, 108404
Total, Total, Arges, Anul 2012, Numar persoane, 106495
Total, Total, Arges, Anul 2013, Numar persoane, 103593
Total, Total, Arges, Anul 2014, Numar persoane, 105978
Total, Total, Arges, Anul 2015, Numar persoane, 103333
Total, Total, Arges, Anul 2016, Numar persoane, 102390
Total, Total, Arges, Anul 2017, Numar persoane, 101992
Total, Total, Calarasi, Anul 1995, Numar persoane, 59079
Total, Total, Calarasi, Anul 1996, Numar persoane, 59571
Total, Total, Calarasi, Anul 1997, Numar persoane, 59925
Total, Total, Calarasi, Anul 1998, Numar persoane, 59607
Total, Total, Calarasi, Anul 1999, Numar persoane, 58685
Total, Total, Calarasi, Anul 2000, Numar persoane, 57095
Total, Total, Calarasi, Anul 2001, Numar persoane, 57163
Total, Total, Calarasi, Anul 2002, Numar persoane, 57234
Total, Total, Calarasi, Anul 2003, Numar persoane, 56267
Total, Total, Calarasi, Anul 2004, Numar persoane, 54828
Total, Total, Calarasi, Anul 2005, Numar persoane, 53016
Total, Total, Calarasi, Anul 2006, Numar persoane, 51629
Total, Total, Calarasi, Anul 2007, Numar persoane, 51259
Total, Total, Calarasi, Anul 2008, Numar persoane, 50694
Total, Total, Calarasi, Anul 2009, Numar persoane, 50167
Total, Total, Calarasi, Anul 2010, Numar persoane, 50012
Total, Total, Calarasi, Anul 2011, Numar persoane, 48442
Total, Total, Calarasi, Anul 2012, Numar persoane, 47569
Total, Total, Calarasi, Anul 2013, Numar persoane, 46849
Total, Total, Calarasi, Anul 2014, Numar persoane, 45777
Total, Total, Calarasi, Anul 2015, Numar persoane, 44486
Total, Total, Calarasi, Anul 2016, Numar persoane, 43697
Total, Total, Calarasi, Anul 2017, Numar persoane, 42401
Total, Total, Dambovita, Anul 1995, Numar persoane, 108522
Total, Total, Dambovita, Anul 1996, Numar persoane, 107954
Total, Total, Dambovita, Anul 1997, Numar persoane, 107892
Total, Total, Dambovita, Anul 1998, Numar persoane, 109045
Total, Total, Dambovita, Anul 1999, Numar persoane, 110105
Total, Total, Dambovita, Anul 2000, Numar persoane, 109933
Total, Total, Dambovita, Anul 2001, Numar persoane, 110054
Total, Total, Dambovita, Anul 2002, Numar persoane, 106066
Total, Total, Dambovita, Anul 2003, Numar persoane, 105265
Total, Total, Dambovita, Anul 2004, Numar persoane, 101761
Total, Total, Dambovita, Anul 2005, Numar persoane, 98774
Total, Total, Dambovita, Anul 2006, Numar persoane, 95462
Total, Total, Dambovita, Anul 2007, Numar persoane, 93600
Total, Total, Dambovita, Anul 2008, Numar persoane, 91633
Total, Total, Dambovita, Anul 2009, Numar persoane, 90996
Total, Total, Dambovita, Anul 2010, Numar persoane, 88610
Total, Total, Dambovita, Anul 2011, Numar persoane, 84468
Total, Total, Dambovita, Anul 2012, Numar persoane, 83703
Total, Total, Dambovita, Anul 2013, Numar persoane, 81050
Total, Total, Dambovita, Anul 2014, Numar persoane, 81123
Total, Total, Dambovita, Anul 2015, Numar persoane, 78003
Total, Total, Dambovita, Anul 2016, Numar persoane, 76484
Total, Total, Dambovita, Anul 2017, Numar persoane, 75412
Total, Total, Giurgiu, Anul 1995, Numar persoane, 44500
Total, Total, Giurgiu, Anul 1996, Numar persoane, 45266
Total, Total, Giurgiu, Anul 1997, Numar persoane, 45065
Total, Total, Giurgiu, Anul 1998, Numar persoane, 45065
Total, Total, Giurgiu, Anul 1999, Numar persoane, 44385
Total, Total, Giurgiu, Anul 2000, Numar persoane, 44018
Total, Total, Giurgiu, Anul 2001, Numar persoane, 43375
Total, Total, Giurgiu, Anul 2002, Numar persoane, 42899
Total, Total, Giurgiu, Anul 2003, Numar persoane, 43424
Total, Total, Giurgiu, Anul 2004, Numar persoane, 42940
Total, Total, Giurgiu, Anul 2005, Numar persoane, 41679
Total, Total, Giurgiu, Anul 2006, Numar persoane, 41430
Total, Total, Giurgiu, Anul 2007, Numar persoane, 40976
Total, Total, Giurgiu, Anul 2008, Numar persoane, 40675
Total, Total, Giurgiu, Anul 2009, Numar persoane, 40183
Total, Total, Giurgiu, Anul 2010, Numar persoane, 39376
Total, Total, Giurgiu, Anul 2011, Numar persoane, 38437
Total, Total, Giurgiu, Anul 2012, Numar persoane, 38249
Total, Total, Giurgiu, Anul 2013, Numar persoane, 37613
Total, Total, Giurgiu, Anul 2014, Numar persoane, 37245
Total, Total, Giurgiu, Anul 2015, Numar persoane, 36316
Total, Total, Giurgiu, Anul 2016, Numar persoane, 35835
Total, Total, Giurgiu, Anul 2017, Numar persoane, 34906
Total, Total, Ialomita, Anul 1995, Numar persoane, 55647
Total, Total, Ialomita, Anul 1996, Numar persoane, 55402
Total, Total, Ialomita, Anul 1997, Numar persoane, 55009
Total, Total, Ialomita, Anul 1998, Numar persoane, 54507
Total, Total, Ialomita, Anul 1999, Numar persoane, 53534
Total, Total, Ialomita, Anul 2000, Numar persoane, 53639
Total, Total, Ialomita, Anul 2001, Numar persoane, 53246
Total, Total, Ialomita, Anul 2002, Numar persoane, 51166
Total, Total, Ialomita, Anul 2003, Numar persoane, 51983
Total, Total, Ialomita, Anul 2004, Numar persoane, 51042
Total, Total, Ialomita, Anul 2005, Numar persoane, 50623
Total, Total, Ialomita, Anul 2006, Numar persoane, 48987
Total, Total, Ialomita, Anul 2007, Numar persoane, 48195
Total, Total, Ialomita, Anul 2008, Numar persoane, 46859
Total, Total, Ialomita, Anul 2009, Numar persoane, 46334
Total, Total, Ialomita, Anul 2010, Numar persoane, 45350
Total, Total, Ialomita, Anul 2011, Numar persoane, 44413
Total, Total, Ialomita, Anul 2012, Numar persoane, 43860
Total, Total, Ialomita, Anul 2013, Numar persoane, 42581
Total, Total, Ialomita, Anul 2014, Numar persoane, 41429
Total, Total, Ialomita, Anul 2015, Numar persoane, 39993
Total, Total, Ialomita, Anul 2016, Numar persoane, 39221
Total, Total, Ialomita, Anul 2017, Numar persoane, 38292
Total, Total, Prahova, Anul 1995, Numar persoane, 162595
Total, Total, Prahova, Anul 1996, Numar persoane, 158953
Total, Total, Prahova, Anul 1997, Numar persoane, 154980
Total, Total, Prahova, Anul 1998, Numar persoane, 153432
Total, Total, Prahova, Anul 1999, Numar persoane, 150548
Total, Total, Prahova, Anul 2000, Numar persoane, 148776
Total, Total, Prahova, Anul 2001, Numar persoane, 147110
Total, Total, Prahova, Anul 2002, Numar persoane, 145991
Total, Total, Prahova, Anul 2003, Numar persoane, 145962
Total, Total, Prahova, Anul 2004, Numar persoane, 143080
Total, Total, Prahova, Anul 2005, Numar persoane, 140275
Total, Total, Prahova, Anul 2006, Numar persoane, 136528
Total, Total, Prahova, Anul 2007, Numar persoane, 134575
Total, Total, Prahova, Anul 2008, Numar persoane, 130618
Total, Total, Prahova, Anul 2009, Numar persoane, 130718
Total, Total, Prahova, Anul 2010, Numar persoane, 129401
Total, Total, Prahova, Anul 2011, Numar persoane, 127068
Total, Total, Prahova, Anul 2012, Numar persoane, 126581
Total, Total, Prahova, Anul 2013, Numar persoane, 123518
Total, Total, Prahova, Anul 2014, Numar persoane, 124200
Total, Total, Prahova, Anul 2015, Numar persoane, 120029
Total, Total, Prahova, Anul 2016, Numar persoane, 117165
Total, Total, Prahova, Anul 2017, Numar persoane, 115145
Total, Total, Teleorman, Anul 1995, Numar persoane, 74789
Total, Total, Teleorman, Anul 1996, Numar persoane, 74364
Total, Total, Teleorman, Anul 1997, Numar persoane, 74267
Total, Total, Teleorman, Anul 1998, Numar persoane, 73757
Total, Total, Teleorman, Anul 1999, Numar persoane, 72134
Total, Total, Teleorman, Anul 2000, Numar persoane, 71271
Total, Total, Teleorman, Anul 2001, Numar persoane, 70750
Total, Total, Teleorman, Anul 2002, Numar persoane, 70716
Total, Total, Teleorman, Anul 2003, Numar persoane, 70933
Total, Total, Teleorman, Anul 2004, Numar persoane, 68851
Total, Total, Teleorman, Anul 2005, Numar persoane, 65840
Total, Total, Teleorman, Anul 2006, Numar persoane, 62905
Total, Total, Teleorman, Anul 2007, Numar persoane, 61225
Total, Total, Teleorman, Anul 2008, Numar persoane, 58407
Total, Total, Teleorman, Anul 2009, Numar persoane, 56899
Total, Total, Teleorman, Anul 2010, Numar persoane, 56011
Total, Total, Teleorman, Anul 2011, Numar persoane, 54472
Total, Total, Teleorman, Anul 2012, Numar persoane, 53533
Total, Total, Teleorman, Anul 2013, Numar persoane, 51892
Total, Total, Teleorman, Anul 2014, Numar persoane, 51345
Total, Total, Teleorman, Anul 2015, Numar persoane, 49488
Total, Total, Teleorman, Anul 2016, Numar persoane, 47576
Total, Total, Teleorman, Anul 2017, Numar persoane, 46057
Total, Total, Regiunea BUCURESTI - ILFOV, Anul 1995, Numar persoane, 561994
Total, Total, Regiunea BUCURESTI - ILFOV, Anul 1996, Numar persoane, 552271
Total, Total, Regiunea BUCURESTI - ILFOV, Anul 1997, Numar persoane, 546087
Total, Total, Regiunea BUCURESTI - ILFOV, Anul 1998, Numar persoane, 541417
Total, Total, Regiunea BUCURESTI - ILFOV, Anul 1999, Numar persoane, 528950
Total, Total, Regiunea BUCURESTI - ILFOV, Anul 2000, Numar persoane, 530896
Total, Total, Regiunea BUCURESTI - ILFOV, Anul 2001, Numar persoane, 531079
Total, Total, Regiunea BUCURESTI - ILFOV, Anul 2002, Numar persoane, 522923
Total, Total, Regiunea BUCURESTI - ILFOV, Anul 2003, Numar persoane, 527185
Total, Total, Regiunea BUCURESTI - ILFOV, Anul 2004, Numar persoane, 534689
Total, Total, Regiunea BUCURESTI - ILFOV, Anul 2005, Numar persoane, 563246
Total, Total, Regiunea BUCURESTI - ILFOV, Anul 2006, Numar persoane, 607157
Total, Total, Regiunea BUCURESTI - ILFOV, Anul 2007, Numar persoane, 689771
Total, Total, Regiunea BUCURESTI - ILFOV, Anul 2008, Numar persoane, 683636
Total, Total, Regiunea BUCURESTI - ILFOV, Anul 2009, Numar persoane, 579078
Total, Total, Regiunea BUCURESTI - ILFOV, Anul 2010, Numar persoane, 517754
Total, Total, Regiunea BUCURESTI - ILFOV, Anul 2011, Numar persoane, 463699
Total, Total, Regiunea BUCURESTI - ILFOV, Anul 2012, Numar persoane, 444778
Total, Total, Regiunea BUCURESTI - ILFOV, Anul 2013, Numar persoane, 437965
Total, Total, Regiunea BUCURESTI - ILFOV, Anul 2014, Numar persoane, 486264
Total, Total, Regiunea BUCURESTI - ILFOV, Anul 2015, Numar persoane, 484788
Total, Total, Regiunea BUCURESTI - ILFOV, Anul 2016, Numar persoane, 491676
Total, Total, Regiunea BUCURESTI - ILFOV, Anul 2017, Numar persoane, 506791
Total, Total, Ilfov, Anul 1996, Numar persoane, 42315
Total, Total, Ilfov, Anul 1997, Numar persoane, 43246
Total, Total, Ilfov, Anul 1998, Numar persoane, 42413
Total, Total, Ilfov, Anul 1999, Numar persoane, 42061
Total, Total, Ilfov, Anul 2000, Numar persoane, 42064
Total, Total, Ilfov, Anul 2001, Numar persoane, 41289
Total, Total, Ilfov, Anul 2002, Numar persoane, 40931
Total, Total, Ilfov, Anul 2003, Numar persoane, 40975
Total, Total, Ilfov, Anul 2004, Numar persoane, 40760
Total, Total, Ilfov, Anul 2005, Numar persoane, 40121
Total, Total, Ilfov, Anul 2006, Numar persoane, 39703
Total, Total, Ilfov, Anul 2007, Numar persoane, 40129
Total, Total, Ilfov, Anul 2008, Numar persoane, 41462
Total, Total, Ilfov, Anul 2009, Numar persoane, 41636
Total, Total, Ilfov, Anul 2010, Numar persoane, 42548
Total, Total, Ilfov, Anul 2011, Numar persoane, 43138
Total, Total, Ilfov, Anul 2012, Numar persoane, 45060
Total, Total, Ilfov, Anul 2013, Numar persoane, 47581
Total, Total, Ilfov, Anul 2014, Numar persoane, 48934
Total, Total, Ilfov, Anul 2015, Numar persoane, 48103
Total, Total, Ilfov, Anul 2016, Numar persoane, 49317
Total, Total, Ilfov, Anul 2017, Numar persoane, 50465
Total, Total, Municipiul Bucuresti, Anul 1996, Numar persoane, 509956
Total, Total, Municipiul Bucuresti, Anul 1997, Numar persoane, 502841
Total, Total, Municipiul Bucuresti, Anul 1998, Numar persoane, 499004
Total, Total, Municipiul Bucuresti, Anul 1999, Numar persoane, 486889
Total, Total, Municipiul Bucuresti, Anul 2000, Numar persoane, 488832
Total, Total, Municipiul Bucuresti, Anul 2001, Numar persoane, 489790
Total, Total, Municipiul Bucuresti, Anul 2002, Numar persoane, 481992
Total, Total, Municipiul Bucuresti, Anul 2003, Numar persoane, 486210
Total, Total, Municipiul Bucuresti, Anul 2004, Numar persoane, 493929
Total, Total, Municipiul Bucuresti, Anul 2005, Numar persoane, 523125
Total, Total, Municipiul Bucuresti, Anul 2006, Numar persoane, 567454
Total, Total, Municipiul Bucuresti, Anul 2007, Numar persoane, 649642
Total, Total, Municipiul Bucuresti, Anul 2008, Numar persoane, 642174
Total, Total, Municipiul Bucuresti, Anul 2009, Numar persoane, 537442
Total, Total, Municipiul Bucuresti, Anul 2010, Numar persoane, 475206
Total, Total, Municipiul Bucuresti, Anul 2011, Numar persoane, 420561
Total, Total, Municipiul Bucuresti, Anul 2012, Numar persoane, 399718
Total, Total, Municipiul Bucuresti, Anul 2013, Numar persoane, 390384
Total, Total, Municipiul Bucuresti, Anul 2014, Numar persoane, 437330
Total, Total, Municipiul Bucuresti, Anul 2015, Numar persoane, 436685
Total, Total, Municipiul Bucuresti, Anul 2016, Numar persoane, 442359
Total, Total, Municipiul Bucuresti, Anul 2017, Numar persoane, 456326
Total, Total, Mun. Bucuresti -incl. SAI, Anul 1995, Numar persoane, 561994
Total, Total, MACROREGIUNEA PATRU, Anul 1995, Numar persoane, 894485
Total, Total, MACROREGIUNEA PATRU, Anul 1996, Numar persoane, 899080
Total, Total, MACROREGIUNEA PATRU, Anul 1997, Numar persoane, 896107
Total, Total, MACROREGIUNEA PATRU, Anul 1998, Numar persoane, 895353
Total, Total, MACROREGIUNEA PATRU, Anul 1999, Numar persoane, 887250
Total, Total, MACROREGIUNEA PATRU, Anul 2000, Numar persoane, 887681
Total, Total, MACROREGIUNEA PATRU, Anul 2001, Numar persoane, 889282
Total, Total, MACROREGIUNEA PATRU, Anul 2002, Numar persoane, 881462
Total, Total, MACROREGIUNEA PATRU, Anul 2003, Numar persoane, 873110
Total, Total, MACROREGIUNEA PATRU, Anul 2004, Numar persoane, 856865
Total, Total, MACROREGIUNEA PATRU, Anul 2005, Numar persoane, 842398
Total, Total, MACROREGIUNEA PATRU, Anul 2006, Numar persoane, 833009
Total, Total, MACROREGIUNEA PATRU, Anul 2007, Numar persoane, 828946
Total, Total, MACROREGIUNEA PATRU, Anul 2008, Numar persoane, 807395
Total, Total, MACROREGIUNEA PATRU, Anul 2009, Numar persoane, 791905
Total, Total, MACROREGIUNEA PATRU, Anul 2010, Numar persoane, 772135
Total, Total, MACROREGIUNEA PATRU, Anul 2011, Numar persoane, 729265
Total, Total, MACROREGIUNEA PATRU, Anul 2012, Numar persoane, 709293
Total, Total, MACROREGIUNEA PATRU, Anul 2013, Numar persoane, 689508
Total, Total, MACROREGIUNEA PATRU, Anul 2014, Numar persoane, 692272
Total, Total, MACROREGIUNEA PATRU, Anul 2015, Numar persoane, 667803
Total, Total, MACROREGIUNEA PATRU, Anul 2016, Numar persoane, 651251
Total, Total, MACROREGIUNEA PATRU, Anul 2017, Numar persoane, 643589
Total, Total, Regiunea SUD-VEST OLTENIA, Anul 1995, Numar persoane, 476193
Total, Total, Regiunea SUD-VEST OLTENIA, Anul 1996, Numar persoane, 478181
Total, Total, Regiunea SUD-VEST OLTENIA, Anul 1997, Numar persoane, 473088
Total, Total, Regiunea SUD-VEST OLTENIA, Anul 1998, Numar persoane, 471370
Total, Total, Regiunea SUD-VEST OLTENIA, Anul 1999, Numar persoane, 465972
Total, Total, Regiunea SUD-VEST OLTENIA, Anul 2000, Numar persoane, 468564
Total, Total, Regiunea SUD-VEST OLTENIA, Anul 2001, Numar persoane, 471911
Total, Total, Regiunea SUD-VEST OLTENIA, Anul 2002, Numar persoane, 465949
Total, Total, Regiunea SUD-VEST OLTENIA, Anul 2003, Numar persoane, 461816
Total, Total, Regiunea SUD-VEST OLTENIA, Anul 2004, Numar persoane, 452674
Total, Total, Regiunea SUD-VEST OLTENIA, Anul 2005, Numar persoane, 444295
Total, Total, Regiunea SUD-VEST OLTENIA, Anul 2006, Numar persoane, 436623
Total, Total, Regiunea SUD-VEST OLTENIA, Anul 2007, Numar persoane, 434072
Total, Total, Regiunea SUD-VEST OLTENIA, Anul 2008, Numar persoane, 424471
Total, Total, Regiunea SUD-VEST OLTENIA, Anul 2009, Numar persoane, 417732
Total, Total, Regiunea SUD-VEST OLTENIA, Anul 2010, Numar persoane, 402670
Total, Total, Regiunea SUD-VEST OLTENIA, Anul 2011, Numar persoane, 381465
Total, Total, Regiunea SUD-VEST OLTENIA, Anul 2012, Numar persoane, 371148
Total, Total, Regiunea SUD-VEST OLTENIA, Anul 2013, Numar persoane, 361387
Total, Total, Regiunea SUD-VEST OLTENIA, Anul 2014, Numar persoane, 358756
Total, Total, Regiunea SUD-VEST OLTENIA, Anul 2015, Numar persoane, 343578
Total, Total, Regiunea SUD-VEST OLTENIA, Anul 2016, Numar persoane, 335538
Total, Total, Regiunea SUD-VEST OLTENIA, Anul 2017, Numar persoane, 329735
Total, Total, Dolj, Anul 1995, Numar persoane, 150464
Total, Total, Dolj, Anul 1996, Numar persoane, 151585
Total, Total, Dolj, Anul 1997, Numar persoane, 151075
Total, Total, Dolj, Anul 1998, Numar persoane, 151103
Total, Total, Dolj, Anul 1999, Numar persoane, 150931
Total, Total, Dolj, Anul 2000, Numar persoane, 152742
Total, Total, Dolj, Anul 2001, Numar persoane, 154299
Total, Total, Dolj, Anul 2002, Numar persoane, 152429
Total, Total, Dolj, Anul 2003, Numar persoane, 151949
Total, Total, Dolj, Anul 2004, Numar persoane, 149611
Total, Total, Dolj, Anul 2005, Numar persoane, 148606
Total, Total, Dolj, Anul 2006, Numar persoane, 147728
Total, Total, Dolj, Anul 2007, Numar persoane, 150241
Total, Total, Dolj, Anul 2008, Numar persoane, 147556
Total, Total, Dolj, Anul 2009, Numar persoane, 144325
Total, Total, Dolj, Anul 2010, Numar persoane, 136748
Total, Total, Dolj, Anul 2011, Numar persoane, 126783
Total, Total, Dolj, Anul 2012, Numar persoane, 123062
Total, Total, Dolj, Anul 2013, Numar persoane, 120155
Total, Total, Dolj, Anul 2014, Numar persoane, 122989
Total, Total, Dolj, Anul 2015, Numar persoane, 119108
Total, Total, Dolj, Anul 2016, Numar persoane, 117554
Total, Total, Dolj, Anul 2017, Numar persoane, 116851
Total, Total, Gorj, Anul 1995, Numar persoane, 85013
Total, Total, Gorj, Anul 1996, Numar persoane, 86166
Total, Total, Gorj, Anul 1997, Numar persoane, 84415
Total, Total, Gorj, Anul 1998, Numar persoane, 83227
Total, Total, Gorj, Anul 1999, Numar persoane, 82671
Total, Total, Gorj, Anul 2000, Numar persoane, 84837
Total, Total, Gorj, Anul 2001, Numar persoane, 86710
Total, Total, Gorj, Anul 2002, Numar persoane, 85651
Total, Total, Gorj, Anul 2003, Numar persoane, 85030
Total, Total, Gorj, Anul 2004, Numar persoane, 83821
Total, Total, Gorj, Anul 2005, Numar persoane, 82872
Total, Total, Gorj, Anul 2006, Numar persoane, 81282
Total, Total, Gorj, Anul 2007, Numar persoane, 81101
Total, Total, Gorj, Anul 2008, Numar persoane, 78816
Total, Total, Gorj, Anul 2009, Numar persoane, 76960
Total, Total, Gorj, Anul 2010, Numar persoane, 74595
Total, Total, Gorj, Anul 2011, Numar persoane, 71358
Total, Total, Gorj, Anul 2012, Numar persoane, 68792
Total, Total, Gorj, Anul 2013, Numar persoane, 66728
Total, Total, Gorj, Anul 2014, Numar persoane, 64481
Total, Total, Gorj, Anul 2015, Numar persoane, 61182
Total, Total, Gorj, Anul 2016, Numar persoane, 58726
Total, Total, Gorj, Anul 2017, Numar persoane, 56874
Total, Total, Mehedinti, Anul 1995, Numar persoane, 58741
Total, Total, Mehedinti, Anul 1996, Numar persoane, 59030
Total, Total, Mehedinti, Anul 1997, Numar persoane, 59301
Total, Total, Mehedinti, Anul 1998, Numar persoane, 59329
Total, Total, Mehedinti, Anul 1999, Numar persoane, 58480
Total, Total, Mehedinti, Anul 2000, Numar persoane, 59141
Total, Total, Mehedinti, Anul 2001, Numar persoane, 59708
Total, Total, Mehedinti, Anul 2002, Numar persoane, 59470
Total, Total, Mehedinti, Anul 2003, Numar persoane, 58230
Total, Total, Mehedinti, Anul 2004, Numar persoane, 56474
Total, Total, Mehedinti, Anul 2005, Numar persoane, 55597
Total, Total, Mehedinti, Anul 2006, Numar persoane, 54477
Total, Total, Mehedinti, Anul 2007, Numar persoane, 53314
Total, Total, Mehedinti, Anul 2008, Numar persoane, 52050
Total, Total, Mehedinti, Anul 2009, Numar persoane, 50675
Total, Total, Mehedinti, Anul 2010, Numar persoane, 49171
Total, Total, Mehedinti, Anul 2011, Numar persoane, 46812
Total, Total, Mehedinti, Anul 2012, Numar persoane, 46057
Total, Total, Mehedinti, Anul 2013, Numar persoane, 44224
Total, Total, Mehedinti, Anul 2014, Numar persoane, 43552
Total, Total, Mehedinti, Anul 2015, Numar persoane, 40905
Total, Total, Mehedinti, Anul 2016, Numar persoane, 40206
Total, Total, Mehedinti, Anul 2017, Numar persoane, 39343
Total, Total, Olt, Anul 1995, Numar persoane, 95867
Total, Total, Olt, Anul 1996, Numar persoane, 96996
Total, Total, Olt, Anul 1997, Numar persoane, 96239
Total, Total, Olt, Anul 1998, Numar persoane, 95301
Total, Total, Olt, Anul 1999, Numar persoane, 93243
Total, Total, Olt, Anul 2000, Numar persoane, 91460
Total, Total, Olt, Anul 2001, Numar persoane, 89645
Total, Total, Olt, Anul 2002, Numar persoane, 88316
Total, Total, Olt, Anul 2003, Numar persoane, 87922
Total, Total, Olt, Anul 2004, Numar persoane, 85738
Total, Total, Olt, Anul 2005, Numar persoane, 82809
Total, Total, Olt, Anul 2006, Numar persoane, 79924
Total, Total, Olt, Anul 2007, Numar persoane, 78303
Total, Total, Olt, Anul 2008, Numar persoane, 75988
Total, Total, Olt, Anul 2009, Numar persoane, 74625
Total, Total, Olt, Anul 2010, Numar persoane, 73991
Total, Total, Olt, Anul 2011, Numar persoane, 72638
Total, Total, Olt, Anul 2012, Numar persoane, 71669
Total, Total, Olt, Anul 2013, Numar persoane, 68989
Total, Total, Olt, Anul 2014, Numar persoane, 68048
Total, Total, Olt, Anul 2015, Numar persoane, 65478
Total, Total, Olt, Anul 2016, Numar persoane, 63521
Total, Total, Olt, Anul 2017, Numar persoane, 62176
Total, Total, Valcea, Anul 1995, Numar persoane, 86108
Total, Total, Valcea, Anul 1996, Numar persoane, 84404
Total, Total, Valcea, Anul 1997, Numar persoane, 82058
Total, Total, Valcea, Anul 1998, Numar persoane, 82410
Total, Total, Valcea, Anul 1999, Numar persoane, 80647
Total, Total, Valcea, Anul 2000, Numar persoane, 80384
Total, Total, Valcea, Anul 2001, Numar persoane, 81549
Total, Total, Valcea, Anul 2002, Numar persoane, 80083
Total, Total, Valcea, Anul 2003, Numar persoane, 78685
Total, Total, Valcea, Anul 2004, Numar persoane, 77030
Total, Total, Valcea, Anul 2005, Numar persoane, 74411
Total, Total, Valcea, Anul 2006, Numar persoane, 73212
Total, Total, Valcea, Anul 2007, Numar persoane, 71113
Total, Total, Valcea, Anul 2008, Numar persoane, 70061
Total, Total, Valcea, Anul 2009, Numar persoane, 71147
Total, Total, Valcea, Anul 2010, Numar persoane, 68165
Total, Total, Valcea, Anul 2011, Numar persoane, 63874
Total, Total, Valcea, Anul 2012, Numar persoane, 61568
Total, Total, Valcea, Anul 2013, Numar persoane, 61291
Total, Total, Valcea, Anul 2014, Numar persoane, 59686
Total, Total, Valcea, Anul 2015, Numar persoane, 56905
Total, Total, Valcea, Anul 2016, Numar persoane, 55531
Total, Total, Valcea, Anul 2017, Numar persoane, 54491
Total, Total, Regiunea VEST, Anul 1995, Numar persoane, 418292
Total, Total, Regiunea VEST, Anul 1996, Numar persoane, 420899
Total, Total, Regiunea VEST, Anul 1997, Numar persoane, 423019
Total, Total, Regiunea VEST, Anul 1998, Numar persoane, 423983
Total, Total, Regiunea VEST, Anul 1999, Numar persoane, 421278
Total, Total, Regiunea VEST, Anul 2000, Numar persoane, 419117
Total, Total, Regiunea VEST, Anul 2001, Numar persoane, 417371
Total, Total, Regiunea VEST, Anul 2002, Numar persoane, 415513
Total, Total, Regiunea VEST, Anul 2003, Numar persoane, 411294
Total, Total, Regiunea VEST, Anul 2004, Numar persoane, 404191
Total, Total, Regiunea VEST, Anul 2005, Numar persoane, 398103
Total, Total, Regiunea VEST, Anul 2006, Numar persoane, 396386
Total, Total, Regiunea VEST, Anul 2007, Numar persoane, 394874
Total, Total, Regiunea VEST, Anul 2008, Numar persoane, 382924
Total, Total, Regiunea VEST, Anul 2009, Numar persoane, 374173
Total, Total, Regiunea VEST, Anul 2010, Numar persoane, 369465
Total, Total, Regiunea VEST, Anul 2011, Numar persoane, 347800
Total, Total, Regiunea VEST, Anul 2012, Numar persoane, 338145
Total, Total, Regiunea VEST, Anul 2013, Numar persoane, 328121
Total, Total, Regiunea VEST, Anul 2014, Numar persoane, 333516
Total, Total, Regiunea VEST, Anul 2015, Numar persoane, 324225
Total, Total, Regiunea VEST, Anul 2016, Numar persoane, 315713
Total, Total, Regiunea VEST, Anul 2017, Numar persoane, 313854
Total, Total, Arad, Anul 1995, Numar persoane, 87850
Total, Total, Arad, Anul 1996, Numar persoane, 89044
Total, Total, Arad, Anul 1997, Numar persoane, 90338
Total, Total, Arad, Anul 1998, Numar persoane, 90169
Total, Total, Arad, Anul 1999, Numar persoane, 88761
Total, Total, Arad, Anul 2000, Numar persoane, 88394
Total, Total, Arad, Anul 2001, Numar persoane, 87821
Total, Total, Arad, Anul 2002, Numar persoane, 91538
Total, Total, Arad, Anul 2003, Numar persoane, 91686
Total, Total, Arad, Anul 2004, Numar persoane, 92042
Total, Total, Arad, Anul 2005, Numar persoane, 91550
Total, Total, Arad, Anul 2006, Numar persoane, 94812
Total, Total, Arad, Anul 2007, Numar persoane, 95055
Total, Total, Arad, Anul 2008, Numar persoane, 91200
Total, Total, Arad, Anul 2009, Numar persoane, 90800
Total, Total, Arad, Anul 2010, Numar persoane, 94086
Total, Total, Arad, Anul 2011, Numar persoane, 86435
Total, Total, Arad, Anul 2012, Numar persoane, 84478
Total, Total, Arad, Anul 2013, Numar persoane, 79515
Total, Total, Arad, Anul 2014, Numar persoane, 77880
Total, Total, Arad, Anul 2015, Numar persoane, 75391
Total, Total, Arad, Anul 2016, Numar persoane, 72649
Total, Total, Arad, Anul 2017, Numar persoane, 71808
Total, Total, Caras-Severin, Anul 1995, Numar persoane, 69314
Total, Total, Caras-Severin, Anul 1996, Numar persoane, 70444
Total, Total, Caras-Severin, Anul 1997, Numar persoane, 70195
Total, Total, Caras-Severin, Anul 1998, Numar persoane, 69999
Total, Total, Caras-Severin, Anul 1999, Numar persoane, 68985
Total, Total, Caras-Severin, Anul 2000, Numar persoane, 67046
Total, Total, Caras-Severin, Anul 2001, Numar persoane, 65611
Total, Total, Caras-Severin, Anul 2002, Numar persoane, 63718
Total, Total, Caras-Severin, Anul 2003, Numar persoane, 61990
Total, Total, Caras-Severin, Anul 2004, Numar persoane, 59998
Total, Total, Caras-Severin, Anul 2005, Numar persoane, 58536
Total, Total, Caras-Severin, Anul 2006, Numar persoane, 57321
Total, Total, Caras-Severin, Anul 2007, Numar persoane, 56539
Total, Total, Caras-Severin, Anul 2008, Numar persoane, 55402
Total, Total, Caras-Severin, Anul 2009, Numar persoane, 54334
Total, Total, Caras-Severin, Anul 2010, Numar persoane, 52949
Total, Total, Caras-Severin, Anul 2011, Numar persoane, 50062
Total, Total, Caras-Severin, Anul 2012, Numar persoane, 47864
Total, Total, Caras-Severin, Anul 2013, Numar persoane, 46570
Total, Total, Caras-Severin, Anul 2014, Numar persoane, 46127
Total, Total, Caras-Severin, Anul 2015, Numar persoane, 44119
Total, Total, Caras-Severin, Anul 2016, Numar persoane, 41916
Total, Total, Caras-Severin, Anul 2017, Numar persoane, 40868
Total, Total, Hunedoara, Anul 1995, Numar persoane, 105477
Total, Total, Hunedoara, Anul 1996, Numar persoane, 104755
Total, Total, Hunedoara, Anul 1997, Numar persoane, 102914
Total, Total, Hunedoara, Anul 1998, Numar persoane, 101400
Total, Total, Hunedoara, Anul 1999, Numar persoane, 100254
Total, Total, Hunedoara, Anul 2000, Numar persoane, 98619
Total, Total, Hunedoara, Anul 2001, Numar persoane, 99578
Total, Total, Hunedoara, Anul 2002, Numar persoane, 97529
Total, Total, Hunedoara, Anul 2003, Numar persoane, 95661
Total, Total, Hunedoara, Anul 2004, Numar persoane, 91754
Total, Total, Hunedoara, Anul 2005, Numar persoane, 89659
Total, Total, Hunedoara, Anul 2006, Numar persoane, 85415
Total, Total, Hunedoara, Anul 2007, Numar persoane, 83760
Total, Total, Hunedoara, Anul 2008, Numar persoane, 81732
Total, Total, Hunedoara, Anul 2009, Numar persoane, 79714
Total, Total, Hunedoara, Anul 2010, Numar persoane, 78899
Total, Total, Hunedoara, Anul 2011, Numar persoane, 73898
Total, Total, Hunedoara, Anul 2012, Numar persoane, 71697
Total, Total, Hunedoara, Anul 2013, Numar persoane, 69749
Total, Total, Hunedoara, Anul 2014, Numar persoane, 69078
Total, Total, Hunedoara, Anul 2015, Numar persoane, 66495
Total, Total, Hunedoara, Anul 2016, Numar persoane, 63430
Total, Total, Hunedoara, Anul 2017, Numar persoane, 62070
Total, Total, Timis, Anul 1995, Numar persoane, 155651
Total, Total, Timis, Anul 1996, Numar persoane, 156656
Total, Total, Timis, Anul 1997, Numar persoane, 159572
Total, Total, Timis, Anul 1998, Numar persoane, 162415
Total, Total, Timis, Anul 1999, Numar persoane, 163278
Total, Total, Timis, Anul 2000, Numar persoane, 165058
Total, Total, Timis, Anul 2001, Numar persoane, 164361
Total, Total, Timis, Anul 2002, Numar persoane, 162728
Total, Total, Timis, Anul 2003, Numar persoane, 161957
Total, Total, Timis, Anul 2004, Numar persoane, 160397
Total, Total, Timis, Anul 2005, Numar persoane, 158358
Total, Total, Timis, Anul 2006, Numar persoane, 158838
Total, Total, Timis, Anul 2007, Numar persoane, 159520
Total, Total, Timis, Anul 2008, Numar persoane, 154590
Total, Total, Timis, Anul 2009, Numar persoane, 149325
Total, Total, Timis, Anul 2010, Numar persoane, 143531
Total, Total, Timis, Anul 2011, Numar persoane, 137405
Total, Total, Timis, Anul 2012, Numar persoane, 134106
Total, Total, Timis, Anul 2013, Numar persoane, 132287
Total, Total, Timis, Anul 2014, Numar persoane, 140431
Total, Total, Timis, Anul 2015, Numar persoane, 138220
Total, Total, Timis, Anul 2016, Numar persoane, 137718
Total, Total, Timis, Anul 2017, Numar persoane, 139108
