Macroregiuni  regiuni de dezvoltare si judete, Ani, UM: Numar de persoane condamnate definitiv la 100000 locuitori, Valoare
TOTAL, Anul 1990, Numar, 160
TOTAL, Anul 1991, Numar, 263
TOTAL, Anul 1992, Numar, 303
TOTAL, Anul 1993, Numar, 366
TOTAL, Anul 1994, Numar, 421
TOTAL, Anul 1995, Numar, 448
TOTAL, Anul 1996, Numar, 460
TOTAL, Anul 1997, Numar, 496
TOTAL, Anul 1998, Numar, 472
TOTAL, Anul 1999, Numar, 390
TOTAL, Anul 2000, Numar, 336
TOTAL, Anul 2001, Numar, 370
TOTAL, Anul 2002, Numar, 375
TOTAL, Anul 2003, Numar, 353
TOTAL, Anul 2004, Numar, 320
TOTAL, Anul 2005, Numar, 304
TOTAL, Anul 2006, Numar, 263
TOTAL, Anul 2007, Numar, 214
TOTAL, Anul 2008, Numar, 171
TOTAL, Anul 2009, Numar, 159
TOTAL, Anul 2010, Numar, 195
TOTAL, Anul 2011, Numar, 223
TOTAL, Anul 2012, Numar, 245
TOTAL, Anul 2013, Numar, 236
TOTAL, Anul 2014, Numar, 205
TOTAL, Anul 2015, Numar, 213
TOTAL, Anul 2016, Numar, 166
MACROREGIUNEA UNU, Anul 1990, Numar, 138
MACROREGIUNEA UNU, Anul 1991, Numar, 242
MACROREGIUNEA UNU, Anul 1992, Numar, 267
MACROREGIUNEA UNU, Anul 1993, Numar, 396
MACROREGIUNEA UNU, Anul 1994, Numar, 435
MACROREGIUNEA UNU, Anul 1995, Numar, 451
MACROREGIUNEA UNU, Anul 1996, Numar, 437
MACROREGIUNEA UNU, Anul 1997, Numar, 452
MACROREGIUNEA UNU, Anul 1998, Numar, 463
MACROREGIUNEA UNU, Anul 1999, Numar, 403
MACROREGIUNEA UNU, Anul 2000, Numar, 339
MACROREGIUNEA UNU, Anul 2001, Numar, 344
MACROREGIUNEA UNU, Anul 2002, Numar, 337
MACROREGIUNEA UNU, Anul 2003, Numar, 327
MACROREGIUNEA UNU, Anul 2004, Numar, 321
MACROREGIUNEA UNU, Anul 2005, Numar, 300
MACROREGIUNEA UNU, Anul 2006, Numar, 258
MACROREGIUNEA UNU, Anul 2007, Numar, 213
MACROREGIUNEA UNU, Anul 2008, Numar, 183
MACROREGIUNEA UNU, Anul 2009, Numar, 171
MACROREGIUNEA UNU, Anul 2010, Numar, 217
MACROREGIUNEA UNU, Anul 2011, Numar, 257
MACROREGIUNEA UNU, Anul 2012, Numar, 279
MACROREGIUNEA UNU, Anul 2013, Numar, 264
MACROREGIUNEA UNU, Anul 2014, Numar, 229
MACROREGIUNEA UNU, Anul 2015, Numar, 227
MACROREGIUNEA UNU, Anul 2016, Numar, 166
Regiunea NORD-VEST, Anul 1990, Numar, 144
Regiunea NORD-VEST, Anul 1991, Numar, 240
Regiunea NORD-VEST, Anul 1992, Numar, 274
Regiunea NORD-VEST, Anul 1993, Numar, 431
Regiunea NORD-VEST, Anul 1994, Numar, 429
Regiunea NORD-VEST, Anul 1995, Numar, 463
Regiunea NORD-VEST, Anul 1996, Numar, 443
Regiunea NORD-VEST, Anul 1997, Numar, 465
Regiunea NORD-VEST, Anul 1998, Numar, 492
Regiunea NORD-VEST, Anul 1999, Numar, 433
Regiunea NORD-VEST, Anul 2000, Numar, 354
Regiunea NORD-VEST, Anul 2001, Numar, 367
Regiunea NORD-VEST, Anul 2002, Numar, 367
Regiunea NORD-VEST, Anul 2003, Numar, 346
Regiunea NORD-VEST, Anul 2004, Numar, 395
Regiunea NORD-VEST, Anul 2005, Numar, 354
Regiunea NORD-VEST, Anul 2006, Numar, 270
Regiunea NORD-VEST, Anul 2007, Numar, 228
Regiunea NORD-VEST, Anul 2008, Numar, 191
Regiunea NORD-VEST, Anul 2009, Numar, 167
Regiunea NORD-VEST, Anul 2010, Numar, 213
Regiunea NORD-VEST, Anul 2011, Numar, 247
Regiunea NORD-VEST, Anul 2012, Numar, 290
Regiunea NORD-VEST, Anul 2013, Numar, 268
Regiunea NORD-VEST, Anul 2014, Numar, 232
Regiunea NORD-VEST, Anul 2015, Numar, 244
Regiunea NORD-VEST, Anul 2016, Numar, 171
Bihor, Anul 1990, Numar, 134
Bihor, Anul 1991, Numar, 192
Bihor, Anul 1992, Numar, 196
Bihor, Anul 1993, Numar, 283
Bihor, Anul 1994, Numar, 357
Bihor, Anul 1995, Numar, 417
Bihor, Anul 1996, Numar, 457
Bihor, Anul 1997, Numar, 486
Bihor, Anul 1998, Numar, 495
Bihor, Anul 1999, Numar, 545
Bihor, Anul 2000, Numar, 404
Bihor, Anul 2001, Numar, 439
Bihor, Anul 2002, Numar, 454
Bihor, Anul 2003, Numar, 452
Bihor, Anul 2004, Numar, 743
Bihor, Anul 2005, Numar, 575
Bihor, Anul 2006, Numar, 279
Bihor, Anul 2007, Numar, 153
Bihor, Anul 2008, Numar, 149
Bihor, Anul 2009, Numar, 129
Bihor, Anul 2010, Numar, 208
Bihor, Anul 2011, Numar, 230
Bihor, Anul 2012, Numar, 271
Bihor, Anul 2013, Numar, 215
Bihor, Anul 2014, Numar, 187
Bihor, Anul 2015, Numar, 278
Bihor, Anul 2016, Numar, 166
Bistrita-Nasaud, Anul 1990, Numar, 152
Bistrita-Nasaud, Anul 1991, Numar, 290
Bistrita-Nasaud, Anul 1992, Numar, 211
Bistrita-Nasaud, Anul 1993, Numar, 528
Bistrita-Nasaud, Anul 1994, Numar, 457
Bistrita-Nasaud, Anul 1995, Numar, 496
Bistrita-Nasaud, Anul 1996, Numar, 415
Bistrita-Nasaud, Anul 1997, Numar, 458
Bistrita-Nasaud, Anul 1998, Numar, 425
Bistrita-Nasaud, Anul 1999, Numar, 377
Bistrita-Nasaud, Anul 2000, Numar, 329
Bistrita-Nasaud, Anul 2001, Numar, 327
Bistrita-Nasaud, Anul 2002, Numar, 317
Bistrita-Nasaud, Anul 2003, Numar, 265
Bistrita-Nasaud, Anul 2004, Numar, 239
Bistrita-Nasaud, Anul 2005, Numar, 281
Bistrita-Nasaud, Anul 2006, Numar, 250
Bistrita-Nasaud, Anul 2007, Numar, 196
Bistrita-Nasaud, Anul 2008, Numar, 160
Bistrita-Nasaud, Anul 2009, Numar, 155
Bistrita-Nasaud, Anul 2010, Numar, 171
Bistrita-Nasaud, Anul 2011, Numar, 225
Bistrita-Nasaud, Anul 2012, Numar, 217
Bistrita-Nasaud, Anul 2013, Numar, 217
Bistrita-Nasaud, Anul 2014, Numar, 189
Bistrita-Nasaud, Anul 2015, Numar, 157
Bistrita-Nasaud, Anul 2016, Numar, 183
Cluj, Anul 1990, Numar, 152
Cluj, Anul 1991, Numar, 216
Cluj, Anul 1992, Numar, 226
Cluj, Anul 1993, Numar, 337
Cluj, Anul 1994, Numar, 347
Cluj, Anul 1995, Numar, 383
Cluj, Anul 1996, Numar, 377
Cluj, Anul 1997, Numar, 397
Cluj, Anul 1998, Numar, 429
Cluj, Anul 1999, Numar, 388
Cluj, Anul 2000, Numar, 316
Cluj, Anul 2001, Numar, 288
Cluj, Anul 2002, Numar, 291
Cluj, Anul 2003, Numar, 302
Cluj, Anul 2004, Numar, 288
Cluj, Anul 2005, Numar, 278
Cluj, Anul 2006, Numar, 268
Cluj, Anul 2007, Numar, 241
Cluj, Anul 2008, Numar, 214
Cluj, Anul 2009, Numar, 162
Cluj, Anul 2010, Numar, 192
Cluj, Anul 2011, Numar, 289
Cluj, Anul 2012, Numar, 298
Cluj, Anul 2013, Numar, 286
Cluj, Anul 2014, Numar, 247
Cluj, Anul 2015, Numar, 301
Cluj, Anul 2016, Numar, 136
Maramures, Anul 1990, Numar, 111
Maramures, Anul 1991, Numar, 209
Maramures, Anul 1992, Numar, 323
Maramures, Anul 1993, Numar, 397
Maramures, Anul 1994, Numar, 391
Maramures, Anul 1995, Numar, 488
Maramures, Anul 1996, Numar, 461
Maramures, Anul 1997, Numar, 453
Maramures, Anul 1998, Numar, 557
Maramures, Anul 1999, Numar, 479
Maramures, Anul 2000, Numar, 418
Maramures, Anul 2001, Numar, 433
Maramures, Anul 2002, Numar, 437
Maramures, Anul 2003, Numar, 334
Maramures, Anul 2004, Numar, 346
Maramures, Anul 2005, Numar, 367
Maramures, Anul 2006, Numar, 304
Maramures, Anul 2007, Numar, 300
Maramures, Anul 2008, Numar, 224
Maramures, Anul 2009, Numar, 207
Maramures, Anul 2010, Numar, 248
Maramures, Anul 2011, Numar, 295
Maramures, Anul 2012, Numar, 314
Maramures, Anul 2013, Numar, 344
Maramures, Anul 2014, Numar, 299
Maramures, Anul 2015, Numar, 219
Maramures, Anul 2016, Numar, 215
Satu Mare, Anul 1990, Numar, 181
Satu Mare, Anul 1991, Numar, 340
Satu Mare, Anul 1992, Numar, 450
Satu Mare, Anul 1993, Numar, 697
Satu Mare, Anul 1994, Numar, 651
Satu Mare, Anul 1995, Numar, 619
Satu Mare, Anul 1996, Numar, 565
Satu Mare, Anul 1997, Numar, 580
Satu Mare, Anul 1998, Numar, 558
Satu Mare, Anul 1999, Numar, 401
Satu Mare, Anul 2000, Numar, 384
Satu Mare, Anul 2001, Numar, 442
Satu Mare, Anul 2002, Numar, 408
Satu Mare, Anul 2003, Numar, 406
Satu Mare, Anul 2004, Numar, 317
Satu Mare, Anul 2005, Numar, 251
Satu Mare, Anul 2006, Numar, 267
Satu Mare, Anul 2007, Numar, 285
Satu Mare, Anul 2008, Numar, 226
Satu Mare, Anul 2009, Numar, 194
Satu Mare, Anul 2010, Numar, 239
Satu Mare, Anul 2011, Numar, 177
Satu Mare, Anul 2012, Numar, 296
Satu Mare, Anul 2013, Numar, 212
Satu Mare, Anul 2014, Numar, 184
Satu Mare, Anul 2015, Numar, 148
Satu Mare, Anul 2016, Numar, 188
Salaj, Anul 1990, Numar, 146
Salaj, Anul 1991, Numar, 276
Salaj, Anul 1992, Numar, 300
Salaj, Anul 1993, Numar, 594
Salaj, Anul 1994, Numar, 532
Salaj, Anul 1995, Numar, 469
Salaj, Anul 1996, Numar, 409
Salaj, Anul 1997, Numar, 464
Salaj, Anul 1998, Numar, 509
Salaj, Anul 1999, Numar, 311
Salaj, Anul 2000, Numar, 196
Salaj, Anul 2001, Numar, 215
Salaj, Anul 2002, Numar, 221
Salaj, Anul 2003, Numar, 253
Salaj, Anul 2004, Numar, 269
Salaj, Anul 2005, Numar, 250
Salaj, Anul 2006, Numar, 215
Salaj, Anul 2007, Numar, 178
Salaj, Anul 2008, Numar, 150
Salaj, Anul 2009, Numar, 160
Salaj, Anul 2010, Numar, 229
Salaj, Anul 2011, Numar, 207
Salaj, Anul 2012, Numar, 352
Salaj, Anul 2013, Numar, 337
Salaj, Anul 2014, Numar, 294
Salaj, Anul 2015, Numar, 289
Salaj, Anul 2016, Numar, 157
Regiunea CENTRU, Anul 1990, Numar, 131
Regiunea CENTRU, Anul 1991, Numar, 243
Regiunea CENTRU, Anul 1992, Numar, 260
Regiunea CENTRU, Anul 1993, Numar, 358
Regiunea CENTRU, Anul 1994, Numar, 442
Regiunea CENTRU, Anul 1995, Numar, 437
Regiunea CENTRU, Anul 1996, Numar, 431
Regiunea CENTRU, Anul 1997, Numar, 437
Regiunea CENTRU, Anul 1998, Numar, 433
Regiunea CENTRU, Anul 1999, Numar, 371
Regiunea CENTRU, Anul 2000, Numar, 322
Regiunea CENTRU, Anul 2001, Numar, 320
Regiunea CENTRU, Anul 2002, Numar, 305
Regiunea CENTRU, Anul 2003, Numar, 306
Regiunea CENTRU, Anul 2004, Numar, 242
Regiunea CENTRU, Anul 2005, Numar, 241
Regiunea CENTRU, Anul 2006, Numar, 245
Regiunea CENTRU, Anul 2007, Numar, 196
Regiunea CENTRU, Anul 2008, Numar, 175
Regiunea CENTRU, Anul 2009, Numar, 176
Regiunea CENTRU, Anul 2010, Numar, 220
Regiunea CENTRU, Anul 2011, Numar, 267
Regiunea CENTRU, Anul 2012, Numar, 267
Regiunea CENTRU, Anul 2013, Numar, 260
Regiunea CENTRU, Anul 2014, Numar, 226
Regiunea CENTRU, Anul 2015, Numar, 209
Regiunea CENTRU, Anul 2016, Numar, 161
Alba, Anul 1990, Numar, 139
Alba, Anul 1991, Numar, 273
Alba, Anul 1992, Numar, 256
Alba, Anul 1993, Numar, 338
Alba, Anul 1994, Numar, 461
Alba, Anul 1995, Numar, 481
Alba, Anul 1996, Numar, 490
Alba, Anul 1997, Numar, 457
Alba, Anul 1998, Numar, 504
Alba, Anul 1999, Numar, 409
Alba, Anul 2000, Numar, 345
Alba, Anul 2001, Numar, 329
Alba, Anul 2002, Numar, 372
Alba, Anul 2003, Numar, 350
Alba, Anul 2004, Numar, 267
Alba, Anul 2005, Numar, 282
Alba, Anul 2006, Numar, 269
Alba, Anul 2007, Numar, 190
Alba, Anul 2008, Numar, 184
Alba, Anul 2009, Numar, 174
Alba, Anul 2010, Numar, 275
Alba, Anul 2011, Numar, 344
Alba, Anul 2012, Numar, 369
Alba, Anul 2013, Numar, 347
Alba, Anul 2014, Numar, 302
Alba, Anul 2015, Numar, 237
Alba, Anul 2016, Numar, 219
Brasov, Anul 1990, Numar, 169
Brasov, Anul 1991, Numar, 264
Brasov, Anul 1992, Numar, 332
Brasov, Anul 1993, Numar, 349
Brasov, Anul 1994, Numar, 406
Brasov, Anul 1995, Numar, 428
Brasov, Anul 1996, Numar, 422
Brasov, Anul 1997, Numar, 401
Brasov, Anul 1998, Numar, 409
Brasov, Anul 1999, Numar, 289
Brasov, Anul 2000, Numar, 232
Brasov, Anul 2001, Numar, 277
Brasov, Anul 2002, Numar, 265
Brasov, Anul 2003, Numar, 235
Brasov, Anul 2004, Numar, 185
Brasov, Anul 2005, Numar, 171
Brasov, Anul 2006, Numar, 205
Brasov, Anul 2007, Numar, 173
Brasov, Anul 2008, Numar, 142
Brasov, Anul 2009, Numar, 152
Brasov, Anul 2010, Numar, 206
Brasov, Anul 2011, Numar, 273
Brasov, Anul 2012, Numar, 282
Brasov, Anul 2013, Numar, 298
Brasov, Anul 2014, Numar, 258
Brasov, Anul 2015, Numar, 247
Brasov, Anul 2016, Numar, 212
Covasna, Anul 1990, Numar, 124
Covasna, Anul 1991, Numar, 252
Covasna, Anul 1992, Numar, 246
Covasna, Anul 1993, Numar, 347
Covasna, Anul 1994, Numar, 390
Covasna, Anul 1995, Numar, 407
Covasna, Anul 1996, Numar, 418
Covasna, Anul 1997, Numar, 512
Covasna, Anul 1998, Numar, 487
Covasna, Anul 1999, Numar, 400
Covasna, Anul 2000, Numar, 247
Covasna, Anul 2001, Numar, 286
Covasna, Anul 2002, Numar, 288
Covasna, Anul 2003, Numar, 328
Covasna, Anul 2004, Numar, 229
Covasna, Anul 2005, Numar, 236
Covasna, Anul 2006, Numar, 226
Covasna, Anul 2007, Numar, 154
Covasna, Anul 2008, Numar, 132
Covasna, Anul 2009, Numar, 151
Covasna, Anul 2010, Numar, 176
Covasna, Anul 2011, Numar, 229
Covasna, Anul 2012, Numar, 305
Covasna, Anul 2013, Numar, 305
Covasna, Anul 2014, Numar, 266
Covasna, Anul 2015, Numar, 135
Covasna, Anul 2016, Numar, 127
Harghita, Anul 1990, Numar, 82
Harghita, Anul 1991, Numar, 218
Harghita, Anul 1992, Numar, 238
Harghita, Anul 1993, Numar, 344
Harghita, Anul 1994, Numar, 382
Harghita, Anul 1995, Numar, 399
Harghita, Anul 1996, Numar, 416
Harghita, Anul 1997, Numar, 486
Harghita, Anul 1998, Numar, 411
Harghita, Anul 1999, Numar, 362
Harghita, Anul 2000, Numar, 284
Harghita, Anul 2001, Numar, 312
Harghita, Anul 2002, Numar, 359
Harghita, Anul 2003, Numar, 384
Harghita, Anul 2004, Numar, 382
Harghita, Anul 2005, Numar, 407
Harghita, Anul 2006, Numar, 321
Harghita, Anul 2007, Numar, 258
Harghita, Anul 2008, Numar, 232
Harghita, Anul 2009, Numar, 193
Harghita, Anul 2010, Numar, 212
Harghita, Anul 2011, Numar, 240
Harghita, Anul 2012, Numar, 233
Harghita, Anul 2013, Numar, 149
Harghita, Anul 2014, Numar, 129
Harghita, Anul 2015, Numar, 124
Harghita, Anul 2016, Numar, 106
Mures, Anul 1990, Numar, 112
Mures, Anul 1991, Numar, 211
Mures, Anul 1992, Numar, 170
Mures, Anul 1993, Numar, 362
Mures, Anul 1994, Numar, 522
Mures, Anul 1995, Numar, 427
Mures, Anul 1996, Numar, 433
Mures, Anul 1997, Numar, 386
Mures, Anul 1998, Numar, 421
Mures, Anul 1999, Numar, 440
Mures, Anul 2000, Numar, 467
Mures, Anul 2001, Numar, 397
Mures, Anul 2002, Numar, 299
Mures, Anul 2003, Numar, 274
Mures, Anul 2004, Numar, 218
Mures, Anul 2005, Numar, 214
Mures, Anul 2006, Numar, 222
Mures, Anul 2007, Numar, 198
Mures, Anul 2008, Numar, 185
Mures, Anul 2009, Numar, 194
Mures, Anul 2010, Numar, 223
Mures, Anul 2011, Numar, 244
Mures, Anul 2012, Numar, 244
Mures, Anul 2013, Numar, 233
Mures, Anul 2014, Numar, 202
Mures, Anul 2015, Numar, 217
Mures, Anul 2016, Numar, 108
Sibiu, Anul 1990, Numar, 137
Sibiu, Anul 1991, Numar, 244
Sibiu, Anul 1992, Numar, 308
Sibiu, Anul 1993, Numar, 401
Sibiu, Anul 1994, Numar, 440
Sibiu, Anul 1995, Numar, 471
Sibiu, Anul 1996, Numar, 404
Sibiu, Anul 1997, Numar, 465
Sibiu, Anul 1998, Numar, 407
Sibiu, Anul 1999, Numar, 355
Sibiu, Anul 2000, Numar, 303
Sibiu, Anul 2001, Numar, 289
Sibiu, Anul 2002, Numar, 272
Sibiu, Anul 2003, Numar, 337
Sibiu, Anul 2004, Numar, 234
Sibiu, Anul 2005, Numar, 215
Sibiu, Anul 2006, Numar, 262
Sibiu, Anul 2007, Numar, 206
Sibiu, Anul 2008, Numar, 178
Sibiu, Anul 2009, Numar, 186
Sibiu, Anul 2010, Numar, 218
Sibiu, Anul 2011, Numar, 266
Sibiu, Anul 2012, Numar, 198
Sibiu, Anul 2013, Numar, 235
Sibiu, Anul 2014, Numar, 204
Sibiu, Anul 2015, Numar, 228
Sibiu, Anul 2016, Numar, 176
MACROREGIUNEA DOI, Anul 1990, Numar, 174
MACROREGIUNEA DOI, Anul 1991, Numar, 279
MACROREGIUNEA DOI, Anul 1992, Numar, 317
MACROREGIUNEA DOI, Anul 1993, Numar, 387
MACROREGIUNEA DOI, Anul 1994, Numar, 420
MACROREGIUNEA DOI, Anul 1995, Numar, 457
MACROREGIUNEA DOI, Anul 1996, Numar, 481
MACROREGIUNEA DOI, Anul 1997, Numar, 550
MACROREGIUNEA DOI, Anul 1998, Numar, 536
MACROREGIUNEA DOI, Anul 1999, Numar, 424
MACROREGIUNEA DOI, Anul 2000, Numar, 372
MACROREGIUNEA DOI, Anul 2001, Numar, 399
MACROREGIUNEA DOI, Anul 2002, Numar, 426
MACROREGIUNEA DOI, Anul 2003, Numar, 402
MACROREGIUNEA DOI, Anul 2004, Numar, 365
MACROREGIUNEA DOI, Anul 2005, Numar, 344
MACROREGIUNEA DOI, Anul 2006, Numar, 302
MACROREGIUNEA DOI, Anul 2007, Numar, 269
MACROREGIUNEA DOI, Anul 2008, Numar, 199
MACROREGIUNEA DOI, Anul 2009, Numar, 192
MACROREGIUNEA DOI, Anul 2010, Numar, 217
MACROREGIUNEA DOI, Anul 2011, Numar, 228
MACROREGIUNEA DOI, Anul 2012, Numar, 272
MACROREGIUNEA DOI, Anul 2013, Numar, 264
MACROREGIUNEA DOI, Anul 2014, Numar, 229
MACROREGIUNEA DOI, Anul 2015, Numar, 217
MACROREGIUNEA DOI, Anul 2016, Numar, 168
Regiunea NORD-EST, Anul 1990, Numar, 161
Regiunea NORD-EST, Anul 1991, Numar, 266
Regiunea NORD-EST, Anul 1992, Numar, 295
Regiunea NORD-EST, Anul 1993, Numar, 368
Regiunea NORD-EST, Anul 1994, Numar, 414
Regiunea NORD-EST, Anul 1995, Numar, 458
Regiunea NORD-EST, Anul 1996, Numar, 480
Regiunea NORD-EST, Anul 1997, Numar, 507
Regiunea NORD-EST, Anul 1998, Numar, 534
Regiunea NORD-EST, Anul 1999, Numar, 412
Regiunea NORD-EST, Anul 2000, Numar, 376
Regiunea NORD-EST, Anul 2001, Numar, 397
Regiunea NORD-EST, Anul 2002, Numar, 429
Regiunea NORD-EST, Anul 2003, Numar, 401
Regiunea NORD-EST, Anul 2004, Numar, 382
Regiunea NORD-EST, Anul 2005, Numar, 366
Regiunea NORD-EST, Anul 2006, Numar, 325
Regiunea NORD-EST, Anul 2007, Numar, 266
Regiunea NORD-EST, Anul 2008, Numar, 198
Regiunea NORD-EST, Anul 2009, Numar, 184
Regiunea NORD-EST, Anul 2010, Numar, 215
Regiunea NORD-EST, Anul 2011, Numar, 194
Regiunea NORD-EST, Anul 2012, Numar, 245
Regiunea NORD-EST, Anul 2013, Numar, 244
Regiunea NORD-EST, Anul 2014, Numar, 212
Regiunea NORD-EST, Anul 2015, Numar, 209
Regiunea NORD-EST, Anul 2016, Numar, 164
Bacau, Anul 1990, Numar, 196
Bacau, Anul 1991, Numar, 301
Bacau, Anul 1992, Numar, 358
Bacau, Anul 1993, Numar, 432
Bacau, Anul 1994, Numar, 464
Bacau, Anul 1995, Numar, 560
Bacau, Anul 1996, Numar, 517
Bacau, Anul 1997, Numar, 571
Bacau, Anul 1998, Numar, 591
Bacau, Anul 1999, Numar, 407
Bacau, Anul 2000, Numar, 311
Bacau, Anul 2001, Numar, 434
Bacau, Anul 2002, Numar, 568
Bacau, Anul 2003, Numar, 481
Bacau, Anul 2004, Numar, 436
Bacau, Anul 2005, Numar, 362
Bacau, Anul 2006, Numar, 321
Bacau, Anul 2007, Numar, 298
Bacau, Anul 2008, Numar, 212
Bacau, Anul 2009, Numar, 196
Bacau, Anul 2010, Numar, 234
Bacau, Anul 2011, Numar, 129
Bacau, Anul 2012, Numar, 279
Bacau, Anul 2013, Numar, 363
Bacau, Anul 2014, Numar, 316
Bacau, Anul 2015, Numar, 294
Bacau, Anul 2016, Numar, 211
Botosani, Anul 1990, Numar, 140
Botosani, Anul 1991, Numar, 186
Botosani, Anul 1992, Numar, 245
Botosani, Anul 1993, Numar, 344
Botosani, Anul 1994, Numar, 468
Botosani, Anul 1995, Numar, 576
Botosani, Anul 1996, Numar, 499
Botosani, Anul 1997, Numar, 521
Botosani, Anul 1998, Numar, 523
Botosani, Anul 1999, Numar, 265
Botosani, Anul 2000, Numar, 305
Botosani, Anul 2001, Numar, 304
Botosani, Anul 2002, Numar, 291
Botosani, Anul 2003, Numar, 330
Botosani, Anul 2004, Numar, 290
Botosani, Anul 2005, Numar, 434
Botosani, Anul 2006, Numar, 373
Botosani, Anul 2007, Numar, 274
Botosani, Anul 2008, Numar, 206
Botosani, Anul 2009, Numar, 171
Botosani, Anul 2010, Numar, 219
Botosani, Anul 2011, Numar, 272
Botosani, Anul 2012, Numar, 237
Botosani, Anul 2013, Numar, 180
Botosani, Anul 2014, Numar, 157
Botosani, Anul 2015, Numar, 256
Botosani, Anul 2016, Numar, 243
Iasi, Anul 1990, Numar, 143
Iasi, Anul 1991, Numar, 230
Iasi, Anul 1992, Numar, 266
Iasi, Anul 1993, Numar, 297
Iasi, Anul 1994, Numar, 399
Iasi, Anul 1995, Numar, 415
Iasi, Anul 1996, Numar, 427
Iasi, Anul 1997, Numar, 468
Iasi, Anul 1998, Numar, 481
Iasi, Anul 1999, Numar, 358
Iasi, Anul 2000, Numar, 394
Iasi, Anul 2001, Numar, 368
Iasi, Anul 2002, Numar, 311
Iasi, Anul 2003, Numar, 320
Iasi, Anul 2004, Numar, 365
Iasi, Anul 2005, Numar, 332
Iasi, Anul 2006, Numar, 257
Iasi, Anul 2007, Numar, 168
Iasi, Anul 2008, Numar, 141
Iasi, Anul 2009, Numar, 178
Iasi, Anul 2010, Numar, 206
Iasi, Anul 2011, Numar, 162
Iasi, Anul 2012, Numar, 187
Iasi, Anul 2013, Numar, 155
Iasi, Anul 2014, Numar, 133
Iasi, Anul 2015, Numar, 144
Iasi, Anul 2016, Numar, 78
Neamt, Anul 1990, Numar, 151
Neamt, Anul 1991, Numar, 268
Neamt, Anul 1992, Numar, 286
Neamt, Anul 1993, Numar, 368
Neamt, Anul 1994, Numar, 345
Neamt, Anul 1995, Numar, 357
Neamt, Anul 1996, Numar, 398
Neamt, Anul 1997, Numar, 385
Neamt, Anul 1998, Numar, 388
Neamt, Anul 1999, Numar, 330
Neamt, Anul 2000, Numar, 259
Neamt, Anul 2001, Numar, 294
Neamt, Anul 2002, Numar, 354
Neamt, Anul 2003, Numar, 331
Neamt, Anul 2004, Numar, 310
Neamt, Anul 2005, Numar, 330
Neamt, Anul 2006, Numar, 298
Neamt, Anul 2007, Numar, 279
Neamt, Anul 2008, Numar, 236
Neamt, Anul 2009, Numar, 193
Neamt, Anul 2010, Numar, 216
Neamt, Anul 2011, Numar, 162
Neamt, Anul 2012, Numar, 265
Neamt, Anul 2013, Numar, 263
Neamt, Anul 2014, Numar, 230
Neamt, Anul 2015, Numar, 214
Neamt, Anul 2016, Numar, 173
Suceava, Anul 1990, Numar, 172
Suceava, Anul 1991, Numar, 269
Suceava, Anul 1992, Numar, 275
Suceava, Anul 1993, Numar, 360
Suceava, Anul 1994, Numar, 338
Suceava, Anul 1995, Numar, 361
Suceava, Anul 1996, Numar, 476
Suceava, Anul 1997, Numar, 560
Suceava, Anul 1998, Numar, 644
Suceava, Anul 1999, Numar, 597
Suceava, Anul 2000, Numar, 462
Suceava, Anul 2001, Numar, 426
Suceava, Anul 2002, Numar, 495
Suceava, Anul 2003, Numar, 477
Suceava, Anul 2004, Numar, 422
Suceava, Anul 2005, Numar, 360
Suceava, Anul 2006, Numar, 299
Suceava, Anul 2007, Numar, 243
Suceava, Anul 2008, Numar, 171
Suceava, Anul 2009, Numar, 149
Suceava, Anul 2010, Numar, 159
Suceava, Anul 2011, Numar, 232
Suceava, Anul 2012, Numar, 204
Suceava, Anul 2013, Numar, 201
Suceava, Anul 2014, Numar, 175
Suceava, Anul 2015, Numar, 191
Suceava, Anul 2016, Numar, 166
Vaslui, Anul 1990, Numar, 155
Vaslui, Anul 1991, Numar, 346
Vaslui, Anul 1992, Numar, 334
Vaslui, Anul 1993, Numar, 428
Vaslui, Anul 1994, Numar, 508
Vaslui, Anul 1995, Numar, 533
Vaslui, Anul 1996, Numar, 604
Vaslui, Anul 1997, Numar, 529
Vaslui, Anul 1998, Numar, 565
Vaslui, Anul 1999, Numar, 479
Vaslui, Anul 2000, Numar, 536
Vaslui, Anul 2001, Numar, 567
Vaslui, Anul 2002, Numar, 547
Vaslui, Anul 2003, Numar, 463
Vaslui, Anul 2004, Numar, 446
Vaslui, Anul 2005, Numar, 421
Vaslui, Anul 2006, Numar, 476
Vaslui, Anul 2007, Numar, 406
Vaslui, Anul 2008, Numar, 265
Vaslui, Anul 2009, Numar, 233
Vaslui, Anul 2010, Numar, 284
Vaslui, Anul 2011, Numar, 257
Vaslui, Anul 2012, Numar, 354
Vaslui, Anul 2013, Numar, 350
Vaslui, Anul 2014, Numar, 303
Vaslui, Anul 2015, Numar, 186
Vaslui, Anul 2016, Numar, 176
Regiunea SUD-EST, Anul 1990, Numar, 191
Regiunea SUD-EST, Anul 1991, Numar, 295
Regiunea SUD-EST, Anul 1992, Numar, 344
Regiunea SUD-EST, Anul 1993, Numar, 411
Regiunea SUD-EST, Anul 1994, Numar, 428
Regiunea SUD-EST, Anul 1995, Numar, 456
Regiunea SUD-EST, Anul 1996, Numar, 482
Regiunea SUD-EST, Anul 1997, Numar, 605
Regiunea SUD-EST, Anul 1998, Numar, 538
Regiunea SUD-EST, Anul 1999, Numar, 440
Regiunea SUD-EST, Anul 2000, Numar, 366
Regiunea SUD-EST, Anul 2001, Numar, 402
Regiunea SUD-EST, Anul 2002, Numar, 423
Regiunea SUD-EST, Anul 2003, Numar, 402
Regiunea SUD-EST, Anul 2004, Numar, 342
Regiunea SUD-EST, Anul 2005, Numar, 316
Regiunea SUD-EST, Anul 2006, Numar, 273
Regiunea SUD-EST, Anul 2007, Numar, 274
Regiunea SUD-EST, Anul 2008, Numar, 200
Regiunea SUD-EST, Anul 2009, Numar, 203
Regiunea SUD-EST, Anul 2010, Numar, 220
Regiunea SUD-EST, Anul 2011, Numar, 274
Regiunea SUD-EST, Anul 2012, Numar, 307
Regiunea SUD-EST, Anul 2013, Numar, 290
Regiunea SUD-EST, Anul 2014, Numar, 253
Regiunea SUD-EST, Anul 2015, Numar, 228
Regiunea SUD-EST, Anul 2016, Numar, 173
Braila, Anul 1990, Numar, 271
Braila, Anul 1991, Numar, 307
Braila, Anul 1992, Numar, 305
Braila, Anul 1993, Numar, 494
Braila, Anul 1994, Numar, 477
Braila, Anul 1995, Numar, 478
Braila, Anul 1996, Numar, 489
Braila, Anul 1997, Numar, 549
Braila, Anul 1998, Numar, 451
Braila, Anul 1999, Numar, 325
Braila, Anul 2000, Numar, 334
Braila, Anul 2001, Numar, 422
Braila, Anul 2002, Numar, 383
Braila, Anul 2003, Numar, 412
Braila, Anul 2004, Numar, 351
Braila, Anul 2005, Numar, 364
Braila, Anul 2006, Numar, 249
Braila, Anul 2007, Numar, 350
Braila, Anul 2008, Numar, 232
Braila, Anul 2009, Numar, 225
Braila, Anul 2010, Numar, 244
Braila, Anul 2011, Numar, 358
Braila, Anul 2012, Numar, 399
Braila, Anul 2013, Numar, 334
Braila, Anul 2014, Numar, 293
Braila, Anul 2015, Numar, 232
Braila, Anul 2016, Numar, 167
Buzau, Anul 1990, Numar, 105
Buzau, Anul 1991, Numar, 219
Buzau, Anul 1992, Numar, 266
Buzau, Anul 1993, Numar, 355
Buzau, Anul 1994, Numar, 247
Buzau, Anul 1995, Numar, 311
Buzau, Anul 1996, Numar, 391
Buzau, Anul 1997, Numar, 460
Buzau, Anul 1998, Numar, 416
Buzau, Anul 1999, Numar, 402
Buzau, Anul 2000, Numar, 294
Buzau, Anul 2001, Numar, 401
Buzau, Anul 2002, Numar, 481
Buzau, Anul 2003, Numar, 387
Buzau, Anul 2004, Numar, 350
Buzau, Anul 2005, Numar, 286
Buzau, Anul 2006, Numar, 231
Buzau, Anul 2007, Numar, 185
Buzau, Anul 2008, Numar, 147
Buzau, Anul 2009, Numar, 149
Buzau, Anul 2010, Numar, 118
Buzau, Anul 2011, Numar, 124
Buzau, Anul 2012, Numar, 165
Buzau, Anul 2013, Numar, 192
Buzau, Anul 2014, Numar, 168
Buzau, Anul 2015, Numar, 182
Buzau, Anul 2016, Numar, 169
Constanta, Anul 1990, Numar, 230
Constanta, Anul 1991, Numar, 310
Constanta, Anul 1992, Numar, 334
Constanta, Anul 1993, Numar, 363
Constanta, Anul 1994, Numar, 396
Constanta, Anul 1995, Numar, 390
Constanta, Anul 1996, Numar, 410
Constanta, Anul 1997, Numar, 664
Constanta, Anul 1998, Numar, 584
Constanta, Anul 1999, Numar, 423
Constanta, Anul 2000, Numar, 309
Constanta, Anul 2001, Numar, 310
Constanta, Anul 2002, Numar, 389
Constanta, Anul 2003, Numar, 308
Constanta, Anul 2004, Numar, 224
Constanta, Anul 2005, Numar, 245
Constanta, Anul 2006, Numar, 207
Constanta, Anul 2007, Numar, 198
Constanta, Anul 2008, Numar, 155
Constanta, Anul 2009, Numar, 158
Constanta, Anul 2010, Numar, 200
Constanta, Anul 2011, Numar, 252
Constanta, Anul 2012, Numar, 275
Constanta, Anul 2013, Numar, 244
Constanta, Anul 2014, Numar, 212
Constanta, Anul 2015, Numar, 221
Constanta, Anul 2016, Numar, 119
Galati, Anul 1990, Numar, 171
Galati, Anul 1991, Numar, 288
Galati, Anul 1992, Numar, 361
Galati, Anul 1993, Numar, 389
Galati, Anul 1994, Numar, 433
Galati, Anul 1995, Numar, 513
Galati, Anul 1996, Numar, 556
Galati, Anul 1997, Numar, 628
Galati, Anul 1998, Numar, 527
Galati, Anul 1999, Numar, 565
Galati, Anul 2000, Numar, 458
Galati, Anul 2001, Numar, 379
Galati, Anul 2002, Numar, 337
Galati, Anul 2003, Numar, 493
Galati, Anul 2004, Numar, 421
Galati, Anul 2005, Numar, 341
Galati, Anul 2006, Numar, 327
Galati, Anul 2007, Numar, 366
Galati, Anul 2008, Numar, 252
Galati, Anul 2009, Numar, 241
Galati, Anul 2010, Numar, 285
Galati, Anul 2011, Numar, 312
Galati, Anul 2012, Numar, 337
Galati, Anul 2013, Numar, 300
Galati, Anul 2014, Numar, 262
Galati, Anul 2015, Numar, 235
Galati, Anul 2016, Numar, 215
Tulcea, Anul 1990, Numar, 158
Tulcea, Anul 1991, Numar, 268
Tulcea, Anul 1992, Numar, 375
Tulcea, Anul 1993, Numar, 463
Tulcea, Anul 1994, Numar, 456
Tulcea, Anul 1995, Numar, 436
Tulcea, Anul 1996, Numar, 492
Tulcea, Anul 1997, Numar, 551
Tulcea, Anul 1998, Numar, 598
Tulcea, Anul 1999, Numar, 399
Tulcea, Anul 2000, Numar, 365
Tulcea, Anul 2001, Numar, 530
Tulcea, Anul 2002, Numar, 522
Tulcea, Anul 2003, Numar, 381
Tulcea, Anul 2004, Numar, 365
Tulcea, Anul 2005, Numar, 325
Tulcea, Anul 2006, Numar, 310
Tulcea, Anul 2007, Numar, 233
Tulcea, Anul 2008, Numar, 192
Tulcea, Anul 2009, Numar, 218
Tulcea, Anul 2010, Numar, 240
Tulcea, Anul 2011, Numar, 308
Tulcea, Anul 2012, Numar, 356
Tulcea, Anul 2013, Numar, 398
Tulcea, Anul 2014, Numar, 348
Tulcea, Anul 2015, Numar, 302
Tulcea, Anul 2016, Numar, 310
Vrancea, Anul 1990, Numar, 203
Vrancea, Anul 1991, Numar, 387
Vrancea, Anul 1992, Numar, 456
Vrancea, Anul 1993, Numar, 493
Vrancea, Anul 1994, Numar, 648
Vrancea, Anul 1995, Numar, 668
Vrancea, Anul 1996, Numar, 604
Vrancea, Anul 1997, Numar, 737
Vrancea, Anul 1998, Numar, 671
Vrancea, Anul 1999, Numar, 456
Vrancea, Anul 2000, Numar, 450
Vrancea, Anul 2001, Numar, 511
Vrancea, Anul 2002, Numar, 522
Vrancea, Anul 2003, Numar, 453
Vrancea, Anul 2004, Numar, 401
Vrancea, Anul 2005, Numar, 389
Vrancea, Anul 2006, Numar, 357
Vrancea, Anul 2007, Numar, 335
Vrancea, Anul 2008, Numar, 243
Vrancea, Anul 2009, Numar, 266
Vrancea, Anul 2010, Numar, 249
Vrancea, Anul 2011, Numar, 339
Vrancea, Anul 2012, Numar, 392
Vrancea, Anul 2013, Numar, 386
Vrancea, Anul 2014, Numar, 336
Vrancea, Anul 2015, Numar, 243
Vrancea, Anul 2016, Numar, 149
MACROREGIUNEA TREI, Anul 1990, Numar, 154
MACROREGIUNEA TREI, Anul 1991, Numar, 243
MACROREGIUNEA TREI, Anul 1992, Numar, 297
MACROREGIUNEA TREI, Anul 1993, Numar, 287
MACROREGIUNEA TREI, Anul 1994, Numar, 329
MACROREGIUNEA TREI, Anul 1995, Numar, 355
MACROREGIUNEA TREI, Anul 1996, Numar, 348
MACROREGIUNEA TREI, Anul 1997, Numar, 378
MACROREGIUNEA TREI, Anul 1998, Numar, 347
MACROREGIUNEA TREI, Anul 1999, Numar, 309
MACROREGIUNEA TREI, Anul 2000, Numar, 263
MACROREGIUNEA TREI, Anul 2001, Numar, 322
MACROREGIUNEA TREI, Anul 2002, Numar, 334
MACROREGIUNEA TREI, Anul 2003, Numar, 294
MACROREGIUNEA TREI, Anul 2004, Numar, 255
MACROREGIUNEA TREI, Anul 2005, Numar, 246
MACROREGIUNEA TREI, Anul 2006, Numar, 203
MACROREGIUNEA TREI, Anul 2007, Numar, 153
MACROREGIUNEA TREI, Anul 2008, Numar, 133
MACROREGIUNEA TREI, Anul 2009, Numar, 111
MACROREGIUNEA TREI, Anul 2010, Numar, 151
MACROREGIUNEA TREI, Anul 2011, Numar, 188
MACROREGIUNEA TREI, Anul 2012, Numar, 188
MACROREGIUNEA TREI, Anul 2013, Numar, 190
MACROREGIUNEA TREI, Anul 2014, Numar, 165
MACROREGIUNEA TREI, Anul 2015, Numar, 194
MACROREGIUNEA TREI, Anul 2016, Numar, 157
Regiunea SUD-MUNTENIA, Anul 1990, Numar, 180
Regiunea SUD-MUNTENIA, Anul 1991, Numar, 282
Regiunea SUD-MUNTENIA, Anul 1992, Numar, 327
Regiunea SUD-MUNTENIA, Anul 1993, Numar, 336
Regiunea SUD-MUNTENIA, Anul 1994, Numar, 395
Regiunea SUD-MUNTENIA, Anul 1995, Numar, 433
Regiunea SUD-MUNTENIA, Anul 1996, Numar, 428
Regiunea SUD-MUNTENIA, Anul 1997, Numar, 455
Regiunea SUD-MUNTENIA, Anul 1998, Numar, 404
Regiunea SUD-MUNTENIA, Anul 1999, Numar, 328
Regiunea SUD-MUNTENIA, Anul 2000, Numar, 270
Regiunea SUD-MUNTENIA, Anul 2001, Numar, 322
Regiunea SUD-MUNTENIA, Anul 2002, Numar, 344
Regiunea SUD-MUNTENIA, Anul 2003, Numar, 319
Regiunea SUD-MUNTENIA, Anul 2004, Numar, 267
Regiunea SUD-MUNTENIA, Anul 2005, Numar, 249
Regiunea SUD-MUNTENIA, Anul 2006, Numar, 214
Regiunea SUD-MUNTENIA, Anul 2007, Numar, 158
Regiunea SUD-MUNTENIA, Anul 2008, Numar, 136
Regiunea SUD-MUNTENIA, Anul 2009, Numar, 106
Regiunea SUD-MUNTENIA, Anul 2010, Numar, 150
Regiunea SUD-MUNTENIA, Anul 2011, Numar, 195
Regiunea SUD-MUNTENIA, Anul 2012, Numar, 197
Regiunea SUD-MUNTENIA, Anul 2013, Numar, 197
Regiunea SUD-MUNTENIA, Anul 2014, Numar, 172
Regiunea SUD-MUNTENIA, Anul 2015, Numar, 187
Regiunea SUD-MUNTENIA, Anul 2016, Numar, 163
Arges, Anul 1990, Numar, 166
Arges, Anul 1991, Numar, 324
Arges, Anul 1992, Numar, 367
Arges, Anul 1993, Numar, 305
Arges, Anul 1994, Numar, 273
Arges, Anul 1995, Numar, 322
Arges, Anul 1996, Numar, 331
Arges, Anul 1997, Numar, 372
Arges, Anul 1998, Numar, 356
Arges, Anul 1999, Numar, 237
Arges, Anul 2000, Numar, 199
Arges, Anul 2001, Numar, 198
Arges, Anul 2002, Numar, 236
Arges, Anul 2003, Numar, 215
Arges, Anul 2004, Numar, 189
Arges, Anul 2005, Numar, 183
Arges, Anul 2006, Numar, 165
Arges, Anul 2007, Numar, 115
Arges, Anul 2008, Numar, 116
Arges, Anul 2009, Numar, 93
Arges, Anul 2010, Numar, 152
Arges, Anul 2011, Numar, 201
Arges, Anul 2012, Numar, 156
Arges, Anul 2013, Numar, 149
Arges, Anul 2014, Numar, 130
Arges, Anul 2015, Numar, 142
Arges, Anul 2016, Numar, 124
Calarasi, Anul 1990, Numar, 239
Calarasi, Anul 1991, Numar, 366
Calarasi, Anul 1992, Numar, 446
Calarasi, Anul 1993, Numar, 457
Calarasi, Anul 1994, Numar, 591
Calarasi, Anul 1995, Numar, 728
Calarasi, Anul 1996, Numar, 631
Calarasi, Anul 1997, Numar, 598
Calarasi, Anul 1998, Numar, 351
Calarasi, Anul 1999, Numar, 300
Calarasi, Anul 2000, Numar, 246
Calarasi, Anul 2001, Numar, 267
Calarasi, Anul 2002, Numar, 375
Calarasi, Anul 2003, Numar, 523
Calarasi, Anul 2004, Numar, 451
Calarasi, Anul 2005, Numar, 410
Calarasi, Anul 2006, Numar, 316
Calarasi, Anul 2007, Numar, 240
Calarasi, Anul 2008, Numar, 186
Calarasi, Anul 2009, Numar, 170
Calarasi, Anul 2010, Numar, 216
Calarasi, Anul 2011, Numar, 310
Calarasi, Anul 2012, Numar, 218
Calarasi, Anul 2013, Numar, 233
Calarasi, Anul 2014, Numar, 204
Calarasi, Anul 2015, Numar, 251
Calarasi, Anul 2016, Numar, 226
Dambovita, Anul 1990, Numar, 138
Dambovita, Anul 1991, Numar, 231
Dambovita, Anul 1992, Numar, 256
Dambovita, Anul 1993, Numar, 323
Dambovita, Anul 1994, Numar, 420
Dambovita, Anul 1995, Numar, 455
Dambovita, Anul 1996, Numar, 424
Dambovita, Anul 1997, Numar, 575
Dambovita, Anul 1998, Numar, 532
Dambovita, Anul 1999, Numar, 437
Dambovita, Anul 2000, Numar, 318
Dambovita, Anul 2001, Numar, 370
Dambovita, Anul 2002, Numar, 458
Dambovita, Anul 2003, Numar, 380
Dambovita, Anul 2004, Numar, 351
Dambovita, Anul 2005, Numar, 314
Dambovita, Anul 2006, Numar, 251
Dambovita, Anul 2007, Numar, 176
Dambovita, Anul 2008, Numar, 146
Dambovita, Anul 2009, Numar, 98
Dambovita, Anul 2010, Numar, 137
Dambovita, Anul 2011, Numar, 175
Dambovita, Anul 2012, Numar, 237
Dambovita, Anul 2013, Numar, 230
Dambovita, Anul 2014, Numar, 200
Dambovita, Anul 2015, Numar, 155
Dambovita, Anul 2016, Numar, 161
Giurgiu, Anul 1990, Numar, 137
Giurgiu, Anul 1991, Numar, 147
Giurgiu, Anul 1992, Numar, 126
Giurgiu, Anul 1993, Numar, 128
Giurgiu, Anul 1994, Numar, 223
Giurgiu, Anul 1995, Numar, 193
Giurgiu, Anul 1996, Numar, 209
Giurgiu, Anul 1997, Numar, 205
Giurgiu, Anul 1998, Numar, 166
Giurgiu, Anul 1999, Numar, 115
Giurgiu, Anul 2000, Numar, 192
Giurgiu, Anul 2001, Numar, 180
Giurgiu, Anul 2002, Numar, 204
Giurgiu, Anul 2003, Numar, 246
Giurgiu, Anul 2004, Numar, 155
Giurgiu, Anul 2005, Numar, 138
Giurgiu, Anul 2006, Numar, 142
Giurgiu, Anul 2007, Numar, 82
Giurgiu, Anul 2008, Numar, 77
Giurgiu, Anul 2009, Numar, 74
Giurgiu, Anul 2010, Numar, 132
Giurgiu, Anul 2011, Numar, 161
Giurgiu, Anul 2012, Numar, 70
Giurgiu, Anul 2013, Numar, 86
Giurgiu, Anul 2014, Numar, 75
Giurgiu, Anul 2015, Numar, 191
Giurgiu, Anul 2016, Numar, 230
Ialomita, Anul 1990, Numar, 215
Ialomita, Anul 1991, Numar, 393
Ialomita, Anul 1992, Numar, 425
Ialomita, Anul 1993, Numar, 501
Ialomita, Anul 1994, Numar, 586
Ialomita, Anul 1995, Numar, 672
Ialomita, Anul 1996, Numar, 646
Ialomita, Anul 1997, Numar, 678
Ialomita, Anul 1998, Numar, 617
Ialomita, Anul 1999, Numar, 484
Ialomita, Anul 2000, Numar, 383
Ialomita, Anul 2001, Numar, 512
Ialomita, Anul 2002, Numar, 473
Ialomita, Anul 2003, Numar, 338
Ialomita, Anul 2004, Numar, 326
Ialomita, Anul 2005, Numar, 321
Ialomita, Anul 2006, Numar, 336
Ialomita, Anul 2007, Numar, 243
Ialomita, Anul 2008, Numar, 197
Ialomita, Anul 2009, Numar, 139
Ialomita, Anul 2010, Numar, 186
Ialomita, Anul 2011, Numar, 210
Ialomita, Anul 2012, Numar, 237
Ialomita, Anul 2013, Numar, 195
Ialomita, Anul 2014, Numar, 170
Ialomita, Anul 2015, Numar, 258
Ialomita, Anul 2016, Numar, 220
Prahova, Anul 1990, Numar, 223
Prahova, Anul 1991, Numar, 309
Prahova, Anul 1992, Numar, 371
Prahova, Anul 1993, Numar, 348
Prahova, Anul 1994, Numar, 400
Prahova, Anul 1995, Numar, 430
Prahova, Anul 1996, Numar, 439
Prahova, Anul 1997, Numar, 411
Prahova, Anul 1998, Numar, 401
Prahova, Anul 1999, Numar, 351
Prahova, Anul 2000, Numar, 285
Prahova, Anul 2001, Numar, 372
Prahova, Anul 2002, Numar, 358
Prahova, Anul 2003, Numar, 311
Prahova, Anul 2004, Numar, 228
Prahova, Anul 2005, Numar, 209
Prahova, Anul 2006, Numar, 171
Prahova, Anul 2007, Numar, 152
Prahova, Anul 2008, Numar, 136
Prahova, Anul 2009, Numar, 97
Prahova, Anul 2010, Numar, 122
Prahova, Anul 2011, Numar, 183
Prahova, Anul 2012, Numar, 209
Prahova, Anul 2013, Numar, 244
Prahova, Anul 2014, Numar, 212
Prahova, Anul 2015, Numar, 171
Prahova, Anul 2016, Numar, 100
Teleorman, Anul 1990, Numar, 134
Teleorman, Anul 1991, Numar, 193
Teleorman, Anul 1992, Numar, 259
Teleorman, Anul 1993, Numar, 319
Teleorman, Anul 1994, Numar, 379
Teleorman, Anul 1995, Numar, 359
Teleorman, Anul 1996, Numar, 408
Teleorman, Anul 1997, Numar, 425
Teleorman, Anul 1998, Numar, 379
Teleorman, Anul 1999, Numar, 341
Teleorman, Anul 2000, Numar, 283
Teleorman, Anul 2001, Numar, 358
Teleorman, Anul 2002, Numar, 321
Teleorman, Anul 2003, Numar, 298
Teleorman, Anul 2004, Numar, 254
Teleorman, Anul 2005, Numar, 251
Teleorman, Anul 2006, Numar, 212
Teleorman, Anul 2007, Numar, 142
Teleorman, Anul 2008, Numar, 114
Teleorman, Anul 2009, Numar, 104
Teleorman, Anul 2010, Numar, 158
Teleorman, Anul 2011, Numar, 163
Teleorman, Anul 2012, Numar, 234
Teleorman, Anul 2013, Numar, 194
Teleorman, Anul 2014, Numar, 170
Teleorman, Anul 2015, Numar, 236
Teleorman, Anul 2016, Numar, 214
Regiunea BUCURESTI - ILFOV, Anul 1990, Numar, 114
Regiunea BUCURESTI - ILFOV, Anul 1991, Numar, 184
Regiunea BUCURESTI - ILFOV, Anul 1992, Numar, 252
Regiunea BUCURESTI - ILFOV, Anul 1993, Numar, 213
Regiunea BUCURESTI - ILFOV, Anul 1994, Numar, 228
Regiunea BUCURESTI - ILFOV, Anul 1995, Numar, 238
Regiunea BUCURESTI - ILFOV, Anul 1996, Numar, 226
Regiunea BUCURESTI - ILFOV, Anul 1997, Numar, 260
Regiunea BUCURESTI - ILFOV, Anul 1998, Numar, 260
Regiunea BUCURESTI - ILFOV, Anul 1999, Numar, 280
Regiunea BUCURESTI - ILFOV, Anul 2000, Numar, 252
Regiunea BUCURESTI - ILFOV, Anul 2001, Numar, 321
Regiunea BUCURESTI - ILFOV, Anul 2002, Numar, 318
Regiunea BUCURESTI - ILFOV, Anul 2003, Numar, 257
Regiunea BUCURESTI - ILFOV, Anul 2004, Numar, 237
Regiunea BUCURESTI - ILFOV, Anul 2005, Numar, 241
Regiunea BUCURESTI - ILFOV, Anul 2006, Numar, 187
Regiunea BUCURESTI - ILFOV, Anul 2007, Numar, 147
Regiunea BUCURESTI - ILFOV, Anul 2008, Numar, 127
Regiunea BUCURESTI - ILFOV, Anul 2009, Numar, 118
Regiunea BUCURESTI - ILFOV, Anul 2010, Numar, 152
Regiunea BUCURESTI - ILFOV, Anul 2011, Numar, 178
Regiunea BUCURESTI - ILFOV, Anul 2012, Numar, 175
Regiunea BUCURESTI - ILFOV, Anul 2013, Numar, 180
Regiunea BUCURESTI - ILFOV, Anul 2014, Numar, 156
Regiunea BUCURESTI - ILFOV, Anul 2015, Numar, 203
Regiunea BUCURESTI - ILFOV, Anul 2016, Numar, 150
Ilfov, Anul 1997, Numar, 544
Ilfov, Anul 1998, Numar, 424
Ilfov, Anul 1999, Numar, 520
Ilfov, Anul 2000, Numar, 346
Ilfov, Anul 2001, Numar, 403
Ilfov, Anul 2002, Numar, 451
Ilfov, Anul 2003, Numar, 326
Ilfov, Anul 2004, Numar, 247
Ilfov, Anul 2005, Numar, 213
Ilfov, Anul 2006, Numar, 179
Ilfov, Anul 2007, Numar, 107
Ilfov, Anul 2008, Numar, 70
Ilfov, Anul 2009, Numar, 81
Ilfov, Anul 2010, Numar, 103
Ilfov, Anul 2011, Numar, 85
Ilfov, Anul 2012, Numar, 139
Ilfov, Anul 2013, Numar, 142
Ilfov, Anul 2014, Numar, 120
Ilfov, Anul 2015, Numar, 114
Ilfov, Anul 2016, Numar, 73
Municipiul Bucuresti, Anul 1997, Numar, 221
Municipiul Bucuresti, Anul 1998, Numar, 238
Municipiul Bucuresti, Anul 1999, Numar, 248
Municipiul Bucuresti, Anul 2000, Numar, 239
Municipiul Bucuresti, Anul 2001, Numar, 309
Municipiul Bucuresti, Anul 2002, Numar, 300
Municipiul Bucuresti, Anul 2003, Numar, 247
Municipiul Bucuresti, Anul 2004, Numar, 235
Municipiul Bucuresti, Anul 2005, Numar, 245
Municipiul Bucuresti, Anul 2006, Numar, 188
Municipiul Bucuresti, Anul 2007, Numar, 153
Municipiul Bucuresti, Anul 2008, Numar, 136
Municipiul Bucuresti, Anul 2009, Numar, 124
Municipiul Bucuresti, Anul 2010, Numar, 160
Municipiul Bucuresti, Anul 2011, Numar, 194
Municipiul Bucuresti, Anul 2012, Numar, 183
Municipiul Bucuresti, Anul 2013, Numar, 189
Municipiul Bucuresti, Anul 2014, Numar, 164
Municipiul Bucuresti, Anul 2015, Numar, 224
Municipiul Bucuresti, Anul 2016, Numar, 169
Mun. Bucuresti -incl. SAI, Anul 1990, Numar, 114
Mun. Bucuresti -incl. SAI, Anul 1991, Numar, 184
Mun. Bucuresti -incl. SAI, Anul 1992, Numar, 252
Mun. Bucuresti -incl. SAI, Anul 1993, Numar, 213
Mun. Bucuresti -incl. SAI, Anul 1994, Numar, 228
Mun. Bucuresti -incl. SAI, Anul 1995, Numar, 238
Mun. Bucuresti -incl. SAI, Anul 1996, Numar, 226
MACROREGIUNEA PATRU, Anul 1990, Numar, 175
MACROREGIUNEA PATRU, Anul 1991, Numar, 290
MACROREGIUNEA PATRU, Anul 1992, Numar, 337
MACROREGIUNEA PATRU, Anul 1993, Numar, 399
MACROREGIUNEA PATRU, Anul 1994, Numar, 527
MACROREGIUNEA PATRU, Anul 1995, Numar, 553
MACROREGIUNEA PATRU, Anul 1996, Numar, 603
MACROREGIUNEA PATRU, Anul 1997, Numar, 625
MACROREGIUNEA PATRU, Anul 1998, Numar, 548
MACROREGIUNEA PATRU, Anul 1999, Numar, 427
MACROREGIUNEA PATRU, Anul 2000, Numar, 373
MACROREGIUNEA PATRU, Anul 2001, Numar, 420
MACROREGIUNEA PATRU, Anul 2002, Numar, 398
MACROREGIUNEA PATRU, Anul 2003, Numar, 387
MACROREGIUNEA PATRU, Anul 2004, Numar, 335
MACROREGIUNEA PATRU, Anul 2005, Numar, 321
MACROREGIUNEA PATRU, Anul 2006, Numar, 286
MACROREGIUNEA PATRU, Anul 2007, Numar, 210
MACROREGIUNEA PATRU, Anul 2008, Numar, 163
MACROREGIUNEA PATRU, Anul 2009, Numar, 157
MACROREGIUNEA PATRU, Anul 2010, Numar, 194
MACROREGIUNEA PATRU, Anul 2011, Numar, 217
MACROREGIUNEA PATRU, Anul 2012, Numar, 242
MACROREGIUNEA PATRU, Anul 2013, Numar, 221
MACROREGIUNEA PATRU, Anul 2014, Numar, 193
MACROREGIUNEA PATRU, Anul 2015, Numar, 216
MACROREGIUNEA PATRU, Anul 2016, Numar, 175
Regiunea SUD-VEST OLTENIA, Anul 1990, Numar, 203
Regiunea SUD-VEST OLTENIA, Anul 1991, Numar, 329
Regiunea SUD-VEST OLTENIA, Anul 1992, Numar, 336
Regiunea SUD-VEST OLTENIA, Anul 1993, Numar, 410
Regiunea SUD-VEST OLTENIA, Anul 1994, Numar, 555
Regiunea SUD-VEST OLTENIA, Anul 1995, Numar, 577
Regiunea SUD-VEST OLTENIA, Anul 1996, Numar, 627
Regiunea SUD-VEST OLTENIA, Anul 1997, Numar, 681
Regiunea SUD-VEST OLTENIA, Anul 1998, Numar, 569
Regiunea SUD-VEST OLTENIA, Anul 1999, Numar, 478
Regiunea SUD-VEST OLTENIA, Anul 2000, Numar, 401
Regiunea SUD-VEST OLTENIA, Anul 2001, Numar, 467
Regiunea SUD-VEST OLTENIA, Anul 2002, Numar, 431
Regiunea SUD-VEST OLTENIA, Anul 2003, Numar, 430
Regiunea SUD-VEST OLTENIA, Anul 2004, Numar, 372
Regiunea SUD-VEST OLTENIA, Anul 2005, Numar, 364
Regiunea SUD-VEST OLTENIA, Anul 2006, Numar, 293
Regiunea SUD-VEST OLTENIA, Anul 2007, Numar, 199
Regiunea SUD-VEST OLTENIA, Anul 2008, Numar, 129
Regiunea SUD-VEST OLTENIA, Anul 2009, Numar, 145
Regiunea SUD-VEST OLTENIA, Anul 2010, Numar, 193
Regiunea SUD-VEST OLTENIA, Anul 2011, Numar, 197
Regiunea SUD-VEST OLTENIA, Anul 2012, Numar, 215
Regiunea SUD-VEST OLTENIA, Anul 2013, Numar, 167
Regiunea SUD-VEST OLTENIA, Anul 2014, Numar, 146
Regiunea SUD-VEST OLTENIA, Anul 2015, Numar, 212
Regiunea SUD-VEST OLTENIA, Anul 2016, Numar, 169
Dolj, Anul 1990, Numar, 152
Dolj, Anul 1991, Numar, 250
Dolj, Anul 1992, Numar, 196
Dolj, Anul 1993, Numar, 263
Dolj, Anul 1994, Numar, 410
Dolj, Anul 1995, Numar, 512
Dolj, Anul 1996, Numar, 533
Dolj, Anul 1997, Numar, 644
Dolj, Anul 1998, Numar, 472
Dolj, Anul 1999, Numar, 380
Dolj, Anul 2000, Numar, 306
Dolj, Anul 2001, Numar, 351
Dolj, Anul 2002, Numar, 343
Dolj, Anul 2003, Numar, 378
Dolj, Anul 2004, Numar, 333
Dolj, Anul 2005, Numar, 309
Dolj, Anul 2006, Numar, 252
Dolj, Anul 2007, Numar, 178
Dolj, Anul 2008, Numar, 110
Dolj, Anul 2009, Numar, 142
Dolj, Anul 2010, Numar, 163
Dolj, Anul 2011, Numar, 187
Dolj, Anul 2012, Numar, 230
Dolj, Anul 2013, Numar, 150
Dolj, Anul 2014, Numar, 130
Dolj, Anul 2015, Numar, 236
Dolj, Anul 2016, Numar, 166
Gorj, Anul 1990, Numar, 258
Gorj, Anul 1991, Numar, 416
Gorj, Anul 1992, Numar, 427
Gorj, Anul 1993, Numar, 528
Gorj, Anul 1994, Numar, 736
Gorj, Anul 1995, Numar, 645
Gorj, Anul 1996, Numar, 693
Gorj, Anul 1997, Numar, 660
Gorj, Anul 1998, Numar, 575
Gorj, Anul 1999, Numar, 517
Gorj, Anul 2000, Numar, 437
Gorj, Anul 2001, Numar, 506
Gorj, Anul 2002, Numar, 448
Gorj, Anul 2003, Numar, 476
Gorj, Anul 2004, Numar, 437
Gorj, Anul 2005, Numar, 404
Gorj, Anul 2006, Numar, 330
Gorj, Anul 2007, Numar, 213
Gorj, Anul 2008, Numar, 158
Gorj, Anul 2009, Numar, 186
Gorj, Anul 2010, Numar, 250
Gorj, Anul 2011, Numar, 275
Gorj, Anul 2012, Numar, 260
Gorj, Anul 2013, Numar, 164
Gorj, Anul 2014, Numar, 143
Gorj, Anul 2015, Numar, 216
Gorj, Anul 2016, Numar, 240
Mehedinti, Anul 1990, Numar, 242
Mehedinti, Anul 1991, Numar, 383
Mehedinti, Anul 1992, Numar, 476
Mehedinti, Anul 1993, Numar, 558
Mehedinti, Anul 1994, Numar, 745
Mehedinti, Anul 1995, Numar, 717
Mehedinti, Anul 1996, Numar, 763
Mehedinti, Anul 1997, Numar, 771
Mehedinti, Anul 1998, Numar, 833
Mehedinti, Anul 1999, Numar, 717
Mehedinti, Anul 2000, Numar, 584
Mehedinti, Anul 2001, Numar, 695
Mehedinti, Anul 2002, Numar, 654
Mehedinti, Anul 2003, Numar, 603
Mehedinti, Anul 2004, Numar, 480
Mehedinti, Anul 2005, Numar, 488
Mehedinti, Anul 2006, Numar, 322
Mehedinti, Anul 2007, Numar, 187
Mehedinti, Anul 2008, Numar, 110
Mehedinti, Anul 2009, Numar, 157
Mehedinti, Anul 2010, Numar, 277
Mehedinti, Anul 2011, Numar, 349
Mehedinti, Anul 2012, Numar, 351
Mehedinti, Anul 2013, Numar, 367
Mehedinti, Anul 2014, Numar, 321
Mehedinti, Anul 2015, Numar, 233
Mehedinti, Anul 2016, Numar, 177
Olt, Anul 1990, Numar, 196
Olt, Anul 1991, Numar, 286
Olt, Anul 1992, Numar, 344
Olt, Anul 1993, Numar, 424
Olt, Anul 1994, Numar, 583
Olt, Anul 1995, Numar, 520
Olt, Anul 1996, Numar, 653
Olt, Anul 1997, Numar, 651
Olt, Anul 1998, Numar, 542
Olt, Anul 1999, Numar, 453
Olt, Anul 2000, Numar, 388
Olt, Anul 2001, Numar, 455
Olt, Anul 2002, Numar, 482
Olt, Anul 2003, Numar, 457
Olt, Anul 2004, Numar, 388
Olt, Anul 2005, Numar, 402
Olt, Anul 2006, Numar, 343
Olt, Anul 2007, Numar, 240
Olt, Anul 2008, Numar, 151
Olt, Anul 2009, Numar, 158
Olt, Anul 2010, Numar, 202
Olt, Anul 2011, Numar, 136
Olt, Anul 2012, Numar, 151
Olt, Anul 2013, Numar, 115
Olt, Anul 2014, Numar, 101
Olt, Anul 2015, Numar, 166
Olt, Anul 2016, Numar, 112
Valcea, Anul 1990, Numar, 225
Valcea, Anul 1991, Numar, 402
Valcea, Anul 1992, Numar, 381
Valcea, Anul 1993, Numar, 428
Valcea, Anul 1994, Numar, 466
Valcea, Anul 1995, Numar, 592
Valcea, Anul 1996, Numar, 594
Valcea, Anul 1997, Numar, 732
Valcea, Anul 1998, Numar, 563
Valcea, Anul 1999, Numar, 463
Valcea, Anul 2000, Numar, 412
Valcea, Anul 2001, Numar, 475
Valcea, Anul 2002, Numar, 342
Valcea, Anul 2003, Numar, 316
Valcea, Anul 2004, Numar, 282
Valcea, Anul 2005, Numar, 289
Valcea, Anul 2006, Numar, 248
Valcea, Anul 2007, Numar, 182
Valcea, Anul 2008, Numar, 125
Valcea, Anul 2009, Numar, 88
Valcea, Anul 2010, Numar, 121
Valcea, Anul 2011, Numar, 105
Valcea, Anul 2012, Numar, 127
Valcea, Anul 2013, Numar, 120
Valcea, Anul 2014, Numar, 105
Valcea, Anul 2015, Numar, 205
Valcea, Anul 2016, Numar, 171
Regiunea VEST, Anul 1990, Numar, 144
Regiunea VEST, Anul 1991, Numar, 247
Regiunea VEST, Anul 1992, Numar, 337
Regiunea VEST, Anul 1993, Numar, 386
Regiunea VEST, Anul 1994, Numar, 495
Regiunea VEST, Anul 1995, Numar, 525
Regiunea VEST, Anul 1996, Numar, 574
Regiunea VEST, Anul 1997, Numar, 560
Regiunea VEST, Anul 1998, Numar, 524
Regiunea VEST, Anul 1999, Numar, 367
Regiunea VEST, Anul 2000, Numar, 340
Regiunea VEST, Anul 2001, Numar, 365
Regiunea VEST, Anul 2002, Numar, 359
Regiunea VEST, Anul 2003, Numar, 335
Regiunea VEST, Anul 2004, Numar, 290
Regiunea VEST, Anul 2005, Numar, 270
Regiunea VEST, Anul 2006, Numar, 277
Regiunea VEST, Anul 2007, Numar, 222
Regiunea VEST, Anul 2008, Numar, 204
Regiunea VEST, Anul 2009, Numar, 172
Regiunea VEST, Anul 2010, Numar, 195
Regiunea VEST, Anul 2011, Numar, 240
Regiunea VEST, Anul 2012, Numar, 272
Regiunea VEST, Anul 2013, Numar, 281
Regiunea VEST, Anul 2014, Numar, 244
Regiunea VEST, Anul 2015, Numar, 220
Regiunea VEST, Anul 2016, Numar, 181
Arad, Anul 1990, Numar, 123
Arad, Anul 1991, Numar, 275
Arad, Anul 1992, Numar, 397
Arad, Anul 1993, Numar, 480
Arad, Anul 1994, Numar, 645
Arad, Anul 1995, Numar, 608
Arad, Anul 1996, Numar, 538
Arad, Anul 1997, Numar, 443
Arad, Anul 1998, Numar, 457
Arad, Anul 1999, Numar, 344
Arad, Anul 2000, Numar, 404
Arad, Anul 2001, Numar, 429
Arad, Anul 2002, Numar, 378
Arad, Anul 2003, Numar, 309
Arad, Anul 2004, Numar, 293
Arad, Anul 2005, Numar, 264
Arad, Anul 2006, Numar, 333
Arad, Anul 2007, Numar, 226
Arad, Anul 2008, Numar, 290
Arad, Anul 2009, Numar, 219
Arad, Anul 2010, Numar, 222
Arad, Anul 2011, Numar, 258
Arad, Anul 2012, Numar, 275
Arad, Anul 2013, Numar, 220
Arad, Anul 2014, Numar, 191
Arad, Anul 2015, Numar, 161
Arad, Anul 2016, Numar, 162
Caras-Severin, Anul 1990, Numar, 112
Caras-Severin, Anul 1991, Numar, 145
Caras-Severin, Anul 1992, Numar, 319
Caras-Severin, Anul 1993, Numar, 302
Caras-Severin, Anul 1994, Numar, 356
Caras-Severin, Anul 1995, Numar, 442
Caras-Severin, Anul 1996, Numar, 532
Caras-Severin, Anul 1997, Numar, 539
Caras-Severin, Anul 1998, Numar, 418
Caras-Severin, Anul 1999, Numar, 300
Caras-Severin, Anul 2000, Numar, 328
Caras-Severin, Anul 2001, Numar, 376
Caras-Severin, Anul 2002, Numar, 374
Caras-Severin, Anul 2003, Numar, 323
Caras-Severin, Anul 2004, Numar, 266
Caras-Severin, Anul 2005, Numar, 243
Caras-Severin, Anul 2006, Numar, 244
Caras-Severin, Anul 2007, Numar, 158
Caras-Severin, Anul 2008, Numar, 133
Caras-Severin, Anul 2009, Numar, 110
Caras-Severin, Anul 2010, Numar, 134
Caras-Severin, Anul 2011, Numar, 154
Caras-Severin, Anul 2012, Numar, 158
Caras-Severin, Anul 2013, Numar, 231
Caras-Severin, Anul 2014, Numar, 203
Caras-Severin, Anul 2015, Numar, 279
Caras-Severin, Anul 2016, Numar, 133
Hunedoara, Anul 1990, Numar, 195
Hunedoara, Anul 1991, Numar, 318
Hunedoara, Anul 1992, Numar, 347
Hunedoara, Anul 1993, Numar, 388
Hunedoara, Anul 1994, Numar, 443
Hunedoara, Anul 1995, Numar, 501
Hunedoara, Anul 1996, Numar, 583
Hunedoara, Anul 1997, Numar, 662
Hunedoara, Anul 1998, Numar, 608
Hunedoara, Anul 1999, Numar, 510
Hunedoara, Anul 2000, Numar, 410
Hunedoara, Anul 2001, Numar, 423
Hunedoara, Anul 2002, Numar, 428
Hunedoara, Anul 2003, Numar, 425
Hunedoara, Anul 2004, Numar, 408
Hunedoara, Anul 2005, Numar, 376
Hunedoara, Anul 2006, Numar, 322
Hunedoara, Anul 2007, Numar, 315
Hunedoara, Anul 2008, Numar, 259
Hunedoara, Anul 2009, Numar, 264
Hunedoara, Anul 2010, Numar, 289
Hunedoara, Anul 2011, Numar, 369
Hunedoara, Anul 2012, Numar, 365
Hunedoara, Anul 2013, Numar, 330
Hunedoara, Anul 2014, Numar, 289
Hunedoara, Anul 2015, Numar, 198
Hunedoara, Anul 2016, Numar, 183
Timis, Anul 1990, Numar, 135
Timis, Anul 1991, Numar, 227
Timis, Anul 1992, Numar, 297
Timis, Anul 1993, Numar, 365
Timis, Anul 1994, Numar, 505
Timis, Anul 1995, Numar, 529
Timis, Anul 1996, Numar, 615
Timis, Anul 1997, Numar, 572
Timis, Anul 1998, Numar, 562
Timis, Anul 1999, Numar, 307
Timis, Anul 2000, Numar, 248
Timis, Anul 2001, Numar, 271
Timis, Anul 2002, Numar, 288
Timis, Anul 2003, Numar, 293
Timis, Anul 2004, Numar, 214
Timis, Anul 2005, Numar, 212
Timis, Anul 2006, Numar, 222
Timis, Anul 2007, Numar, 186
Timis, Anul 2008, Numar, 140
Timis, Anul 2009, Numar, 108
Timis, Anul 2010, Numar, 141
Timis, Anul 2011, Numar, 181
Timis, Anul 2012, Numar, 263
Timis, Anul 2013, Numar, 311
Timis, Anul 2014, Numar, 268
Timis, Anul 2015, Numar, 246
Timis, Anul 2016, Numar, 211
