Macroregiuni  regiuni de dezvoltare si judete, Ani, UM: Numar infractiuni la 100000 locuitori, Valoare
TOTAL, Anul 1990, Numar, 422
TOTAL, Anul 1991, Numar, 601
TOTAL, Anul 1992, Numar, 635
TOTAL, Anul 1993, Numar, 965
TOTAL, Anul 1994, Numar, 1043
TOTAL, Anul 1995, Numar, 1310
TOTAL, Anul 1996, Numar, 1423
TOTAL, Anul 1997, Numar, 1601
TOTAL, Anul 1998, Numar, 1774
TOTAL, Anul 1999, Numar, 1619
TOTAL, Anul 2000, Numar, 1577
TOTAL, Anul 2001, Numar, 1519
TOTAL, Anul 2002, Numar, 1432
TOTAL, Anul 2003, Numar, 1274
TOTAL, Anul 2004, Numar, 1069
TOTAL, Anul 2005, Numar, 963
TOTAL, Anul 2006, Numar, 1078
TOTAL, Anul 2007, Numar, 1307
TOTAL, Anul 2008, Numar, 1345
TOTAL, Anul 2009, Numar, 1397
TOTAL, Anul 2010, Numar, 1366
TOTAL, Anul 2011, Numar, 1212
TOTAL, Anul 2012, Numar, 1538
TOTAL, Anul 2013, Numar, 1555
TOTAL, Anul 2014, Numar, 2014
TOTAL, Anul 2015, Numar, 1726
TOTAL, Anul 2016, Numar, 1717
MACROREGIUNEA UNU, Anul 1990, Numar, 362
MACROREGIUNEA UNU, Anul 1991, Numar, 503
MACROREGIUNEA UNU, Anul 1992, Numar, 563
MACROREGIUNEA UNU, Anul 1993, Numar, 922
MACROREGIUNEA UNU, Anul 1994, Numar, 950
MACROREGIUNEA UNU, Anul 1995, Numar, 1179
MACROREGIUNEA UNU, Anul 1996, Numar, 1265
MACROREGIUNEA UNU, Anul 1997, Numar, 1445
MACROREGIUNEA UNU, Anul 1998, Numar, 1652
MACROREGIUNEA UNU, Anul 1999, Numar, 1490
MACROREGIUNEA UNU, Anul 2000, Numar, 1471
MACROREGIUNEA UNU, Anul 2001, Numar, 1417
MACROREGIUNEA UNU, Anul 2002, Numar, 1293
MACROREGIUNEA UNU, Anul 2003, Numar, 1198
MACROREGIUNEA UNU, Anul 2004, Numar, 1046
MACROREGIUNEA UNU, Anul 2005, Numar, 978
MACROREGIUNEA UNU, Anul 2006, Numar, 1095
MACROREGIUNEA UNU, Anul 2007, Numar, 1267
MACROREGIUNEA UNU, Anul 2008, Numar, 1292
MACROREGIUNEA UNU, Anul 2009, Numar, 1484
MACROREGIUNEA UNU, Anul 2010, Numar, 1501
MACROREGIUNEA UNU, Anul 2011, Numar, 1347
MACROREGIUNEA UNU, Anul 2012, Numar, 1488
MACROREGIUNEA UNU, Anul 2013, Numar, 1468
MACROREGIUNEA UNU, Anul 2014, Numar, 1892
MACROREGIUNEA UNU, Anul 2015, Numar, 1592
MACROREGIUNEA UNU, Anul 2016, Numar, 1506
Regiunea NORD-VEST, Anul 1990, Numar, 407
Regiunea NORD-VEST, Anul 1991, Numar, 541
Regiunea NORD-VEST, Anul 1992, Numar, 617
Regiunea NORD-VEST, Anul 1993, Numar, 997
Regiunea NORD-VEST, Anul 1994, Numar, 982
Regiunea NORD-VEST, Anul 1995, Numar, 1257
Regiunea NORD-VEST, Anul 1996, Numar, 1279
Regiunea NORD-VEST, Anul 1997, Numar, 1360
Regiunea NORD-VEST, Anul 1998, Numar, 1495
Regiunea NORD-VEST, Anul 1999, Numar, 1290
Regiunea NORD-VEST, Anul 2000, Numar, 1265
Regiunea NORD-VEST, Anul 2001, Numar, 1213
Regiunea NORD-VEST, Anul 2002, Numar, 1040
Regiunea NORD-VEST, Anul 2003, Numar, 1027
Regiunea NORD-VEST, Anul 2004, Numar, 957
Regiunea NORD-VEST, Anul 2005, Numar, 928
Regiunea NORD-VEST, Anul 2006, Numar, 1027
Regiunea NORD-VEST, Anul 2007, Numar, 1164
Regiunea NORD-VEST, Anul 2008, Numar, 1148
Regiunea NORD-VEST, Anul 2009, Numar, 1372
Regiunea NORD-VEST, Anul 2010, Numar, 1442
Regiunea NORD-VEST, Anul 2011, Numar, 1215
Regiunea NORD-VEST, Anul 2012, Numar, 1349
Regiunea NORD-VEST, Anul 2013, Numar, 1313
Regiunea NORD-VEST, Anul 2014, Numar, 1753
Regiunea NORD-VEST, Anul 2015, Numar, 1547
Regiunea NORD-VEST, Anul 2016, Numar, 1416
Bihor, Anul 1990, Numar, 371
Bihor, Anul 1991, Numar, 577
Bihor, Anul 1992, Numar, 670
Bihor, Anul 1993, Numar, 1123
Bihor, Anul 1994, Numar, 1065
Bihor, Anul 1995, Numar, 1775
Bihor, Anul 1996, Numar, 1475
Bihor, Anul 1997, Numar, 1388
Bihor, Anul 1998, Numar, 1472
Bihor, Anul 1999, Numar, 1413
Bihor, Anul 2000, Numar, 1536
Bihor, Anul 2001, Numar, 1435
Bihor, Anul 2002, Numar, 934
Bihor, Anul 2003, Numar, 866
Bihor, Anul 2004, Numar, 736
Bihor, Anul 2005, Numar, 734
Bihor, Anul 2006, Numar, 847
Bihor, Anul 2007, Numar, 1115
Bihor, Anul 2008, Numar, 1046
Bihor, Anul 2009, Numar, 1284
Bihor, Anul 2010, Numar, 1290
Bihor, Anul 2011, Numar, 1022
Bihor, Anul 2012, Numar, 1057
Bihor, Anul 2013, Numar, 968
Bihor, Anul 2014, Numar, 1533
Bihor, Anul 2015, Numar, 1448
Bihor, Anul 2016, Numar, 1380
Bistrita-Nasaud, Anul 1990, Numar, 353
Bistrita-Nasaud, Anul 1991, Numar, 541
Bistrita-Nasaud, Anul 1992, Numar, 568
Bistrita-Nasaud, Anul 1993, Numar, 1108
Bistrita-Nasaud, Anul 1994, Numar, 1117
Bistrita-Nasaud, Anul 1995, Numar, 1216
Bistrita-Nasaud, Anul 1996, Numar, 1205
Bistrita-Nasaud, Anul 1997, Numar, 1426
Bistrita-Nasaud, Anul 1998, Numar, 1614
Bistrita-Nasaud, Anul 1999, Numar, 1621
Bistrita-Nasaud, Anul 2000, Numar, 1386
Bistrita-Nasaud, Anul 2001, Numar, 1396
Bistrita-Nasaud, Anul 2002, Numar, 1283
Bistrita-Nasaud, Anul 2003, Numar, 1307
Bistrita-Nasaud, Anul 2004, Numar, 1102
Bistrita-Nasaud, Anul 2005, Numar, 1011
Bistrita-Nasaud, Anul 2006, Numar, 1184
Bistrita-Nasaud, Anul 2007, Numar, 1044
Bistrita-Nasaud, Anul 2008, Numar, 1083
Bistrita-Nasaud, Anul 2009, Numar, 1165
Bistrita-Nasaud, Anul 2010, Numar, 1352
Bistrita-Nasaud, Anul 2011, Numar, 1300
Bistrita-Nasaud, Anul 2012, Numar, 1330
Bistrita-Nasaud, Anul 2013, Numar, 1172
Bistrita-Nasaud, Anul 2014, Numar, 1643
Bistrita-Nasaud, Anul 2015, Numar, 1394
Bistrita-Nasaud, Anul 2016, Numar, 1845
Cluj, Anul 1990, Numar, 429
Cluj, Anul 1991, Numar, 569
Cluj, Anul 1992, Numar, 618
Cluj, Anul 1993, Numar, 825
Cluj, Anul 1994, Numar, 857
Cluj, Anul 1995, Numar, 1106
Cluj, Anul 1996, Numar, 1269
Cluj, Anul 1997, Numar, 1386
Cluj, Anul 1998, Numar, 1633
Cluj, Anul 1999, Numar, 1121
Cluj, Anul 2000, Numar, 1080
Cluj, Anul 2001, Numar, 961
Cluj, Anul 2002, Numar, 967
Cluj, Anul 2003, Numar, 987
Cluj, Anul 2004, Numar, 1104
Cluj, Anul 2005, Numar, 945
Cluj, Anul 2006, Numar, 1117
Cluj, Anul 2007, Numar, 1211
Cluj, Anul 2008, Numar, 1237
Cluj, Anul 2009, Numar, 1426
Cluj, Anul 2010, Numar, 1699
Cluj, Anul 2011, Numar, 1450
Cluj, Anul 2012, Numar, 1654
Cluj, Anul 2013, Numar, 1709
Cluj, Anul 2014, Numar, 2064
Cluj, Anul 2015, Numar, 2130
Cluj, Anul 2016, Numar, 1543
Maramures, Anul 1990, Numar, 372
Maramures, Anul 1991, Numar, 465
Maramures, Anul 1992, Numar, 531
Maramures, Anul 1993, Numar, 900
Maramures, Anul 1994, Numar, 953
Maramures, Anul 1995, Numar, 1011
Maramures, Anul 1996, Numar, 1051
Maramures, Anul 1997, Numar, 1048
Maramures, Anul 1998, Numar, 1067
Maramures, Anul 1999, Numar, 1155
Maramures, Anul 2000, Numar, 1100
Maramures, Anul 2001, Numar, 1123
Maramures, Anul 2002, Numar, 949
Maramures, Anul 2003, Numar, 981
Maramures, Anul 2004, Numar, 907
Maramures, Anul 2005, Numar, 851
Maramures, Anul 2006, Numar, 995
Maramures, Anul 2007, Numar, 1130
Maramures, Anul 2008, Numar, 1090
Maramures, Anul 2009, Numar, 1314
Maramures, Anul 2010, Numar, 1373
Maramures, Anul 2011, Numar, 1169
Maramures, Anul 2012, Numar, 1192
Maramures, Anul 2013, Numar, 1249
Maramures, Anul 2014, Numar, 1643
Maramures, Anul 2015, Numar, 1181
Maramures, Anul 2016, Numar, 1301
Satu Mare, Anul 1990, Numar, 601
Satu Mare, Anul 1991, Numar, 615
Satu Mare, Anul 1992, Numar, 770
Satu Mare, Anul 1993, Numar, 1147
Satu Mare, Anul 1994, Numar, 1119
Satu Mare, Anul 1995, Numar, 1283
Satu Mare, Anul 1996, Numar, 1555
Satu Mare, Anul 1997, Numar, 1762
Satu Mare, Anul 1998, Numar, 1925
Satu Mare, Anul 1999, Numar, 1516
Satu Mare, Anul 2000, Numar, 1567
Satu Mare, Anul 2001, Numar, 1481
Satu Mare, Anul 2002, Numar, 1420
Satu Mare, Anul 2003, Numar, 1282
Satu Mare, Anul 2004, Numar, 1172
Satu Mare, Anul 2005, Numar, 1216
Satu Mare, Anul 2006, Numar, 1064
Satu Mare, Anul 2007, Numar, 1343
Satu Mare, Anul 2008, Numar, 1259
Satu Mare, Anul 2009, Numar, 1639
Satu Mare, Anul 2010, Numar, 1467
Satu Mare, Anul 2011, Numar, 1051
Satu Mare, Anul 2012, Numar, 1384
Satu Mare, Anul 2013, Numar, 1210
Satu Mare, Anul 2014, Numar, 1605
Satu Mare, Anul 2015, Numar, 1246
Satu Mare, Anul 2016, Numar, 997
Salaj, Anul 1990, Numar, 272
Salaj, Anul 1991, Numar, 420
Salaj, Anul 1992, Numar, 496
Salaj, Anul 1993, Numar, 1006
Salaj, Anul 1994, Numar, 806
Salaj, Anul 1995, Numar, 946
Salaj, Anul 1996, Numar, 980
Salaj, Anul 1997, Numar, 1175
Salaj, Anul 1998, Numar, 1242
Salaj, Anul 1999, Numar, 988
Salaj, Anul 2000, Numar, 861
Salaj, Anul 2001, Numar, 931
Salaj, Anul 2002, Numar, 805
Salaj, Anul 2003, Numar, 879
Salaj, Anul 2004, Numar, 955
Salaj, Anul 2005, Numar, 975
Salaj, Anul 2006, Numar, 1024
Salaj, Anul 2007, Numar, 1101
Salaj, Anul 2008, Numar, 1181
Salaj, Anul 2009, Numar, 1418
Salaj, Anul 2010, Numar, 1302
Salaj, Anul 2011, Numar, 1248
Salaj, Anul 2012, Numar, 1452
Salaj, Anul 2013, Numar, 1437
Salaj, Anul 2014, Numar, 1938
Salaj, Anul 2015, Numar, 1390
Salaj, Anul 2016, Numar, 1445
Regiunea CENTRU, Anul 1990, Numar, 316
Regiunea CENTRU, Anul 1991, Numar, 463
Regiunea CENTRU, Anul 1992, Numar, 504
Regiunea CENTRU, Anul 1993, Numar, 840
Regiunea CENTRU, Anul 1994, Numar, 917
Regiunea CENTRU, Anul 1995, Numar, 1095
Regiunea CENTRU, Anul 1996, Numar, 1250
Regiunea CENTRU, Anul 1997, Numar, 1536
Regiunea CENTRU, Anul 1998, Numar, 1822
Regiunea CENTRU, Anul 1999, Numar, 1706
Regiunea CENTRU, Anul 2000, Numar, 1692
Regiunea CENTRU, Anul 2001, Numar, 1637
Regiunea CENTRU, Anul 2002, Numar, 1567
Regiunea CENTRU, Anul 2003, Numar, 1382
Regiunea CENTRU, Anul 2004, Numar, 1143
Regiunea CENTRU, Anul 2005, Numar, 1032
Regiunea CENTRU, Anul 2006, Numar, 1169
Regiunea CENTRU, Anul 2007, Numar, 1378
Regiunea CENTRU, Anul 2008, Numar, 1447
Regiunea CENTRU, Anul 2009, Numar, 1604
Regiunea CENTRU, Anul 2010, Numar, 1566
Regiunea CENTRU, Anul 2011, Numar, 1490
Regiunea CENTRU, Anul 2012, Numar, 1642
Regiunea CENTRU, Anul 2013, Numar, 1638
Regiunea CENTRU, Anul 2014, Numar, 2046
Regiunea CENTRU, Anul 2015, Numar, 1641
Regiunea CENTRU, Anul 2016, Numar, 1606
Alba, Anul 1990, Numar, 341
Alba, Anul 1991, Numar, 468
Alba, Anul 1992, Numar, 548
Alba, Anul 1993, Numar, 877
Alba, Anul 1994, Numar, 915
Alba, Anul 1995, Numar, 1182
Alba, Anul 1996, Numar, 1157
Alba, Anul 1997, Numar, 1333
Alba, Anul 1998, Numar, 2293
Alba, Anul 1999, Numar, 1862
Alba, Anul 2000, Numar, 1666
Alba, Anul 2001, Numar, 1707
Alba, Anul 2002, Numar, 1914
Alba, Anul 2003, Numar, 1697
Alba, Anul 2004, Numar, 1470
Alba, Anul 2005, Numar, 1167
Alba, Anul 2006, Numar, 1330
Alba, Anul 2007, Numar, 1905
Alba, Anul 2008, Numar, 1978
Alba, Anul 2009, Numar, 2207
Alba, Anul 2010, Numar, 2094
Alba, Anul 2011, Numar, 1724
Alba, Anul 2012, Numar, 1892
Alba, Anul 2013, Numar, 2074
Alba, Anul 2014, Numar, 2177
Alba, Anul 2015, Numar, 1969
Alba, Anul 2016, Numar, 2061
Brasov, Anul 1990, Numar, 341
Brasov, Anul 1991, Numar, 516
Brasov, Anul 1992, Numar, 432
Brasov, Anul 1993, Numar, 663
Brasov, Anul 1994, Numar, 691
Brasov, Anul 1995, Numar, 970
Brasov, Anul 1996, Numar, 1287
Brasov, Anul 1997, Numar, 1756
Brasov, Anul 1998, Numar, 1808
Brasov, Anul 1999, Numar, 1901
Brasov, Anul 2000, Numar, 1985
Brasov, Anul 2001, Numar, 1867
Brasov, Anul 2002, Numar, 1803
Brasov, Anul 2003, Numar, 1438
Brasov, Anul 2004, Numar, 889
Brasov, Anul 2005, Numar, 915
Brasov, Anul 2006, Numar, 1107
Brasov, Anul 2007, Numar, 1161
Brasov, Anul 2008, Numar, 1242
Brasov, Anul 2009, Numar, 1407
Brasov, Anul 2010, Numar, 1332
Brasov, Anul 2011, Numar, 1868
Brasov, Anul 2012, Numar, 1921
Brasov, Anul 2013, Numar, 1777
Brasov, Anul 2014, Numar, 2551
Brasov, Anul 2015, Numar, 2425
Brasov, Anul 2016, Numar, 2048
Covasna, Anul 1990, Numar, 293
Covasna, Anul 1991, Numar, 470
Covasna, Anul 1992, Numar, 513
Covasna, Anul 1993, Numar, 905
Covasna, Anul 1994, Numar, 1065
Covasna, Anul 1995, Numar, 1478
Covasna, Anul 1996, Numar, 1772
Covasna, Anul 1997, Numar, 2005
Covasna, Anul 1998, Numar, 2383
Covasna, Anul 1999, Numar, 2138
Covasna, Anul 2000, Numar, 1963
Covasna, Anul 2001, Numar, 1959
Covasna, Anul 2002, Numar, 1820
Covasna, Anul 2003, Numar, 1598
Covasna, Anul 2004, Numar, 1574
Covasna, Anul 2005, Numar, 1234
Covasna, Anul 2006, Numar, 1151
Covasna, Anul 2007, Numar, 1082
Covasna, Anul 2008, Numar, 934
Covasna, Anul 2009, Numar, 1188
Covasna, Anul 2010, Numar, 1151
Covasna, Anul 2011, Numar, 1032
Covasna, Anul 2012, Numar, 1200
Covasna, Anul 2013, Numar, 1011
Covasna, Anul 2014, Numar, 1010
Covasna, Anul 2015, Numar, 1143
Covasna, Anul 2016, Numar, 945
Harghita, Anul 1990, Numar, 184
Harghita, Anul 1991, Numar, 340
Harghita, Anul 1992, Numar, 379
Harghita, Anul 1993, Numar, 793
Harghita, Anul 1994, Numar, 955
Harghita, Anul 1995, Numar, 1146
Harghita, Anul 1996, Numar, 1288
Harghita, Anul 1997, Numar, 1576
Harghita, Anul 1998, Numar, 1883
Harghita, Anul 1999, Numar, 1767
Harghita, Anul 2000, Numar, 1431
Harghita, Anul 2001, Numar, 1318
Harghita, Anul 2002, Numar, 1367
Harghita, Anul 2003, Numar, 1352
Harghita, Anul 2004, Numar, 1229
Harghita, Anul 2005, Numar, 1356
Harghita, Anul 2006, Numar, 1415
Harghita, Anul 2007, Numar, 1455
Harghita, Anul 2008, Numar, 1408
Harghita, Anul 2009, Numar, 1517
Harghita, Anul 2010, Numar, 1680
Harghita, Anul 2011, Numar, 1750
Harghita, Anul 2012, Numar, 1595
Harghita, Anul 2013, Numar, 1586
Harghita, Anul 2014, Numar, 1510
Harghita, Anul 2015, Numar, 1047
Harghita, Anul 2016, Numar, 1113
Mures, Anul 1990, Numar, 330
Mures, Anul 1991, Numar, 456
Mures, Anul 1992, Numar, 551
Mures, Anul 1993, Numar, 866
Mures, Anul 1994, Numar, 1079
Mures, Anul 1995, Numar, 1010
Mures, Anul 1996, Numar, 1122
Mures, Anul 1997, Numar, 1334
Mures, Anul 1998, Numar, 1514
Mures, Anul 1999, Numar, 1459
Mures, Anul 2000, Numar, 1414
Mures, Anul 2001, Numar, 1312
Mures, Anul 2002, Numar, 1092
Mures, Anul 2003, Numar, 1098
Mures, Anul 2004, Numar, 946
Mures, Anul 2005, Numar, 976
Mures, Anul 2006, Numar, 1129
Mures, Anul 2007, Numar, 1519
Mures, Anul 2008, Numar, 1687
Mures, Anul 2009, Numar, 1787
Mures, Anul 2010, Numar, 1713
Mures, Anul 2011, Numar, 1255
Mures, Anul 2012, Numar, 1487
Mures, Anul 2013, Numar, 1606
Mures, Anul 2014, Numar, 2526
Mures, Anul 2015, Numar, 1439
Mures, Anul 2016, Numar, 1601
Sibiu, Anul 1990, Numar, 347
Sibiu, Anul 1991, Numar, 479
Sibiu, Anul 1992, Numar, 597
Sibiu, Anul 1993, Numar, 1028
Sibiu, Anul 1994, Numar, 916
Sibiu, Anul 1995, Numar, 1074
Sibiu, Anul 1996, Numar, 1154
Sibiu, Anul 1997, Numar, 1400
Sibiu, Anul 1998, Numar, 1495
Sibiu, Anul 1999, Numar, 1350
Sibiu, Anul 2000, Numar, 1735
Sibiu, Anul 2001, Numar, 1769
Sibiu, Anul 2002, Numar, 1600
Sibiu, Anul 2003, Numar, 1318
Sibiu, Anul 2004, Numar, 1184
Sibiu, Anul 2005, Numar, 795
Sibiu, Anul 2006, Numar, 985
Sibiu, Anul 2007, Numar, 1118
Sibiu, Anul 2008, Numar, 1237
Sibiu, Anul 2009, Numar, 1386
Sibiu, Anul 2010, Numar, 1362
Sibiu, Anul 2011, Numar, 1112
Sibiu, Anul 2012, Numar, 1528
Sibiu, Anul 2013, Numar, 1487
Sibiu, Anul 2014, Numar, 1536
Sibiu, Anul 2015, Numar, 1278
Sibiu, Anul 2016, Numar, 1342
MACROREGIUNEA DOI, Anul 1990, Numar, 404
MACROREGIUNEA DOI, Anul 1991, Numar, 598
MACROREGIUNEA DOI, Anul 1992, Numar, 616
MACROREGIUNEA DOI, Anul 1993, Numar, 956
MACROREGIUNEA DOI, Anul 1994, Numar, 1028
MACROREGIUNEA DOI, Anul 1995, Numar, 1317
MACROREGIUNEA DOI, Anul 1996, Numar, 1426
MACROREGIUNEA DOI, Anul 1997, Numar, 1608
MACROREGIUNEA DOI, Anul 1998, Numar, 1731
MACROREGIUNEA DOI, Anul 1999, Numar, 1588
MACROREGIUNEA DOI, Anul 2000, Numar, 1559
MACROREGIUNEA DOI, Anul 2001, Numar, 1529
MACROREGIUNEA DOI, Anul 2002, Numar, 1422
MACROREGIUNEA DOI, Anul 2003, Numar, 1264
MACROREGIUNEA DOI, Anul 2004, Numar, 1136
MACROREGIUNEA DOI, Anul 2005, Numar, 998
MACROREGIUNEA DOI, Anul 2006, Numar, 1019
MACROREGIUNEA DOI, Anul 2007, Numar, 1237
MACROREGIUNEA DOI, Anul 2008, Numar, 1232
MACROREGIUNEA DOI, Anul 2009, Numar, 1196
MACROREGIUNEA DOI, Anul 2010, Numar, 1161
MACROREGIUNEA DOI, Anul 2011, Numar, 1104
MACROREGIUNEA DOI, Anul 2012, Numar, 1523
MACROREGIUNEA DOI, Anul 2013, Numar, 1548
MACROREGIUNEA DOI, Anul 2014, Numar, 1900
MACROREGIUNEA DOI, Anul 2015, Numar, 1658
MACROREGIUNEA DOI, Anul 2016, Numar, 1808
Regiunea NORD-EST, Anul 1990, Numar, 345
Regiunea NORD-EST, Anul 1991, Numar, 517
Regiunea NORD-EST, Anul 1992, Numar, 559
Regiunea NORD-EST, Anul 1993, Numar, 898
Regiunea NORD-EST, Anul 1994, Numar, 1023
Regiunea NORD-EST, Anul 1995, Numar, 1359
Regiunea NORD-EST, Anul 1996, Numar, 1475
Regiunea NORD-EST, Anul 1997, Numar, 1648
Regiunea NORD-EST, Anul 1998, Numar, 1748
Regiunea NORD-EST, Anul 1999, Numar, 1576
Regiunea NORD-EST, Anul 2000, Numar, 1525
Regiunea NORD-EST, Anul 2001, Numar, 1466
Regiunea NORD-EST, Anul 2002, Numar, 1456
Regiunea NORD-EST, Anul 2003, Numar, 1312
Regiunea NORD-EST, Anul 2004, Numar, 1192
Regiunea NORD-EST, Anul 2005, Numar, 1062
Regiunea NORD-EST, Anul 2006, Numar, 1057
Regiunea NORD-EST, Anul 2007, Numar, 1246
Regiunea NORD-EST, Anul 2008, Numar, 1231
Regiunea NORD-EST, Anul 2009, Numar, 1171
Regiunea NORD-EST, Anul 2010, Numar, 1141
Regiunea NORD-EST, Anul 2011, Numar, 1116
Regiunea NORD-EST, Anul 2012, Numar, 1523
Regiunea NORD-EST, Anul 2013, Numar, 1522
Regiunea NORD-EST, Anul 2014, Numar, 1881
Regiunea NORD-EST, Anul 2015, Numar, 1613
Regiunea NORD-EST, Anul 2016, Numar, 1736
Bacau, Anul 1990, Numar, 384
Bacau, Anul 1991, Numar, 710
Bacau, Anul 1992, Numar, 708
Bacau, Anul 1993, Numar, 1158
Bacau, Anul 1994, Numar, 1200
Bacau, Anul 1995, Numar, 1355
Bacau, Anul 1996, Numar, 1563
Bacau, Anul 1997, Numar, 2094
Bacau, Anul 1998, Numar, 2092
Bacau, Anul 1999, Numar, 1982
Bacau, Anul 2000, Numar, 1858
Bacau, Anul 2001, Numar, 1735
Bacau, Anul 2002, Numar, 1913
Bacau, Anul 2003, Numar, 1652
Bacau, Anul 2004, Numar, 1265
Bacau, Anul 2005, Numar, 901
Bacau, Anul 2006, Numar, 896
Bacau, Anul 2007, Numar, 1303
Bacau, Anul 2008, Numar, 1452
Bacau, Anul 2009, Numar, 1280
Bacau, Anul 2010, Numar, 1234
Bacau, Anul 2011, Numar, 1155
Bacau, Anul 2012, Numar, 1578
Bacau, Anul 2013, Numar, 1553
Bacau, Anul 2014, Numar, 1770
Bacau, Anul 2015, Numar, 1523
Bacau, Anul 2016, Numar, 1681
Botosani, Anul 1990, Numar, 324
Botosani, Anul 1991, Numar, 563
Botosani, Anul 1992, Numar, 593
Botosani, Anul 1993, Numar, 951
Botosani, Anul 1994, Numar, 1221
Botosani, Anul 1995, Numar, 1336
Botosani, Anul 1996, Numar, 1652
Botosani, Anul 1997, Numar, 1765
Botosani, Anul 1998, Numar, 1967
Botosani, Anul 1999, Numar, 1804
Botosani, Anul 2000, Numar, 1755
Botosani, Anul 2001, Numar, 1832
Botosani, Anul 2002, Numar, 1644
Botosani, Anul 2003, Numar, 1233
Botosani, Anul 2004, Numar, 1314
Botosani, Anul 2005, Numar, 1177
Botosani, Anul 2006, Numar, 1049
Botosani, Anul 2007, Numar, 1143
Botosani, Anul 2008, Numar, 1020
Botosani, Anul 2009, Numar, 1004
Botosani, Anul 2010, Numar, 1093
Botosani, Anul 2011, Numar, 1174
Botosani, Anul 2012, Numar, 1263
Botosani, Anul 2013, Numar, 1313
Botosani, Anul 2014, Numar, 1955
Botosani, Anul 2015, Numar, 1421
Botosani, Anul 2016, Numar, 1523
Iasi, Anul 1990, Numar, 368
Iasi, Anul 1991, Numar, 491
Iasi, Anul 1992, Numar, 536
Iasi, Anul 1993, Numar, 885
Iasi, Anul 1994, Numar, 1093
Iasi, Anul 1995, Numar, 1791
Iasi, Anul 1996, Numar, 1587
Iasi, Anul 1997, Numar, 1565
Iasi, Anul 1998, Numar, 1637
Iasi, Anul 1999, Numar, 1335
Iasi, Anul 2000, Numar, 1332
Iasi, Anul 2001, Numar, 1290
Iasi, Anul 2002, Numar, 1254
Iasi, Anul 2003, Numar, 1119
Iasi, Anul 2004, Numar, 987
Iasi, Anul 2005, Numar, 839
Iasi, Anul 2006, Numar, 974
Iasi, Anul 2007, Numar, 1202
Iasi, Anul 2008, Numar, 1146
Iasi, Anul 2009, Numar, 1074
Iasi, Anul 2010, Numar, 1088
Iasi, Anul 2011, Numar, 923
Iasi, Anul 2012, Numar, 1416
Iasi, Anul 2013, Numar, 1396
Iasi, Anul 2014, Numar, 2159
Iasi, Anul 2015, Numar, 1621
Iasi, Anul 2016, Numar, 1801
Neamt, Anul 1990, Numar, 331
Neamt, Anul 1991, Numar, 414
Neamt, Anul 1992, Numar, 466
Neamt, Anul 1993, Numar, 618
Neamt, Anul 1994, Numar, 653
Neamt, Anul 1995, Numar, 905
Neamt, Anul 1996, Numar, 922
Neamt, Anul 1997, Numar, 1157
Neamt, Anul 1998, Numar, 1251
Neamt, Anul 1999, Numar, 1186
Neamt, Anul 2000, Numar, 1101
Neamt, Anul 2001, Numar, 1094
Neamt, Anul 2002, Numar, 1204
Neamt, Anul 2003, Numar, 1408
Neamt, Anul 2004, Numar, 1279
Neamt, Anul 2005, Numar, 1413
Neamt, Anul 2006, Numar, 1221
Neamt, Anul 2007, Numar, 1390
Neamt, Anul 2008, Numar, 1406
Neamt, Anul 2009, Numar, 1274
Neamt, Anul 2010, Numar, 1123
Neamt, Anul 2011, Numar, 1001
Neamt, Anul 2012, Numar, 1651
Neamt, Anul 2013, Numar, 1785
Neamt, Anul 2014, Numar, 1527
Neamt, Anul 2015, Numar, 1450
Neamt, Anul 2016, Numar, 1662
Suceava, Anul 1990, Numar, 229
Suceava, Anul 1991, Numar, 340
Suceava, Anul 1992, Numar, 431
Suceava, Anul 1993, Numar, 757
Suceava, Anul 1994, Numar, 856
Suceava, Anul 1995, Numar, 1195
Suceava, Anul 1996, Numar, 1531
Suceava, Anul 1997, Numar, 1647
Suceava, Anul 1998, Numar, 1729
Suceava, Anul 1999, Numar, 1582
Suceava, Anul 2000, Numar, 1559
Suceava, Anul 2001, Numar, 1452
Suceava, Anul 2002, Numar, 1343
Suceava, Anul 2003, Numar, 1288
Suceava, Anul 2004, Numar, 1239
Suceava, Anul 2005, Numar, 1152
Suceava, Anul 2006, Numar, 1129
Suceava, Anul 2007, Numar, 1148
Suceava, Anul 2008, Numar, 1165
Suceava, Anul 2009, Numar, 1161
Suceava, Anul 2010, Numar, 1062
Suceava, Anul 2011, Numar, 1178
Suceava, Anul 2012, Numar, 1476
Suceava, Anul 2013, Numar, 1277
Suceava, Anul 2014, Numar, 1492
Suceava, Anul 2015, Numar, 1515
Suceava, Anul 2016, Numar, 1427
Vaslui, Anul 1990, Numar, 455
Vaslui, Anul 1991, Numar, 612
Vaslui, Anul 1992, Numar, 639
Vaslui, Anul 1993, Numar, 1021
Vaslui, Anul 1994, Numar, 1142
Vaslui, Anul 1995, Numar, 1451
Vaslui, Anul 1996, Numar, 1570
Vaslui, Anul 1997, Numar, 1580
Vaslui, Anul 1998, Numar, 1826
Vaslui, Anul 1999, Numar, 1608
Vaslui, Anul 2000, Numar, 1590
Vaslui, Anul 2001, Numar, 1471
Vaslui, Anul 2002, Numar, 1389
Vaslui, Anul 2003, Numar, 1120
Vaslui, Anul 2004, Numar, 1142
Vaslui, Anul 2005, Numar, 1017
Vaslui, Anul 2006, Numar, 1153
Vaslui, Anul 2007, Numar, 1315
Vaslui, Anul 2008, Numar, 1128
Vaslui, Anul 2009, Numar, 1227
Vaslui, Anul 2010, Numar, 1282
Vaslui, Anul 2011, Numar, 1399
Vaslui, Anul 2012, Numar, 1841
Vaslui, Anul 2013, Numar, 2021
Vaslui, Anul 2014, Numar, 2466
Vaslui, Anul 2015, Numar, 2288
Vaslui, Anul 2016, Numar, 2491
Regiunea SUD-EST, Anul 1990, Numar, 479
Regiunea SUD-EST, Anul 1991, Numar, 701
Regiunea SUD-EST, Anul 1992, Numar, 688
Regiunea SUD-EST, Anul 1993, Numar, 1030
Regiunea SUD-EST, Anul 1994, Numar, 1035
Regiunea SUD-EST, Anul 1995, Numar, 1264
Regiunea SUD-EST, Anul 1996, Numar, 1364
Regiunea SUD-EST, Anul 1997, Numar, 1557
Regiunea SUD-EST, Anul 1998, Numar, 1708
Regiunea SUD-EST, Anul 1999, Numar, 1604
Regiunea SUD-EST, Anul 2000, Numar, 1604
Regiunea SUD-EST, Anul 2001, Numar, 1611
Regiunea SUD-EST, Anul 2002, Numar, 1377
Regiunea SUD-EST, Anul 2003, Numar, 1200
Regiunea SUD-EST, Anul 2004, Numar, 1063
Regiunea SUD-EST, Anul 2005, Numar, 915
Regiunea SUD-EST, Anul 2006, Numar, 968
Regiunea SUD-EST, Anul 2007, Numar, 1225
Regiunea SUD-EST, Anul 2008, Numar, 1234
Regiunea SUD-EST, Anul 2009, Numar, 1229
Regiunea SUD-EST, Anul 2010, Numar, 1188
Regiunea SUD-EST, Anul 2011, Numar, 1087
Regiunea SUD-EST, Anul 2012, Numar, 1524
Regiunea SUD-EST, Anul 2013, Numar, 1583
Regiunea SUD-EST, Anul 2014, Numar, 1925
Regiunea SUD-EST, Anul 2015, Numar, 1718
Regiunea SUD-EST, Anul 2016, Numar, 1905
Braila, Anul 1990, Numar, 575
Braila, Anul 1991, Numar, 921
Braila, Anul 1992, Numar, 951
Braila, Anul 1993, Numar, 1100
Braila, Anul 1994, Numar, 1184
Braila, Anul 1995, Numar, 1398
Braila, Anul 1996, Numar, 1385
Braila, Anul 1997, Numar, 1693
Braila, Anul 1998, Numar, 2007
Braila, Anul 1999, Numar, 1775
Braila, Anul 2000, Numar, 1629
Braila, Anul 2001, Numar, 1559
Braila, Anul 2002, Numar, 1134
Braila, Anul 2003, Numar, 986
Braila, Anul 2004, Numar, 806
Braila, Anul 2005, Numar, 759
Braila, Anul 2006, Numar, 861
Braila, Anul 2007, Numar, 971
Braila, Anul 2008, Numar, 1171
Braila, Anul 2009, Numar, 1080
Braila, Anul 2010, Numar, 1236
Braila, Anul 2011, Numar, 1063
Braila, Anul 2012, Numar, 1363
Braila, Anul 2013, Numar, 1520
Braila, Anul 2014, Numar, 1944
Braila, Anul 2015, Numar, 1668
Braila, Anul 2016, Numar, 2062
Buzau, Anul 1990, Numar, 330
Buzau, Anul 1991, Numar, 533
Buzau, Anul 1992, Numar, 629
Buzau, Anul 1993, Numar, 907
Buzau, Anul 1994, Numar, 1005
Buzau, Anul 1995, Numar, 1261
Buzau, Anul 1996, Numar, 1432
Buzau, Anul 1997, Numar, 1605
Buzau, Anul 1998, Numar, 1650
Buzau, Anul 1999, Numar, 1429
Buzau, Anul 2000, Numar, 1445
Buzau, Anul 2001, Numar, 1480
Buzau, Anul 2002, Numar, 1574
Buzau, Anul 2003, Numar, 1070
Buzau, Anul 2004, Numar, 1049
Buzau, Anul 2005, Numar, 931
Buzau, Anul 2006, Numar, 960
Buzau, Anul 2007, Numar, 1070
Buzau, Anul 2008, Numar, 1217
Buzau, Anul 2009, Numar, 1162
Buzau, Anul 2010, Numar, 1124
Buzau, Anul 2011, Numar, 1030
Buzau, Anul 2012, Numar, 1188
Buzau, Anul 2013, Numar, 1271
Buzau, Anul 2014, Numar, 1704
Buzau, Anul 2015, Numar, 1728
Buzau, Anul 2016, Numar, 1871
Constanta, Anul 1990, Numar, 506
Constanta, Anul 1991, Numar, 749
Constanta, Anul 1992, Numar, 769
Constanta, Anul 1993, Numar, 1186
Constanta, Anul 1994, Numar, 1134
Constanta, Anul 1995, Numar, 1533
Constanta, Anul 1996, Numar, 1422
Constanta, Anul 1997, Numar, 1525
Constanta, Anul 1998, Numar, 1672
Constanta, Anul 1999, Numar, 1476
Constanta, Anul 2000, Numar, 1553
Constanta, Anul 2001, Numar, 1866
Constanta, Anul 2002, Numar, 1431
Constanta, Anul 2003, Numar, 1346
Constanta, Anul 2004, Numar, 1331
Constanta, Anul 2005, Numar, 1028
Constanta, Anul 2006, Numar, 1004
Constanta, Anul 2007, Numar, 1432
Constanta, Anul 2008, Numar, 1341
Constanta, Anul 2009, Numar, 1317
Constanta, Anul 2010, Numar, 1209
Constanta, Anul 2011, Numar, 1023
Constanta, Anul 2012, Numar, 1977
Constanta, Anul 2013, Numar, 2240
Constanta, Anul 2014, Numar, 2424
Constanta, Anul 2015, Numar, 2309
Constanta, Anul 2016, Numar, 2201
Galati, Anul 1990, Numar, 560
Galati, Anul 1991, Numar, 675
Galati, Anul 1992, Numar, 609
Galati, Anul 1993, Numar, 1054
Galati, Anul 1994, Numar, 1038
Galati, Anul 1995, Numar, 1097
Galati, Anul 1996, Numar, 1363
Galati, Anul 1997, Numar, 1619
Galati, Anul 1998, Numar, 1811
Galati, Anul 1999, Numar, 1595
Galati, Anul 2000, Numar, 1472
Galati, Anul 2001, Numar, 1371
Galati, Anul 2002, Numar, 1139
Galati, Anul 2003, Numar, 1007
Galati, Anul 2004, Numar, 818
Galati, Anul 2005, Numar, 677
Galati, Anul 2006, Numar, 859
Galati, Anul 2007, Numar, 1087
Galati, Anul 2008, Numar, 972
Galati, Anul 2009, Numar, 956
Galati, Anul 2010, Numar, 985
Galati, Anul 2011, Numar, 1082
Galati, Anul 2012, Numar, 1294
Galati, Anul 2013, Numar, 1135
Galati, Anul 2014, Numar, 1692
Galati, Anul 2015, Numar, 1404
Galati, Anul 2016, Numar, 1872
Tulcea, Anul 1990, Numar, 392
Tulcea, Anul 1991, Numar, 517
Tulcea, Anul 1992, Numar, 464
Tulcea, Anul 1993, Numar, 828
Tulcea, Anul 1994, Numar, 785
Tulcea, Anul 1995, Numar, 1194
Tulcea, Anul 1996, Numar, 1261
Tulcea, Anul 1997, Numar, 1399
Tulcea, Anul 1998, Numar, 1755
Tulcea, Anul 1999, Numar, 1927
Tulcea, Anul 2000, Numar, 2065
Tulcea, Anul 2001, Numar, 1417
Tulcea, Anul 2002, Numar, 1342
Tulcea, Anul 2003, Numar, 1303
Tulcea, Anul 2004, Numar, 1116
Tulcea, Anul 2005, Numar, 1061
Tulcea, Anul 2006, Numar, 1140
Tulcea, Anul 2007, Numar, 1450
Tulcea, Anul 2008, Numar, 1330
Tulcea, Anul 2009, Numar, 1701
Tulcea, Anul 2010, Numar, 1638
Tulcea, Anul 2011, Numar, 1593
Tulcea, Anul 2012, Numar, 2055
Tulcea, Anul 2013, Numar, 1859
Tulcea, Anul 2014, Numar, 1878
Tulcea, Anul 2015, Numar, 1748
Tulcea, Anul 2016, Numar, 1875
Vrancea, Anul 1990, Numar, 453
Vrancea, Anul 1991, Numar, 772
Vrancea, Anul 1992, Numar, 632
Vrancea, Anul 1993, Numar, 928
Vrancea, Anul 1994, Numar, 906
Vrancea, Anul 1995, Numar, 941
Vrancea, Anul 1996, Numar, 1216
Vrancea, Anul 1997, Numar, 1425
Vrancea, Anul 1998, Numar, 1357
Vrancea, Anul 1999, Numar, 1703
Vrancea, Anul 2000, Numar, 1789
Vrancea, Anul 2001, Numar, 1870
Vrancea, Anul 2002, Numar, 1663
Vrancea, Anul 2003, Numar, 1540
Vrancea, Anul 2004, Numar, 1193
Vrancea, Anul 2005, Numar, 1121
Vrancea, Anul 2006, Numar, 1076
Vrancea, Anul 2007, Numar, 1349
Vrancea, Anul 2008, Numar, 1469
Vrancea, Anul 2009, Numar, 1413
Vrancea, Anul 2010, Numar, 1219
Vrancea, Anul 2011, Numar, 988
Vrancea, Anul 2012, Numar, 1232
Vrancea, Anul 2013, Numar, 1247
Vrancea, Anul 2014, Numar, 1571
Vrancea, Anul 2015, Numar, 1011
Vrancea, Anul 2016, Numar, 1262
MACROREGIUNEA TREI, Anul 1990, Numar, 489
MACROREGIUNEA TREI, Anul 1991, Numar, 641
MACROREGIUNEA TREI, Anul 1992, Numar, 646
MACROREGIUNEA TREI, Anul 1993, Numar, 970
MACROREGIUNEA TREI, Anul 1994, Numar, 1051
MACROREGIUNEA TREI, Anul 1995, Numar, 1274
MACROREGIUNEA TREI, Anul 1996, Numar, 1353
MACROREGIUNEA TREI, Anul 1997, Numar, 1594
MACROREGIUNEA TREI, Anul 1998, Numar, 1787
MACROREGIUNEA TREI, Anul 1999, Numar, 1637
MACROREGIUNEA TREI, Anul 2000, Numar, 1584
MACROREGIUNEA TREI, Anul 2001, Numar, 1548
MACROREGIUNEA TREI, Anul 2002, Numar, 1504
MACROREGIUNEA TREI, Anul 2003, Numar, 1270
MACROREGIUNEA TREI, Anul 2004, Numar, 968
MACROREGIUNEA TREI, Anul 2005, Numar, 911
MACROREGIUNEA TREI, Anul 2006, Numar, 1121
MACROREGIUNEA TREI, Anul 2007, Numar, 1299
MACROREGIUNEA TREI, Anul 2008, Numar, 1322
MACROREGIUNEA TREI, Anul 2009, Numar, 1303
MACROREGIUNEA TREI, Anul 2010, Numar, 1318
MACROREGIUNEA TREI, Anul 2011, Numar, 1159
MACROREGIUNEA TREI, Anul 2012, Numar, 1575
MACROREGIUNEA TREI, Anul 2013, Numar, 1631
MACROREGIUNEA TREI, Anul 2014, Numar, 2421
MACROREGIUNEA TREI, Anul 2015, Numar, 1984
MACROREGIUNEA TREI, Anul 2016, Numar, 1885
Regiunea SUD-MUNTENIA, Anul 1990, Numar, 344
Regiunea SUD-MUNTENIA, Anul 1991, Numar, 549
Regiunea SUD-MUNTENIA, Anul 1992, Numar, 590
Regiunea SUD-MUNTENIA, Anul 1993, Numar, 877
Regiunea SUD-MUNTENIA, Anul 1994, Numar, 1002
Regiunea SUD-MUNTENIA, Anul 1995, Numar, 1206
Regiunea SUD-MUNTENIA, Anul 1996, Numar, 1360
Regiunea SUD-MUNTENIA, Anul 1997, Numar, 1527
Regiunea SUD-MUNTENIA, Anul 1998, Numar, 1686
Regiunea SUD-MUNTENIA, Anul 1999, Numar, 1516
Regiunea SUD-MUNTENIA, Anul 2000, Numar, 1469
Regiunea SUD-MUNTENIA, Anul 2001, Numar, 1292
Regiunea SUD-MUNTENIA, Anul 2002, Numar, 1201
Regiunea SUD-MUNTENIA, Anul 2003, Numar, 1158
Regiunea SUD-MUNTENIA, Anul 2004, Numar, 978
Regiunea SUD-MUNTENIA, Anul 2005, Numar, 904
Regiunea SUD-MUNTENIA, Anul 2006, Numar, 935
Regiunea SUD-MUNTENIA, Anul 2007, Numar, 1222
Regiunea SUD-MUNTENIA, Anul 2008, Numar, 1234
Regiunea SUD-MUNTENIA, Anul 2009, Numar, 1285
Regiunea SUD-MUNTENIA, Anul 2010, Numar, 1326
Regiunea SUD-MUNTENIA, Anul 2011, Numar, 1158
Regiunea SUD-MUNTENIA, Anul 2012, Numar, 1366
Regiunea SUD-MUNTENIA, Anul 2013, Numar, 1398
Regiunea SUD-MUNTENIA, Anul 2014, Numar, 1939
Regiunea SUD-MUNTENIA, Anul 2015, Numar, 1693
Regiunea SUD-MUNTENIA, Anul 2016, Numar, 1561
Arges, Anul 1990, Numar, 221
Arges, Anul 1991, Numar, 469
Arges, Anul 1992, Numar, 446
Arges, Anul 1993, Numar, 556
Arges, Anul 1994, Numar, 674
Arges, Anul 1995, Numar, 828
Arges, Anul 1996, Numar, 911
Arges, Anul 1997, Numar, 1153
Arges, Anul 1998, Numar, 1391
Arges, Anul 1999, Numar, 1220
Arges, Anul 2000, Numar, 1207
Arges, Anul 2001, Numar, 1181
Arges, Anul 2002, Numar, 1288
Arges, Anul 2003, Numar, 1210
Arges, Anul 2004, Numar, 825
Arges, Anul 2005, Numar, 678
Arges, Anul 2006, Numar, 736
Arges, Anul 2007, Numar, 1181
Arges, Anul 2008, Numar, 1179
Arges, Anul 2009, Numar, 1240
Arges, Anul 2010, Numar, 1255
Arges, Anul 2011, Numar, 1173
Arges, Anul 2012, Numar, 1288
Arges, Anul 2013, Numar, 1302
Arges, Anul 2014, Numar, 1994
Arges, Anul 2015, Numar, 1941
Arges, Anul 2016, Numar, 1695
Calarasi, Anul 1990, Numar, 385
Calarasi, Anul 1991, Numar, 481
Calarasi, Anul 1992, Numar, 565
Calarasi, Anul 1993, Numar, 1021
Calarasi, Anul 1994, Numar, 1032
Calarasi, Anul 1995, Numar, 1293
Calarasi, Anul 1996, Numar, 1586
Calarasi, Anul 1997, Numar, 1892
Calarasi, Anul 1998, Numar, 1778
Calarasi, Anul 1999, Numar, 1912
Calarasi, Anul 2000, Numar, 1930
Calarasi, Anul 2001, Numar, 1681
Calarasi, Anul 2002, Numar, 1611
Calarasi, Anul 2003, Numar, 1409
Calarasi, Anul 2004, Numar, 1192
Calarasi, Anul 2005, Numar, 1246
Calarasi, Anul 2006, Numar, 1161
Calarasi, Anul 2007, Numar, 1617
Calarasi, Anul 2008, Numar, 1678
Calarasi, Anul 2009, Numar, 1870
Calarasi, Anul 2010, Numar, 1702
Calarasi, Anul 2011, Numar, 919
Calarasi, Anul 2012, Numar, 1491
Calarasi, Anul 2013, Numar, 1567
Calarasi, Anul 2014, Numar, 2198
Calarasi, Anul 2015, Numar, 1990
Calarasi, Anul 2016, Numar, 1454
Dambovita, Anul 1990, Numar, 281
Dambovita, Anul 1991, Numar, 416
Dambovita, Anul 1992, Numar, 516
Dambovita, Anul 1993, Numar, 929
Dambovita, Anul 1994, Numar, 1077
Dambovita, Anul 1995, Numar, 1192
Dambovita, Anul 1996, Numar, 1350
Dambovita, Anul 1997, Numar, 1533
Dambovita, Anul 1998, Numar, 1625
Dambovita, Anul 1999, Numar, 1378
Dambovita, Anul 2000, Numar, 1362
Dambovita, Anul 2001, Numar, 1362
Dambovita, Anul 2002, Numar, 1331
Dambovita, Anul 2003, Numar, 1347
Dambovita, Anul 2004, Numar, 1384
Dambovita, Anul 2005, Numar, 1223
Dambovita, Anul 2006, Numar, 1150
Dambovita, Anul 2007, Numar, 1186
Dambovita, Anul 2008, Numar, 1066
Dambovita, Anul 2009, Numar, 1130
Dambovita, Anul 2010, Numar, 1402
Dambovita, Anul 2011, Numar, 1097
Dambovita, Anul 2012, Numar, 1425
Dambovita, Anul 2013, Numar, 1550
Dambovita, Anul 2014, Numar, 1869
Dambovita, Anul 2015, Numar, 1454
Dambovita, Anul 2016, Numar, 1558
Giurgiu, Anul 1990, Numar, 325
Giurgiu, Anul 1991, Numar, 541
Giurgiu, Anul 1992, Numar, 714
Giurgiu, Anul 1993, Numar, 1100
Giurgiu, Anul 1994, Numar, 1376
Giurgiu, Anul 1995, Numar, 1560
Giurgiu, Anul 1996, Numar, 1912
Giurgiu, Anul 1997, Numar, 1855
Giurgiu, Anul 1998, Numar, 2014
Giurgiu, Anul 1999, Numar, 1741
Giurgiu, Anul 2000, Numar, 1396
Giurgiu, Anul 2001, Numar, 1185
Giurgiu, Anul 2002, Numar, 956
Giurgiu, Anul 2003, Numar, 979
Giurgiu, Anul 2004, Numar, 931
Giurgiu, Anul 2005, Numar, 789
Giurgiu, Anul 2006, Numar, 912
Giurgiu, Anul 2007, Numar, 1339
Giurgiu, Anul 2008, Numar, 1406
Giurgiu, Anul 2009, Numar, 1312
Giurgiu, Anul 2010, Numar, 1772
Giurgiu, Anul 2011, Numar, 1299
Giurgiu, Anul 2012, Numar, 1328
Giurgiu, Anul 2013, Numar, 1405
Giurgiu, Anul 2014, Numar, 1649
Giurgiu, Anul 2015, Numar, 1193
Giurgiu, Anul 2016, Numar, 1262
Ialomita, Anul 1990, Numar, 395
Ialomita, Anul 1991, Numar, 597
Ialomita, Anul 1992, Numar, 662
Ialomita, Anul 1993, Numar, 888
Ialomita, Anul 1994, Numar, 1122
Ialomita, Anul 1995, Numar, 1525
Ialomita, Anul 1996, Numar, 1809
Ialomita, Anul 1997, Numar, 1940
Ialomita, Anul 1998, Numar, 2047
Ialomita, Anul 1999, Numar, 1744
Ialomita, Anul 2000, Numar, 1906
Ialomita, Anul 2001, Numar, 1559
Ialomita, Anul 2002, Numar, 1349
Ialomita, Anul 2003, Numar, 1324
Ialomita, Anul 2004, Numar, 1125
Ialomita, Anul 2005, Numar, 1099
Ialomita, Anul 2006, Numar, 1236
Ialomita, Anul 2007, Numar, 1492
Ialomita, Anul 2008, Numar, 1511
Ialomita, Anul 2009, Numar, 1620
Ialomita, Anul 2010, Numar, 1419
Ialomita, Anul 2011, Numar, 1498
Ialomita, Anul 2012, Numar, 1382
Ialomita, Anul 2013, Numar, 1513
Ialomita, Anul 2014, Numar, 2323
Ialomita, Anul 2015, Numar, 1806
Ialomita, Anul 2016, Numar, 1671
Prahova, Anul 1990, Numar, 463
Prahova, Anul 1991, Numar, 720
Prahova, Anul 1992, Numar, 645
Prahova, Anul 1993, Numar, 908
Prahova, Anul 1994, Numar, 995
Prahova, Anul 1995, Numar, 1102
Prahova, Anul 1996, Numar, 1211
Prahova, Anul 1997, Numar, 1341
Prahova, Anul 1998, Numar, 1637
Prahova, Anul 1999, Numar, 1540
Prahova, Anul 2000, Numar, 1563
Prahova, Anul 2001, Numar, 1187
Prahova, Anul 2002, Numar, 960
Prahova, Anul 2003, Numar, 943
Prahova, Anul 2004, Numar, 791
Prahova, Anul 2005, Numar, 761
Prahova, Anul 2006, Numar, 795
Prahova, Anul 2007, Numar, 1001
Prahova, Anul 2008, Numar, 1085
Prahova, Anul 2009, Numar, 1168
Prahova, Anul 2010, Numar, 1145
Prahova, Anul 2011, Numar, 1245
Prahova, Anul 2012, Numar, 1601
Prahova, Anul 2013, Numar, 1512
Prahova, Anul 2014, Numar, 2081
Prahova, Anul 2015, Numar, 1815
Prahova, Anul 2016, Numar, 1652
Teleorman, Anul 1990, Numar, 322
Teleorman, Anul 1991, Numar, 529
Teleorman, Anul 1992, Numar, 670
Teleorman, Anul 1993, Numar, 965
Teleorman, Anul 1994, Numar, 1057
Teleorman, Anul 1995, Numar, 1463
Teleorman, Anul 1996, Numar, 1488
Teleorman, Anul 1997, Numar, 1665
Teleorman, Anul 1998, Numar, 1762
Teleorman, Anul 1999, Numar, 1490
Teleorman, Anul 2000, Numar, 1230
Teleorman, Anul 2001, Numar, 1175
Teleorman, Anul 2002, Numar, 1138
Teleorman, Anul 2003, Numar, 1075
Teleorman, Anul 2004, Numar, 833
Teleorman, Anul 2005, Numar, 812
Teleorman, Anul 2006, Numar, 879
Teleorman, Anul 2007, Numar, 1197
Teleorman, Anul 2008, Numar, 1181
Teleorman, Anul 2009, Numar, 1085
Teleorman, Anul 2010, Numar, 1034
Teleorman, Anul 2011, Numar, 877
Teleorman, Anul 2012, Numar, 846
Teleorman, Anul 2013, Numar, 883
Teleorman, Anul 2014, Numar, 1378
Teleorman, Anul 2015, Numar, 1418
Teleorman, Anul 2016, Numar, 1386
Regiunea BUCURESTI - ILFOV, Anul 1990, Numar, 706
Regiunea BUCURESTI - ILFOV, Anul 1991, Numar, 780
Regiunea BUCURESTI - ILFOV, Anul 1992, Numar, 732
Regiunea BUCURESTI - ILFOV, Anul 1993, Numar, 1112
Regiunea BUCURESTI - ILFOV, Anul 1994, Numar, 1126
Regiunea BUCURESTI - ILFOV, Anul 1995, Numar, 1377
Regiunea BUCURESTI - ILFOV, Anul 1996, Numar, 1343
Regiunea BUCURESTI - ILFOV, Anul 1997, Numar, 1696
Regiunea BUCURESTI - ILFOV, Anul 1998, Numar, 1941
Regiunea BUCURESTI - ILFOV, Anul 1999, Numar, 1822
Regiunea BUCURESTI - ILFOV, Anul 2000, Numar, 1759
Regiunea BUCURESTI - ILFOV, Anul 2001, Numar, 1938
Regiunea BUCURESTI - ILFOV, Anul 2002, Numar, 1965
Regiunea BUCURESTI - ILFOV, Anul 2003, Numar, 1442
Regiunea BUCURESTI - ILFOV, Anul 2004, Numar, 954
Regiunea BUCURESTI - ILFOV, Anul 2005, Numar, 922
Regiunea BUCURESTI - ILFOV, Anul 2006, Numar, 1398
Regiunea BUCURESTI - ILFOV, Anul 2007, Numar, 1413
Regiunea BUCURESTI - ILFOV, Anul 2008, Numar, 1450
Regiunea BUCURESTI - ILFOV, Anul 2009, Numar, 1329
Regiunea BUCURESTI - ILFOV, Anul 2010, Numar, 1307
Regiunea BUCURESTI - ILFOV, Anul 2011, Numar, 1160
Regiunea BUCURESTI - ILFOV, Anul 2012, Numar, 1861
Regiunea BUCURESTI - ILFOV, Anul 2013, Numar, 1948
Regiunea BUCURESTI - ILFOV, Anul 2014, Numar, 3070
Regiunea BUCURESTI - ILFOV, Anul 2015, Numar, 2371
Regiunea BUCURESTI - ILFOV, Anul 2016, Numar, 2312
Mun. Bucuresti -incl. SAI, Anul 1990, Numar, 706
Mun. Bucuresti -incl. SAI, Anul 1991, Numar, 780
Mun. Bucuresti -incl. SAI, Anul 1992, Numar, 732
Mun. Bucuresti -incl. SAI, Anul 1993, Numar, 1112
Mun. Bucuresti -incl. SAI, Anul 1994, Numar, 1126
Mun. Bucuresti -incl. SAI, Anul 1995, Numar, 1377
Mun. Bucuresti -incl. SAI, Anul 1996, Numar, 1343
Mun. Bucuresti -incl. SAI, Anul 1997, Numar, 1696
Mun. Bucuresti -incl. SAI, Anul 1998, Numar, 1941
Mun. Bucuresti -incl. SAI, Anul 1999, Numar, 1822
Mun. Bucuresti -incl. SAI, Anul 2000, Numar, 1759
Mun. Bucuresti -incl. SAI, Anul 2001, Numar, 1938
Mun. Bucuresti -incl. SAI, Anul 2002, Numar, 1965
Mun. Bucuresti -incl. SAI, Anul 2003, Numar, 1442
Mun. Bucuresti -incl. SAI, Anul 2004, Numar, 954
Mun. Bucuresti -incl. SAI, Anul 2005, Numar, 922
Mun. Bucuresti -incl. SAI, Anul 2006, Numar, 1398
Mun. Bucuresti -incl. SAI, Anul 2007, Numar, 1413
Mun. Bucuresti -incl. SAI, Anul 2008, Numar, 1450
Mun. Bucuresti -incl. SAI, Anul 2009, Numar, 1329
Mun. Bucuresti -incl. SAI, Anul 2010, Numar, 1307
Mun. Bucuresti -incl. SAI, Anul 2011, Numar, 1160
Mun. Bucuresti -incl. SAI, Anul 2012, Numar, 1861
Mun. Bucuresti -incl. SAI, Anul 2013, Numar, 1948
Mun. Bucuresti -incl. SAI, Anul 2014, Numar, 3070
Mun. Bucuresti -incl. SAI, Anul 2015, Numar, 2371
Mun. Bucuresti -incl. SAI, Anul 2016, Numar, 2312
MACROREGIUNEA PATRU, Anul 1990, Numar, 434
MACROREGIUNEA PATRU, Anul 1991, Numar, 675
MACROREGIUNEA PATRU, Anul 1992, Numar, 738
MACROREGIUNEA PATRU, Anul 1993, Numar, 1022
MACROREGIUNEA PATRU, Anul 1994, Numar, 1166
MACROREGIUNEA PATRU, Anul 1995, Numar, 1505
MACROREGIUNEA PATRU, Anul 1996, Numar, 1701
MACROREGIUNEA PATRU, Anul 1997, Numar, 1793
MACROREGIUNEA PATRU, Anul 1998, Numar, 1971
MACROREGIUNEA PATRU, Anul 1999, Numar, 1803
MACROREGIUNEA PATRU, Anul 2000, Numar, 1724
MACROREGIUNEA PATRU, Anul 2001, Numar, 1593
MACROREGIUNEA PATRU, Anul 2002, Numar, 1529
MACROREGIUNEA PATRU, Anul 2003, Numar, 1388
MACROREGIUNEA PATRU, Anul 2004, Numar, 1123
MACROREGIUNEA PATRU, Anul 2005, Numar, 957
MACROREGIUNEA PATRU, Anul 2006, Numar, 1091
MACROREGIUNEA PATRU, Anul 2007, Numar, 1476
MACROREGIUNEA PATRU, Anul 2008, Numar, 1621
MACROREGIUNEA PATRU, Anul 2009, Numar, 1726
MACROREGIUNEA PATRU, Anul 2010, Numar, 1578
MACROREGIUNEA PATRU, Anul 2011, Numar, 1284
MACROREGIUNEA PATRU, Anul 2012, Numar, 1571
MACROREGIUNEA PATRU, Anul 2013, Numar, 1572
MACROREGIUNEA PATRU, Anul 2014, Numar, 1774
MACROREGIUNEA PATRU, Anul 2015, Numar, 1641
MACROREGIUNEA PATRU, Anul 2016, Numar, 1615
Regiunea SUD-VEST OLTENIA, Anul 1990, Numar, 446
Regiunea SUD-VEST OLTENIA, Anul 1991, Numar, 609
Regiunea SUD-VEST OLTENIA, Anul 1992, Numar, 634
Regiunea SUD-VEST OLTENIA, Anul 1993, Numar, 974
Regiunea SUD-VEST OLTENIA, Anul 1994, Numar, 1084
Regiunea SUD-VEST OLTENIA, Anul 1995, Numar, 1479
Regiunea SUD-VEST OLTENIA, Anul 1996, Numar, 1449
Regiunea SUD-VEST OLTENIA, Anul 1997, Numar, 1601
Regiunea SUD-VEST OLTENIA, Anul 1998, Numar, 1881
Regiunea SUD-VEST OLTENIA, Anul 1999, Numar, 1875
Regiunea SUD-VEST OLTENIA, Anul 2000, Numar, 1775
Regiunea SUD-VEST OLTENIA, Anul 2001, Numar, 1600
Regiunea SUD-VEST OLTENIA, Anul 2002, Numar, 1462
Regiunea SUD-VEST OLTENIA, Anul 2003, Numar, 1387
Regiunea SUD-VEST OLTENIA, Anul 2004, Numar, 1126
Regiunea SUD-VEST OLTENIA, Anul 2005, Numar, 913
Regiunea SUD-VEST OLTENIA, Anul 2006, Numar, 1062
Regiunea SUD-VEST OLTENIA, Anul 2007, Numar, 1491
Regiunea SUD-VEST OLTENIA, Anul 2008, Numar, 1634
Regiunea SUD-VEST OLTENIA, Anul 2009, Numar, 1751
Regiunea SUD-VEST OLTENIA, Anul 2010, Numar, 1607
Regiunea SUD-VEST OLTENIA, Anul 2011, Numar, 1235
Regiunea SUD-VEST OLTENIA, Anul 2012, Numar, 1559
Regiunea SUD-VEST OLTENIA, Anul 2013, Numar, 1597
Regiunea SUD-VEST OLTENIA, Anul 2014, Numar, 1585
Regiunea SUD-VEST OLTENIA, Anul 2015, Numar, 1451
Regiunea SUD-VEST OLTENIA, Anul 2016, Numar, 1543
Dolj, Anul 1990, Numar, 526
Dolj, Anul 1991, Numar, 547
Dolj, Anul 1992, Numar, 591
Dolj, Anul 1993, Numar, 822
Dolj, Anul 1994, Numar, 1028
Dolj, Anul 1995, Numar, 1835
Dolj, Anul 1996, Numar, 1361
Dolj, Anul 1997, Numar, 1472
Dolj, Anul 1998, Numar, 1991
Dolj, Anul 1999, Numar, 2145
Dolj, Anul 2000, Numar, 1954
Dolj, Anul 2001, Numar, 1706
Dolj, Anul 2002, Numar, 1645
Dolj, Anul 2003, Numar, 1564
Dolj, Anul 2004, Numar, 1181
Dolj, Anul 2005, Numar, 876
Dolj, Anul 2006, Numar, 1084
Dolj, Anul 2007, Numar, 1422
Dolj, Anul 2008, Numar, 1458
Dolj, Anul 2009, Numar, 1540
Dolj, Anul 2010, Numar, 1559
Dolj, Anul 2011, Numar, 1287
Dolj, Anul 2012, Numar, 1575
Dolj, Anul 2013, Numar, 1564
Dolj, Anul 2014, Numar, 1861
Dolj, Anul 2015, Numar, 1379
Dolj, Anul 2016, Numar, 1393
Gorj, Anul 1990, Numar, 493
Gorj, Anul 1991, Numar, 688
Gorj, Anul 1992, Numar, 748
Gorj, Anul 1993, Numar, 1053
Gorj, Anul 1994, Numar, 1198
Gorj, Anul 1995, Numar, 1423
Gorj, Anul 1996, Numar, 1513
Gorj, Anul 1997, Numar, 1856
Gorj, Anul 1998, Numar, 1966
Gorj, Anul 1999, Numar, 2041
Gorj, Anul 2000, Numar, 1948
Gorj, Anul 2001, Numar, 1957
Gorj, Anul 2002, Numar, 1898
Gorj, Anul 2003, Numar, 1890
Gorj, Anul 2004, Numar, 1590
Gorj, Anul 2005, Numar, 1263
Gorj, Anul 2006, Numar, 1141
Gorj, Anul 2007, Numar, 1764
Gorj, Anul 2008, Numar, 1937
Gorj, Anul 2009, Numar, 2352
Gorj, Anul 2010, Numar, 1916
Gorj, Anul 2011, Numar, 1333
Gorj, Anul 2012, Numar, 1554
Gorj, Anul 2013, Numar, 1635
Gorj, Anul 2014, Numar, 1391
Gorj, Anul 2015, Numar, 1804
Gorj, Anul 2016, Numar, 1731
Mehedinti, Anul 1990, Numar, 435
Mehedinti, Anul 1991, Numar, 864
Mehedinti, Anul 1992, Numar, 815
Mehedinti, Anul 1993, Numar, 1529
Mehedinti, Anul 1994, Numar, 1454
Mehedinti, Anul 1995, Numar, 1869
Mehedinti, Anul 1996, Numar, 2130
Mehedinti, Anul 1997, Numar, 2358
Mehedinti, Anul 1998, Numar, 2794
Mehedinti, Anul 1999, Numar, 2949
Mehedinti, Anul 2000, Numar, 2181
Mehedinti, Anul 2001, Numar, 1748
Mehedinti, Anul 2002, Numar, 1583
Mehedinti, Anul 2003, Numar, 1322
Mehedinti, Anul 2004, Numar, 1184
Mehedinti, Anul 2005, Numar, 906
Mehedinti, Anul 2006, Numar, 933
Mehedinti, Anul 2007, Numar, 1158
Mehedinti, Anul 2008, Numar, 1363
Mehedinti, Anul 2009, Numar, 1471
Mehedinti, Anul 2010, Numar, 1607
Mehedinti, Anul 2011, Numar, 1101
Mehedinti, Anul 2012, Numar, 1765
Mehedinti, Anul 2013, Numar, 1515
Mehedinti, Anul 2014, Numar, 1654
Mehedinti, Anul 2015, Numar, 1444
Mehedinti, Anul 2016, Numar, 1917
Olt, Anul 1990, Numar, 437
Olt, Anul 1991, Numar, 584
Olt, Anul 1992, Numar, 649
Olt, Anul 1993, Numar, 1094
Olt, Anul 1994, Numar, 1146
Olt, Anul 1995, Numar, 1190
Olt, Anul 1996, Numar, 1464
Olt, Anul 1997, Numar, 1546
Olt, Anul 1998, Numar, 1519
Olt, Anul 1999, Numar, 1422
Olt, Anul 2000, Numar, 1543
Olt, Anul 2001, Numar, 1373
Olt, Anul 2002, Numar, 1189
Olt, Anul 2003, Numar, 1277
Olt, Anul 2004, Numar, 1104
Olt, Anul 2005, Numar, 1012
Olt, Anul 2006, Numar, 1369
Olt, Anul 2007, Numar, 1757
Olt, Anul 2008, Numar, 1872
Olt, Anul 2009, Numar, 1971
Olt, Anul 2010, Numar, 1542
Olt, Anul 2011, Numar, 1458
Olt, Anul 2012, Numar, 1588
Olt, Anul 2013, Numar, 1622
Olt, Anul 2014, Numar, 897
Olt, Anul 2015, Numar, 1151
Olt, Anul 2016, Numar, 1249
Valcea, Anul 1990, Numar, 277
Valcea, Anul 1991, Numar, 487
Valcea, Anul 1992, Numar, 449
Valcea, Anul 1993, Numar, 605
Valcea, Anul 1994, Numar, 724
Valcea, Anul 1995, Numar, 964
Valcea, Anul 1996, Numar, 1010
Valcea, Anul 1997, Numar, 1085
Valcea, Anul 1998, Numar, 1354
Valcea, Anul 1999, Numar, 985
Valcea, Anul 2000, Numar, 1277
Valcea, Anul 2001, Numar, 1244
Valcea, Anul 2002, Numar, 975
Valcea, Anul 2003, Numar, 794
Valcea, Anul 2004, Numar, 585
Valcea, Anul 2005, Numar, 542
Valcea, Anul 2006, Numar, 688
Valcea, Anul 2007, Numar, 1292
Valcea, Anul 2008, Numar, 1581
Valcea, Anul 2009, Numar, 1508
Valcea, Anul 2010, Numar, 1477
Valcea, Anul 2011, Numar, 902
Valcea, Anul 2012, Numar, 1351
Valcea, Anul 2013, Numar, 1648
Valcea, Anul 2014, Numar, 2014
Valcea, Anul 2015, Numar, 1606
Valcea, Anul 2016, Numar, 1711
Regiunea VEST, Anul 1990, Numar, 421
Regiunea VEST, Anul 1991, Numar, 749
Regiunea VEST, Anul 1992, Numar, 860
Regiunea VEST, Anul 1993, Numar, 1077
Regiunea VEST, Anul 1994, Numar, 1262
Regiunea VEST, Anul 1995, Numar, 1535
Regiunea VEST, Anul 1996, Numar, 1996
Regiunea VEST, Anul 1997, Numar, 2018
Regiunea VEST, Anul 1998, Numar, 2077
Regiunea VEST, Anul 1999, Numar, 1718
Regiunea VEST, Anul 2000, Numar, 1665
Regiunea VEST, Anul 2001, Numar, 1585
Regiunea VEST, Anul 2002, Numar, 1608
Regiunea VEST, Anul 2003, Numar, 1389
Regiunea VEST, Anul 2004, Numar, 1119
Regiunea VEST, Anul 2005, Numar, 1010
Regiunea VEST, Anul 2006, Numar, 1127
Regiunea VEST, Anul 2007, Numar, 1458
Regiunea VEST, Anul 2008, Numar, 1605
Regiunea VEST, Anul 2009, Numar, 1698
Regiunea VEST, Anul 2010, Numar, 1544
Regiunea VEST, Anul 2011, Numar, 1340
Regiunea VEST, Anul 2012, Numar, 1584
Regiunea VEST, Anul 2013, Numar, 1544
Regiunea VEST, Anul 2014, Numar, 1985
Regiunea VEST, Anul 2015, Numar, 1852
Regiunea VEST, Anul 2016, Numar, 1695
Arad, Anul 1990, Numar, 373
Arad, Anul 1991, Numar, 690
Arad, Anul 1992, Numar, 751
Arad, Anul 1993, Numar, 987
Arad, Anul 1994, Numar, 1116
Arad, Anul 1995, Numar, 1270
Arad, Anul 1996, Numar, 1352
Arad, Anul 1997, Numar, 1701
Arad, Anul 1998, Numar, 2140
Arad, Anul 1999, Numar, 1910
Arad, Anul 2000, Numar, 1582
Arad, Anul 2001, Numar, 1286
Arad, Anul 2002, Numar, 1386
Arad, Anul 2003, Numar, 1388
Arad, Anul 2004, Numar, 1289
Arad, Anul 2005, Numar, 933
Arad, Anul 2006, Numar, 1140
Arad, Anul 2007, Numar, 1435
Arad, Anul 2008, Numar, 1521
Arad, Anul 2009, Numar, 1571
Arad, Anul 2010, Numar, 1304
Arad, Anul 2011, Numar, 1276
Arad, Anul 2012, Numar, 1449
Arad, Anul 2013, Numar, 1398
Arad, Anul 2014, Numar, 1430
Arad, Anul 2015, Numar, 1539
Arad, Anul 2016, Numar, 1349
Caras-Severin, Anul 1990, Numar, 282
Caras-Severin, Anul 1991, Numar, 589
Caras-Severin, Anul 1992, Numar, 647
Caras-Severin, Anul 1993, Numar, 1056
Caras-Severin, Anul 1994, Numar, 1260
Caras-Severin, Anul 1995, Numar, 1438
Caras-Severin, Anul 1996, Numar, 1637
Caras-Severin, Anul 1997, Numar, 1781
Caras-Severin, Anul 1998, Numar, 1809
Caras-Severin, Anul 1999, Numar, 1599
Caras-Severin, Anul 2000, Numar, 1743
Caras-Severin, Anul 2001, Numar, 1863
Caras-Severin, Anul 2002, Numar, 1833
Caras-Severin, Anul 2003, Numar, 1365
Caras-Severin, Anul 2004, Numar, 911
Caras-Severin, Anul 2005, Numar, 914
Caras-Severin, Anul 2006, Numar, 992
Caras-Severin, Anul 2007, Numar, 1234
Caras-Severin, Anul 2008, Numar, 1158
Caras-Severin, Anul 2009, Numar, 1434
Caras-Severin, Anul 2010, Numar, 1550
Caras-Severin, Anul 2011, Numar, 1382
Caras-Severin, Anul 2012, Numar, 1580
Caras-Severin, Anul 2013, Numar, 1400
Caras-Severin, Anul 2014, Numar, 1710
Caras-Severin, Anul 2015, Numar, 1545
Caras-Severin, Anul 2016, Numar, 1670
Hunedoara, Anul 1990, Numar, 470
Hunedoara, Anul 1991, Numar, 765
Hunedoara, Anul 1992, Numar, 890
Hunedoara, Anul 1993, Numar, 1170
Hunedoara, Anul 1994, Numar, 1387
Hunedoara, Anul 1995, Numar, 1662
Hunedoara, Anul 1996, Numar, 2692
Hunedoara, Anul 1997, Numar, 2362
Hunedoara, Anul 1998, Numar, 2274
Hunedoara, Anul 1999, Numar, 1692
Hunedoara, Anul 2000, Numar, 1617
Hunedoara, Anul 2001, Numar, 1641
Hunedoara, Anul 2002, Numar, 1777
Hunedoara, Anul 2003, Numar, 1691
Hunedoara, Anul 2004, Numar, 1541
Hunedoara, Anul 2005, Numar, 1536
Hunedoara, Anul 2006, Numar, 1493
Hunedoara, Anul 2007, Numar, 1982
Hunedoara, Anul 2008, Numar, 2336
Hunedoara, Anul 2009, Numar, 2549
Hunedoara, Anul 2010, Numar, 2384
Hunedoara, Anul 2011, Numar, 1891
Hunedoara, Anul 2012, Numar, 2020
Hunedoara, Anul 2013, Numar, 2083
Hunedoara, Anul 2014, Numar, 2631
Hunedoara, Anul 2015, Numar, 2009
Hunedoara, Anul 2016, Numar, 1923
Timis, Anul 1990, Numar, 494
Timis, Anul 1991, Numar, 867
Timis, Anul 1992, Numar, 1029
Timis, Anul 1993, Numar, 1078
Timis, Anul 1994, Numar, 1265
Timis, Anul 1995, Numar, 1669
Timis, Anul 1996, Numar, 2083
Timis, Anul 1997, Numar, 2091
Timis, Anul 1998, Numar, 2020
Timis, Anul 1999, Numar, 1667
Timis, Anul 2000, Numar, 1718
Timis, Anul 2001, Numar, 1607
Timis, Anul 2002, Numar, 1524
Timis, Anul 2003, Numar, 1178
Timis, Anul 2004, Numar, 796
Timis, Anul 2005, Numar, 727
Timis, Anul 2006, Numar, 921
Timis, Anul 2007, Numar, 1213
Timis, Anul 2008, Numar, 1370
Timis, Anul 2009, Numar, 1324
Timis, Anul 2010, Numar, 1133
Timis, Anul 2011, Numar, 992
Timis, Anul 2012, Numar, 1407
Timis, Anul 2013, Numar, 1376
Timis, Anul 2014, Numar, 2062
Timis, Anul 2015, Numar, 2079
Timis, Anul 2016, Numar, 1785
