Tipuri de asigurari sociale, Macroregiuni  regiuni de dezvoltare si judete, Perioade, UM: Lei  lei RON (incepand cu 2005), Valoare
De asigurari sociale de stat, TOTAL, Anul 1996, Lei, 123988
De asigurari sociale de stat, TOTAL, Anul 1997, Lei, 254917
De asigurari sociale de stat, TOTAL, Anul 1998, Lei, 388228
De asigurari sociale de stat, TOTAL, Anul 1999, Lei, 669777
De asigurari sociale de stat, TOTAL, Anul 2000, Lei, 911321
De asigurari sociale de stat, TOTAL, Anul 2001, Lei, 1305119
De asigurari sociale de stat, TOTAL, Anul 2002, Lei, 1634945
De asigurari sociale de stat, TOTAL, Anul 2003, Lei, 1870402
De asigurari sociale de stat, TOTAL, Anul 2004, Lei, 2321110
De asigurari sociale de stat, TOTAL, Anul 2005, Lei, 267
De asigurari sociale de stat, TOTAL, Anul 2006, Lei, 311
De asigurari sociale de stat, TOTAL, Anul 2007, Lei, 399
De asigurari sociale de stat, TOTAL, Anul 2008, Lei, 593
De asigurari sociale de stat, TOTAL, Anul 2009, Lei, 711
De asigurari sociale de stat, TOTAL, Anul 2010, Lei, 739
De asigurari sociale de stat, TOTAL, Anul 2011, Lei, 773
De asigurari sociale de stat, TOTAL, Anul 2012, Lei, 778
De asigurari sociale de stat, TOTAL, Anul 2013, Lei, 809
De asigurari sociale de stat, TOTAL, Anul 2014, Lei, 845
De asigurari sociale de stat, TOTAL, Anul 2015, Lei, 886
De asigurari sociale de stat, TOTAL, Anul 2016, Lei, 931
De asigurari sociale de stat, TOTAL, Anul 2017, Lei, 1026
De asigurari sociale de stat, MACROREGIUNEA UNU, Anul 1996, Lei, 123690
De asigurari sociale de stat, MACROREGIUNEA UNU, Anul 1997, Lei, 254198
De asigurari sociale de stat, MACROREGIUNEA UNU, Anul 1998, Lei, 387032
De asigurari sociale de stat, MACROREGIUNEA UNU, Anul 1999, Lei, 666380
De asigurari sociale de stat, MACROREGIUNEA UNU, Anul 2000, Lei, 905874
De asigurari sociale de stat, MACROREGIUNEA UNU, Anul 2001, Lei, 1297637
De asigurari sociale de stat, MACROREGIUNEA UNU, Anul 2002, Lei, 1630933
De asigurari sociale de stat, MACROREGIUNEA UNU, Anul 2003, Lei, 1868762
De asigurari sociale de stat, MACROREGIUNEA UNU, Anul 2004, Lei, 2321400
De asigurari sociale de stat, MACROREGIUNEA UNU, Anul 2005, Lei, 267
De asigurari sociale de stat, MACROREGIUNEA UNU, Anul 2006, Lei, 311
De asigurari sociale de stat, MACROREGIUNEA UNU, Anul 2007, Lei, 400
De asigurari sociale de stat, MACROREGIUNEA UNU, Anul 2008, Lei, 596
De asigurari sociale de stat, MACROREGIUNEA UNU, Anul 2009, Lei, 713
De asigurari sociale de stat, MACROREGIUNEA UNU, Anul 2010, Lei, 740
De asigurari sociale de stat, MACROREGIUNEA UNU, Anul 2011, Lei, 771
De asigurari sociale de stat, MACROREGIUNEA UNU, Anul 2012, Lei, 775
De asigurari sociale de stat, MACROREGIUNEA UNU, Anul 2013, Lei, 804
De asigurari sociale de stat, MACROREGIUNEA UNU, Anul 2014, Lei, 838
De asigurari sociale de stat, MACROREGIUNEA UNU, Anul 2015, Lei, 878
De asigurari sociale de stat, MACROREGIUNEA UNU, Anul 2016, Lei, 921
De asigurari sociale de stat, MACROREGIUNEA UNU, Anul 2017, Lei, 1013
De asigurari sociale de stat, Regiunea NORD-VEST, Anul 1996, Lei, 121236
De asigurari sociale de stat, Regiunea NORD-VEST, Anul 1997, Lei, 249163
De asigurari sociale de stat, Regiunea NORD-VEST, Anul 1998, Lei, 378401
De asigurari sociale de stat, Regiunea NORD-VEST, Anul 1999, Lei, 650090
De asigurari sociale de stat, Regiunea NORD-VEST, Anul 2000, Lei, 881436
De asigurari sociale de stat, Regiunea NORD-VEST, Anul 2001, Lei, 1260061
De asigurari sociale de stat, Regiunea NORD-VEST, Anul 2002, Lei, 1580976
De asigurari sociale de stat, Regiunea NORD-VEST, Anul 2003, Lei, 1806581
De asigurari sociale de stat, Regiunea NORD-VEST, Anul 2004, Lei, 2236842
De asigurari sociale de stat, Regiunea NORD-VEST, Anul 2005, Lei, 257
De asigurari sociale de stat, Regiunea NORD-VEST, Anul 2006, Lei, 300
De asigurari sociale de stat, Regiunea NORD-VEST, Anul 2007, Lei, 386
De asigurari sociale de stat, Regiunea NORD-VEST, Anul 2008, Lei, 576
De asigurari sociale de stat, Regiunea NORD-VEST, Anul 2009, Lei, 689
De asigurari sociale de stat, Regiunea NORD-VEST, Anul 2010, Lei, 714
De asigurari sociale de stat, Regiunea NORD-VEST, Anul 2011, Lei, 743
De asigurari sociale de stat, Regiunea NORD-VEST, Anul 2012, Lei, 747
De asigurari sociale de stat, Regiunea NORD-VEST, Anul 2013, Lei, 775
De asigurari sociale de stat, Regiunea NORD-VEST, Anul 2014, Lei, 808
De asigurari sociale de stat, Regiunea NORD-VEST, Anul 2015, Lei, 846
De asigurari sociale de stat, Regiunea NORD-VEST, Anul 2016, Lei, 888
De asigurari sociale de stat, Regiunea NORD-VEST, Anul 2017, Lei, 975
De asigurari sociale de stat, Bihor, Anul 1996, Lei, 121014
De asigurari sociale de stat, Bihor, Anul 1997, Lei, 247634
De asigurari sociale de stat, Bihor, Anul 1998, Lei, 375051
De asigurari sociale de stat, Bihor, Anul 1999, Lei, 643360
De asigurari sociale de stat, Bihor, Anul 2000, Lei, 873023
De asigurari sociale de stat, Bihor, Anul 2001, Lei, 1247494
De asigurari sociale de stat, Bihor, Anul 2002, Lei, 1563133
De asigurari sociale de stat, Bihor, Anul 2003, Lei, 1785265
De asigurari sociale de stat, Bihor, Anul 2004, Lei, 2206294
De asigurari sociale de stat, Bihor, Anul 2005, Lei, 253
De asigurari sociale de stat, Bihor, Anul 2006, Lei, 297
De asigurari sociale de stat, Bihor, Anul 2007, Lei, 382
De asigurari sociale de stat, Bihor, Anul 2008, Lei, 571
De asigurari sociale de stat, Bihor, Anul 2009, Lei, 681
De asigurari sociale de stat, Bihor, Anul 2010, Lei, 704
De asigurari sociale de stat, Bihor, Anul 2011, Lei, 730
De asigurari sociale de stat, Bihor, Anul 2012, Lei, 734
De asigurari sociale de stat, Bihor, Anul 2013, Lei, 762
De asigurari sociale de stat, Bihor, Anul 2014, Lei, 797
De asigurari sociale de stat, Bihor, Anul 2015, Lei, 837
De asigurari sociale de stat, Bihor, Anul 2016, Lei, 881
De asigurari sociale de stat, Bihor, Anul 2017, Lei, 971
De asigurari sociale de stat, Bistrita-Nasaud, Anul 1996, Lei, 113890
De asigurari sociale de stat, Bistrita-Nasaud, Anul 1997, Lei, 232157
De asigurari sociale de stat, Bistrita-Nasaud, Anul 1998, Lei, 350463
De asigurari sociale de stat, Bistrita-Nasaud, Anul 1999, Lei, 587878
De asigurari sociale de stat, Bistrita-Nasaud, Anul 2000, Lei, 802198
De asigurari sociale de stat, Bistrita-Nasaud, Anul 2001, Lei, 1144562
De asigurari sociale de stat, Bistrita-Nasaud, Anul 2002, Lei, 1433413
De asigurari sociale de stat, Bistrita-Nasaud, Anul 2003, Lei, 1633338
De asigurari sociale de stat, Bistrita-Nasaud, Anul 2004, Lei, 2013377
De asigurari sociale de stat, Bistrita-Nasaud, Anul 2005, Lei, 230
De asigurari sociale de stat, Bistrita-Nasaud, Anul 2006, Lei, 264
De asigurari sociale de stat, Bistrita-Nasaud, Anul 2007, Lei, 336
De asigurari sociale de stat, Bistrita-Nasaud, Anul 2008, Lei, 503
De asigurari sociale de stat, Bistrita-Nasaud, Anul 2009, Lei, 604
De asigurari sociale de stat, Bistrita-Nasaud, Anul 2010, Lei, 629
De asigurari sociale de stat, Bistrita-Nasaud, Anul 2011, Lei, 653
De asigurari sociale de stat, Bistrita-Nasaud, Anul 2012, Lei, 658
De asigurari sociale de stat, Bistrita-Nasaud, Anul 2013, Lei, 682
De asigurari sociale de stat, Bistrita-Nasaud, Anul 2014, Lei, 710
De asigurari sociale de stat, Bistrita-Nasaud, Anul 2015, Lei, 741
De asigurari sociale de stat, Bistrita-Nasaud, Anul 2016, Lei, 776
De asigurari sociale de stat, Bistrita-Nasaud, Anul 2017, Lei, 853
De asigurari sociale de stat, Cluj, Anul 1996, Lei, 128769
De asigurari sociale de stat, Cluj, Anul 1997, Lei, 265847
De asigurari sociale de stat, Cluj, Anul 1998, Lei, 405738
De asigurari sociale de stat, Cluj, Anul 1999, Lei, 702503
De asigurari sociale de stat, Cluj, Anul 2000, Lei, 955954
De asigurari sociale de stat, Cluj, Anul 2001, Lei, 1371418
De asigurari sociale de stat, Cluj, Anul 2002, Lei, 1725783
De asigurari sociale de stat, Cluj, Anul 2003, Lei, 1985313
De asigurari sociale de stat, Cluj, Anul 2004, Lei, 2480016
De asigurari sociale de stat, Cluj, Anul 2005, Lei, 287
De asigurari sociale de stat, Cluj, Anul 2006, Lei, 334
De asigurari sociale de stat, Cluj, Anul 2007, Lei, 429
De asigurari sociale de stat, Cluj, Anul 2008, Lei, 638
De asigurari sociale de stat, Cluj, Anul 2009, Lei, 764
De asigurari sociale de stat, Cluj, Anul 2010, Lei, 794
De asigurari sociale de stat, Cluj, Anul 2011, Lei, 831
De asigurari sociale de stat, Cluj, Anul 2012, Lei, 835
De asigurari sociale de stat, Cluj, Anul 2013, Lei, 864
De asigurari sociale de stat, Cluj, Anul 2014, Lei, 900
De asigurari sociale de stat, Cluj, Anul 2015, Lei, 941
De asigurari sociale de stat, Cluj, Anul 2016, Lei, 987
De asigurari sociale de stat, Cluj, Anul 2017, Lei, 1083
De asigurari sociale de stat, Maramures, Anul 1996, Lei, 121406
De asigurari sociale de stat, Maramures, Anul 1997, Lei, 252157
De asigurari sociale de stat, Maramures, Anul 1998, Lei, 385877
De asigurari sociale de stat, Maramures, Anul 1999, Lei, 673289
De asigurari sociale de stat, Maramures, Anul 2000, Lei, 907101
De asigurari sociale de stat, Maramures, Anul 2001, Lei, 1297020
De asigurari sociale de stat, Maramures, Anul 2002, Lei, 1626533
De asigurari sociale de stat, Maramures, Anul 2003, Lei, 1850798
De asigurari sociale de stat, Maramures, Anul 2004, Lei, 2281794
De asigurari sociale de stat, Maramures, Anul 2005, Lei, 262
De asigurari sociale de stat, Maramures, Anul 2006, Lei, 306
De asigurari sociale de stat, Maramures, Anul 2007, Lei, 395
De asigurari sociale de stat, Maramures, Anul 2008, Lei, 589
De asigurari sociale de stat, Maramures, Anul 2009, Lei, 704
De asigurari sociale de stat, Maramures, Anul 2010, Lei, 729
De asigurari sociale de stat, Maramures, Anul 2011, Lei, 758
De asigurari sociale de stat, Maramures, Anul 2012, Lei, 762
De asigurari sociale de stat, Maramures, Anul 2013, Lei, 788
De asigurari sociale de stat, Maramures, Anul 2014, Lei, 822
De asigurari sociale de stat, Maramures, Anul 2015, Lei, 859
De asigurari sociale de stat, Maramures, Anul 2016, Lei, 897
De asigurari sociale de stat, Maramures, Anul 2017, Lei, 980
De asigurari sociale de stat, Satu Mare, Anul 1996, Lei, 114722
De asigurari sociale de stat, Satu Mare, Anul 1997, Lei, 233783
De asigurari sociale de stat, Satu Mare, Anul 1998, Lei, 352187
De asigurari sociale de stat, Satu Mare, Anul 1999, Lei, 596820
De asigurari sociale de stat, Satu Mare, Anul 2000, Lei, 804996
De asigurari sociale de stat, Satu Mare, Anul 2001, Lei, 1153365
De asigurari sociale de stat, Satu Mare, Anul 2002, Lei, 1452695
De asigurari sociale de stat, Satu Mare, Anul 2003, Lei, 1658534
De asigurari sociale de stat, Satu Mare, Anul 2004, Lei, 2045734
De asigurari sociale de stat, Satu Mare, Anul 2005, Lei, 234
De asigurari sociale de stat, Satu Mare, Anul 2006, Lei, 274
De asigurari sociale de stat, Satu Mare, Anul 2007, Lei, 353
De asigurari sociale de stat, Satu Mare, Anul 2008, Lei, 526
De asigurari sociale de stat, Satu Mare, Anul 2009, Lei, 626
De asigurari sociale de stat, Satu Mare, Anul 2010, Lei, 647
De asigurari sociale de stat, Satu Mare, Anul 2011, Lei, 665
De asigurari sociale de stat, Satu Mare, Anul 2012, Lei, 666
De asigurari sociale de stat, Satu Mare, Anul 2013, Lei, 691
De asigurari sociale de stat, Satu Mare, Anul 2014, Lei, 719
De asigurari sociale de stat, Satu Mare, Anul 2015, Lei, 750
De asigurari sociale de stat, Satu Mare, Anul 2016, Lei, 784
De asigurari sociale de stat, Satu Mare, Anul 2017, Lei, 858
De asigurari sociale de stat, Salaj, Anul 1996, Lei, 114201
De asigurari sociale de stat, Salaj, Anul 1997, Lei, 234287
De asigurari sociale de stat, Salaj, Anul 1998, Lei, 354268
De asigurari sociale de stat, Salaj, Anul 1999, Lei, 602580
De asigurari sociale de stat, Salaj, Anul 2000, Lei, 821285
De asigurari sociale de stat, Salaj, Anul 2001, Lei, 1164695
De asigurari sociale de stat, Salaj, Anul 2002, Lei, 1453173
De asigurari sociale de stat, Salaj, Anul 2003, Lei, 1655067
De asigurari sociale de stat, Salaj, Anul 2004, Lei, 2044004
De asigurari sociale de stat, Salaj, Anul 2005, Lei, 235
De asigurari sociale de stat, Salaj, Anul 2006, Lei, 272
De asigurari sociale de stat, Salaj, Anul 2007, Lei, 351
De asigurari sociale de stat, Salaj, Anul 2008, Lei, 532
De asigurari sociale de stat, Salaj, Anul 2009, Lei, 638
De asigurari sociale de stat, Salaj, Anul 2010, Lei, 666
De asigurari sociale de stat, Salaj, Anul 2011, Lei, 699
De asigurari sociale de stat, Salaj, Anul 2012, Lei, 706
De asigurari sociale de stat, Salaj, Anul 2013, Lei, 733
De asigurari sociale de stat, Salaj, Anul 2014, Lei, 766
De asigurari sociale de stat, Salaj, Anul 2015, Lei, 807
De asigurari sociale de stat, Salaj, Anul 2016, Lei, 851
De asigurari sociale de stat, Salaj, Anul 2017, Lei, 941
De asigurari sociale de stat, Regiunea CENTRU, Anul 1996, Lei, 126272
De asigurari sociale de stat, Regiunea CENTRU, Anul 1997, Lei, 259534
De asigurari sociale de stat, Regiunea CENTRU, Anul 1998, Lei, 396196
De asigurari sociale de stat, Regiunea CENTRU, Anul 1999, Lei, 683752
De asigurari sociale de stat, Regiunea CENTRU, Anul 2000, Lei, 932075
De asigurari sociale de stat, Regiunea CENTRU, Anul 2001, Lei, 1338212
De asigurari sociale de stat, Regiunea CENTRU, Anul 2002, Lei, 1685395
De asigurari sociale de stat, Regiunea CENTRU, Anul 2003, Lei, 1937008
De asigurari sociale de stat, Regiunea CENTRU, Anul 2004, Lei, 2414559
De asigurari sociale de stat, Regiunea CENTRU, Anul 2005, Lei, 278
De asigurari sociale de stat, Regiunea CENTRU, Anul 2006, Lei, 324
De asigurari sociale de stat, Regiunea CENTRU, Anul 2007, Lei, 416
De asigurari sociale de stat, Regiunea CENTRU, Anul 2008, Lei, 617
De asigurari sociale de stat, Regiunea CENTRU, Anul 2009, Lei, 739
De asigurari sociale de stat, Regiunea CENTRU, Anul 2010, Lei, 767
De asigurari sociale de stat, Regiunea CENTRU, Anul 2011, Lei, 801
De asigurari sociale de stat, Regiunea CENTRU, Anul 2012, Lei, 806
De asigurari sociale de stat, Regiunea CENTRU, Anul 2013, Lei, 836
De asigurari sociale de stat, Regiunea CENTRU, Anul 2014, Lei, 871
De asigurari sociale de stat, Regiunea CENTRU, Anul 2015, Lei, 912
De asigurari sociale de stat, Regiunea CENTRU, Anul 2016, Lei, 957
De asigurari sociale de stat, Regiunea CENTRU, Anul 2017, Lei, 1053
De asigurari sociale de stat, Alba, Anul 1996, Lei, 122105
De asigurari sociale de stat, Alba, Anul 1997, Lei, 251214
De asigurari sociale de stat, Alba, Anul 1998, Lei, 382966
De asigurari sociale de stat, Alba, Anul 1999, Lei, 650556
De asigurari sociale de stat, Alba, Anul 2000, Lei, 879379
De asigurari sociale de stat, Alba, Anul 2001, Lei, 1253591
De asigurari sociale de stat, Alba, Anul 2002, Lei, 1583585
De asigurari sociale de stat, Alba, Anul 2003, Lei, 1827086
De asigurari sociale de stat, Alba, Anul 2004, Lei, 2278557
De asigurari sociale de stat, Alba, Anul 2005, Lei, 262
De asigurari sociale de stat, Alba, Anul 2006, Lei, 305
De asigurari sociale de stat, Alba, Anul 2007, Lei, 391
De asigurari sociale de stat, Alba, Anul 2008, Lei, 583
De asigurari sociale de stat, Alba, Anul 2009, Lei, 703
De asigurari sociale de stat, Alba, Anul 2010, Lei, 733
De asigurari sociale de stat, Alba, Anul 2011, Lei, 769
De asigurari sociale de stat, Alba, Anul 2012, Lei, 775
De asigurari sociale de stat, Alba, Anul 2013, Lei, 805
De asigurari sociale de stat, Alba, Anul 2014, Lei, 836
De asigurari sociale de stat, Alba, Anul 2015, Lei, 874
De asigurari sociale de stat, Alba, Anul 2016, Lei, 919
De asigurari sociale de stat, Alba, Anul 2017, Lei, 1012
De asigurari sociale de stat, Brasov, Anul 1996, Lei, 133718
De asigurari sociale de stat, Brasov, Anul 1997, Lei, 276987
De asigurari sociale de stat, Brasov, Anul 1998, Lei, 427710
De asigurari sociale de stat, Brasov, Anul 1999, Lei, 756253
De asigurari sociale de stat, Brasov, Anul 2000, Lei, 1051033
De asigurari sociale de stat, Brasov, Anul 2001, Lei, 1533327
De asigurari sociale de stat, Brasov, Anul 2002, Lei, 1924510
De asigurari sociale de stat, Brasov, Anul 2003, Lei, 2207695
De asigurari sociale de stat, Brasov, Anul 2004, Lei, 2757917
De asigurari sociale de stat, Brasov, Anul 2005, Lei, 319
De asigurari sociale de stat, Brasov, Anul 2006, Lei, 376
De asigurari sociale de stat, Brasov, Anul 2007, Lei, 483
De asigurari sociale de stat, Brasov, Anul 2008, Lei, 714
De asigurari sociale de stat, Brasov, Anul 2009, Lei, 856
De asigurari sociale de stat, Brasov, Anul 2010, Lei, 891
De asigurari sociale de stat, Brasov, Anul 2011, Lei, 935
De asigurari sociale de stat, Brasov, Anul 2012, Lei, 938
De asigurari sociale de stat, Brasov, Anul 2013, Lei, 972
De asigurari sociale de stat, Brasov, Anul 2014, Lei, 1013
De asigurari sociale de stat, Brasov, Anul 2015, Lei, 1061
De asigurari sociale de stat, Brasov, Anul 2016, Lei, 1114
De asigurari sociale de stat, Brasov, Anul 2017, Lei, 1226
De asigurari sociale de stat, Covasna, Anul 1996, Lei, 123418
De asigurari sociale de stat, Covasna, Anul 1997, Lei, 253346
De asigurari sociale de stat, Covasna, Anul 1998, Lei, 385902
De asigurari sociale de stat, Covasna, Anul 1999, Lei, 659997
De asigurari sociale de stat, Covasna, Anul 2000, Lei, 897820
De asigurari sociale de stat, Covasna, Anul 2001, Lei, 1276415
De asigurari sociale de stat, Covasna, Anul 2002, Lei, 1607900
De asigurari sociale de stat, Covasna, Anul 2003, Lei, 1850129
De asigurari sociale de stat, Covasna, Anul 2004, Lei, 2303070
De asigurari sociale de stat, Covasna, Anul 2005, Lei, 264
De asigurari sociale de stat, Covasna, Anul 2006, Lei, 308
De asigurari sociale de stat, Covasna, Anul 2007, Lei, 395
De asigurari sociale de stat, Covasna, Anul 2008, Lei, 587
De asigurari sociale de stat, Covasna, Anul 2009, Lei, 698
De asigurari sociale de stat, Covasna, Anul 2010, Lei, 717
De asigurari sociale de stat, Covasna, Anul 2011, Lei, 743
De asigurari sociale de stat, Covasna, Anul 2012, Lei, 745
De asigurari sociale de stat, Covasna, Anul 2013, Lei, 771
De asigurari sociale de stat, Covasna, Anul 2014, Lei, 803
De asigurari sociale de stat, Covasna, Anul 2015, Lei, 839
De asigurari sociale de stat, Covasna, Anul 2016, Lei, 877
De asigurari sociale de stat, Covasna, Anul 2017, Lei, 962
De asigurari sociale de stat, Harghita, Anul 1996, Lei, 122603
De asigurari sociale de stat, Harghita, Anul 1997, Lei, 252347
De asigurari sociale de stat, Harghita, Anul 1998, Lei, 384096
De asigurari sociale de stat, Harghita, Anul 1999, Lei, 657250
De asigurari sociale de stat, Harghita, Anul 2000, Lei, 885405
De asigurari sociale de stat, Harghita, Anul 2001, Lei, 1261042
De asigurari sociale de stat, Harghita, Anul 2002, Lei, 1592925
De asigurari sociale de stat, Harghita, Anul 2003, Lei, 1828749
De asigurari sociale de stat, Harghita, Anul 2004, Lei, 2276661
De asigurari sociale de stat, Harghita, Anul 2005, Lei, 262
De asigurari sociale de stat, Harghita, Anul 2006, Lei, 305
De asigurari sociale de stat, Harghita, Anul 2007, Lei, 391
De asigurari sociale de stat, Harghita, Anul 2008, Lei, 583
De asigurari sociale de stat, Harghita, Anul 2009, Lei, 695
De asigurari sociale de stat, Harghita, Anul 2010, Lei, 716
De asigurari sociale de stat, Harghita, Anul 2011, Lei, 745
De asigurari sociale de stat, Harghita, Anul 2012, Lei, 747
De asigurari sociale de stat, Harghita, Anul 2013, Lei, 774
De asigurari sociale de stat, Harghita, Anul 2014, Lei, 805
De asigurari sociale de stat, Harghita, Anul 2015, Lei, 842
De asigurari sociale de stat, Harghita, Anul 2016, Lei, 881
De asigurari sociale de stat, Harghita, Anul 2017, Lei, 963
De asigurari sociale de stat, Mures, Anul 1996, Lei, 123201
De asigurari sociale de stat, Mures, Anul 1997, Lei, 251653
De asigurari sociale de stat, Mures, Anul 1998, Lei, 381191
De asigurari sociale de stat, Mures, Anul 1999, Lei, 651837
De asigurari sociale de stat, Mures, Anul 2000, Lei, 880611
De asigurari sociale de stat, Mures, Anul 2001, Lei, 1257322
De asigurari sociale de stat, Mures, Anul 2002, Lei, 1578044
De asigurari sociale de stat, Mures, Anul 2003, Lei, 1808870
De asigurari sociale de stat, Mures, Anul 2004, Lei, 2248257
De asigurari sociale de stat, Mures, Anul 2005, Lei, 258
De asigurari sociale de stat, Mures, Anul 2006, Lei, 298
De asigurari sociale de stat, Mures, Anul 2007, Lei, 384
De asigurari sociale de stat, Mures, Anul 2008, Lei, 569
De asigurari sociale de stat, Mures, Anul 2009, Lei, 680
De asigurari sociale de stat, Mures, Anul 2010, Lei, 706
De asigurari sociale de stat, Mures, Anul 2011, Lei, 736
De asigurari sociale de stat, Mures, Anul 2012, Lei, 740
De asigurari sociale de stat, Mures, Anul 2013, Lei, 769
De asigurari sociale de stat, Mures, Anul 2014, Lei, 803
De asigurari sociale de stat, Mures, Anul 2015, Lei, 842
De asigurari sociale de stat, Mures, Anul 2016, Lei, 883
De asigurari sociale de stat, Mures, Anul 2017, Lei, 974
De asigurari sociale de stat, Sibiu, Anul 1996, Lei, 127725
De asigurari sociale de stat, Sibiu, Anul 1997, Lei, 261730
De asigurari sociale de stat, Sibiu, Anul 1998, Lei, 398779
De asigurari sociale de stat, Sibiu, Anul 1999, Lei, 687119
De asigurari sociale de stat, Sibiu, Anul 2000, Lei, 933632
De asigurari sociale de stat, Sibiu, Anul 2001, Lei, 1334419
De asigurari sociale de stat, Sibiu, Anul 2002, Lei, 1692024
De asigurari sociale de stat, Sibiu, Anul 2003, Lei, 1955996
De asigurari sociale de stat, Sibiu, Anul 2004, Lei, 2447071
De asigurari sociale de stat, Sibiu, Anul 2005, Lei, 282
De asigurari sociale de stat, Sibiu, Anul 2006, Lei, 328
De asigurari sociale de stat, Sibiu, Anul 2007, Lei, 421
De asigurari sociale de stat, Sibiu, Anul 2008, Lei, 622
De asigurari sociale de stat, Sibiu, Anul 2009, Lei, 744
De asigurari sociale de stat, Sibiu, Anul 2010, Lei, 771
De asigurari sociale de stat, Sibiu, Anul 2011, Lei, 803
De asigurari sociale de stat, Sibiu, Anul 2012, Lei, 806
De asigurari sociale de stat, Sibiu, Anul 2013, Lei, 836
De asigurari sociale de stat, Sibiu, Anul 2014, Lei, 869
De asigurari sociale de stat, Sibiu, Anul 2015, Lei, 911
De asigurari sociale de stat, Sibiu, Anul 2016, Lei, 955
De asigurari sociale de stat, Sibiu, Anul 2017, Lei, 1050
De asigurari sociale de stat, MACROREGIUNEA DOI, Anul 1996, Lei, 121597
De asigurari sociale de stat, MACROREGIUNEA DOI, Anul 1997, Lei, 249232
De asigurari sociale de stat, MACROREGIUNEA DOI, Anul 1998, Lei, 378738
De asigurari sociale de stat, MACROREGIUNEA DOI, Anul 1999, Lei, 650581
De asigurari sociale de stat, MACROREGIUNEA DOI, Anul 2000, Lei, 883749
De asigurari sociale de stat, MACROREGIUNEA DOI, Anul 2001, Lei, 1258770
De asigurari sociale de stat, MACROREGIUNEA DOI, Anul 2002, Lei, 1569867
De asigurari sociale de stat, MACROREGIUNEA DOI, Anul 2003, Lei, 1791564
De asigurari sociale de stat, MACROREGIUNEA DOI, Anul 2004, Lei, 2215387
De asigurari sociale de stat, MACROREGIUNEA DOI, Anul 2005, Lei, 253
De asigurari sociale de stat, MACROREGIUNEA DOI, Anul 2006, Lei, 292
De asigurari sociale de stat, MACROREGIUNEA DOI, Anul 2007, Lei, 373
De asigurari sociale de stat, MACROREGIUNEA DOI, Anul 2008, Lei, 557
De asigurari sociale de stat, MACROREGIUNEA DOI, Anul 2009, Lei, 669
De asigurari sociale de stat, MACROREGIUNEA DOI, Anul 2010, Lei, 696
De asigurari sociale de stat, MACROREGIUNEA DOI, Anul 2011, Lei, 730
De asigurari sociale de stat, MACROREGIUNEA DOI, Anul 2012, Lei, 734
De asigurari sociale de stat, MACROREGIUNEA DOI, Anul 2013, Lei, 763
De asigurari sociale de stat, MACROREGIUNEA DOI, Anul 2014, Lei, 796
De asigurari sociale de stat, MACROREGIUNEA DOI, Anul 2015, Lei, 834
De asigurari sociale de stat, MACROREGIUNEA DOI, Anul 2016, Lei, 876
De asigurari sociale de stat, MACROREGIUNEA DOI, Anul 2017, Lei, 964
De asigurari sociale de stat, Regiunea NORD-EST, Anul 1996, Lei, 121493
De asigurari sociale de stat, Regiunea NORD-EST, Anul 1997, Lei, 248901
De asigurari sociale de stat, Regiunea NORD-EST, Anul 1998, Lei, 377733
De asigurari sociale de stat, Regiunea NORD-EST, Anul 1999, Lei, 643325
De asigurari sociale de stat, Regiunea NORD-EST, Anul 2000, Lei, 869420
De asigurari sociale de stat, Regiunea NORD-EST, Anul 2001, Lei, 1240155
De asigurari sociale de stat, Regiunea NORD-EST, Anul 2002, Lei, 1545769
De asigurari sociale de stat, Regiunea NORD-EST, Anul 2003, Lei, 1766138
De asigurari sociale de stat, Regiunea NORD-EST, Anul 2004, Lei, 2184082
De asigurari sociale de stat, Regiunea NORD-EST, Anul 2005, Lei, 250
De asigurari sociale de stat, Regiunea NORD-EST, Anul 2006, Lei, 289
De asigurari sociale de stat, Regiunea NORD-EST, Anul 2007, Lei, 369
De asigurari sociale de stat, Regiunea NORD-EST, Anul 2008, Lei, 551
De asigurari sociale de stat, Regiunea NORD-EST, Anul 2009, Lei, 660
De asigurari sociale de stat, Regiunea NORD-EST, Anul 2010, Lei, 685
De asigurari sociale de stat, Regiunea NORD-EST, Anul 2011, Lei, 717
De asigurari sociale de stat, Regiunea NORD-EST, Anul 2012, Lei, 721
De asigurari sociale de stat, Regiunea NORD-EST, Anul 2013, Lei, 748
De asigurari sociale de stat, Regiunea NORD-EST, Anul 2014, Lei, 779
De asigurari sociale de stat, Regiunea NORD-EST, Anul 2015, Lei, 816
De asigurari sociale de stat, Regiunea NORD-EST, Anul 2016, Lei, 856
De asigurari sociale de stat, Regiunea NORD-EST, Anul 2017, Lei, 941
De asigurari sociale de stat, Bacau, Anul 1996, Lei, 126276
De asigurari sociale de stat, Bacau, Anul 1997, Lei, 259470
De asigurari sociale de stat, Bacau, Anul 1998, Lei, 395217
De asigurari sociale de stat, Bacau, Anul 1999, Lei, 681911
De asigurari sociale de stat, Bacau, Anul 2000, Lei, 922271
De asigurari sociale de stat, Bacau, Anul 2001, Lei, 1319778
De asigurari sociale de stat, Bacau, Anul 2002, Lei, 1651033
De asigurari sociale de stat, Bacau, Anul 2003, Lei, 1889347
De asigurari sociale de stat, Bacau, Anul 2004, Lei, 2341988
De asigurari sociale de stat, Bacau, Anul 2005, Lei, 267
De asigurari sociale de stat, Bacau, Anul 2006, Lei, 309
De asigurari sociale de stat, Bacau, Anul 2007, Lei, 394
De asigurari sociale de stat, Bacau, Anul 2008, Lei, 586
De asigurari sociale de stat, Bacau, Anul 2009, Lei, 704
De asigurari sociale de stat, Bacau, Anul 2010, Lei, 731
De asigurari sociale de stat, Bacau, Anul 2011, Lei, 770
De asigurari sociale de stat, Bacau, Anul 2012, Lei, 775
De asigurari sociale de stat, Bacau, Anul 2013, Lei, 804
De asigurari sociale de stat, Bacau, Anul 2014, Lei, 838
De asigurari sociale de stat, Bacau, Anul 2015, Lei, 879
De asigurari sociale de stat, Bacau, Anul 2016, Lei, 923
De asigurari sociale de stat, Bacau, Anul 2017, Lei, 1014
De asigurari sociale de stat, Botosani, Anul 1996, Lei, 113699
De asigurari sociale de stat, Botosani, Anul 1997, Lei, 231808
De asigurari sociale de stat, Botosani, Anul 1998, Lei, 348762
De asigurari sociale de stat, Botosani, Anul 1999, Lei, 578520
De asigurari sociale de stat, Botosani, Anul 2000, Lei, 785090
De asigurari sociale de stat, Botosani, Anul 2001, Lei, 1111628
De asigurari sociale de stat, Botosani, Anul 2002, Lei, 1374599
De asigurari sociale de stat, Botosani, Anul 2003, Lei, 1560730
De asigurari sociale de stat, Botosani, Anul 2004, Lei, 1914120
De asigurari sociale de stat, Botosani, Anul 2005, Lei, 219
De asigurari sociale de stat, Botosani, Anul 2006, Lei, 254
De asigurari sociale de stat, Botosani, Anul 2007, Lei, 325
De asigurari sociale de stat, Botosani, Anul 2008, Lei, 493
De asigurari sociale de stat, Botosani, Anul 2009, Lei, 588
De asigurari sociale de stat, Botosani, Anul 2010, Lei, 610
De asigurari sociale de stat, Botosani, Anul 2011, Lei, 632
De asigurari sociale de stat, Botosani, Anul 2012, Lei, 635
De asigurari sociale de stat, Botosani, Anul 2013, Lei, 659
De asigurari sociale de stat, Botosani, Anul 2014, Lei, 685
De asigurari sociale de stat, Botosani, Anul 2015, Lei, 716
De asigurari sociale de stat, Botosani, Anul 2016, Lei, 750
De asigurari sociale de stat, Botosani, Anul 2017, Lei, 825
De asigurari sociale de stat, Iasi, Anul 1996, Lei, 125597
De asigurari sociale de stat, Iasi, Anul 1997, Lei, 257750
De asigurari sociale de stat, Iasi, Anul 1998, Lei, 392471
De asigurari sociale de stat, Iasi, Anul 1999, Lei, 679286
De asigurari sociale de stat, Iasi, Anul 2000, Lei, 924906
De asigurari sociale de stat, Iasi, Anul 2001, Lei, 1323361
De asigurari sociale de stat, Iasi, Anul 2002, Lei, 1636694
De asigurari sociale de stat, Iasi, Anul 2003, Lei, 1864995
De asigurari sociale de stat, Iasi, Anul 2004, Lei, 2306435
De asigurari sociale de stat, Iasi, Anul 2005, Lei, 265
De asigurari sociale de stat, Iasi, Anul 2006, Lei, 309
De asigurari sociale de stat, Iasi, Anul 2007, Lei, 395
De asigurari sociale de stat, Iasi, Anul 2008, Lei, 587
De asigurari sociale de stat, Iasi, Anul 2009, Lei, 701
De asigurari sociale de stat, Iasi, Anul 2010, Lei, 728
De asigurari sociale de stat, Iasi, Anul 2011, Lei, 761
De asigurari sociale de stat, Iasi, Anul 2012, Lei, 765
De asigurari sociale de stat, Iasi, Anul 2013, Lei, 794
De asigurari sociale de stat, Iasi, Anul 2014, Lei, 828
De asigurari sociale de stat, Iasi, Anul 2015, Lei, 868
De asigurari sociale de stat, Iasi, Anul 2016, Lei, 911
De asigurari sociale de stat, Iasi, Anul 2017, Lei, 1002
De asigurari sociale de stat, Neamt, Anul 1996, Lei, 122441
De asigurari sociale de stat, Neamt, Anul 1997, Lei, 250732
De asigurari sociale de stat, Neamt, Anul 1998, Lei, 380540
De asigurari sociale de stat, Neamt, Anul 1999, Lei, 646576
De asigurari sociale de stat, Neamt, Anul 2000, Lei, 870385
De asigurari sociale de stat, Neamt, Anul 2001, Lei, 1237399
De asigurari sociale de stat, Neamt, Anul 2002, Lei, 1553719
De asigurari sociale de stat, Neamt, Anul 2003, Lei, 1789794
De asigurari sociale de stat, Neamt, Anul 2004, Lei, 2225085
De asigurari sociale de stat, Neamt, Anul 2005, Lei, 255
De asigurari sociale de stat, Neamt, Anul 2006, Lei, 294
De asigurari sociale de stat, Neamt, Anul 2007, Lei, 376
De asigurari sociale de stat, Neamt, Anul 2008, Lei, 561
De asigurari sociale de stat, Neamt, Anul 2009, Lei, 676
De asigurari sociale de stat, Neamt, Anul 2010, Lei, 703
De asigurari sociale de stat, Neamt, Anul 2011, Lei, 740
De asigurari sociale de stat, Neamt, Anul 2012, Lei, 744
De asigurari sociale de stat, Neamt, Anul 2013, Lei, 771
De asigurari sociale de stat, Neamt, Anul 2014, Lei, 801
De asigurari sociale de stat, Neamt, Anul 2015, Lei, 838
De asigurari sociale de stat, Neamt, Anul 2016, Lei, 879
De asigurari sociale de stat, Neamt, Anul 2017, Lei, 966
De asigurari sociale de stat, Suceava, Anul 1996, Lei, 119742
De asigurari sociale de stat, Suceava, Anul 1997, Lei, 244891
De asigurari sociale de stat, Suceava, Anul 1998, Lei, 371100
De asigurari sociale de stat, Suceava, Anul 1999, Lei, 624864
De asigurari sociale de stat, Suceava, Anul 2000, Lei, 839411
De asigurari sociale de stat, Suceava, Anul 2001, Lei, 1198890
De asigurari sociale de stat, Suceava, Anul 2002, Lei, 1508719
De asigurari sociale de stat, Suceava, Anul 2003, Lei, 1730900
De asigurari sociale de stat, Suceava, Anul 2004, Lei, 2140786
De asigurari sociale de stat, Suceava, Anul 2005, Lei, 244
De asigurari sociale de stat, Suceava, Anul 2006, Lei, 280
De asigurari sociale de stat, Suceava, Anul 2007, Lei, 356
De asigurari sociale de stat, Suceava, Anul 2008, Lei, 530
De asigurari sociale de stat, Suceava, Anul 2009, Lei, 635
De asigurari sociale de stat, Suceava, Anul 2010, Lei, 658
De asigurari sociale de stat, Suceava, Anul 2011, Lei, 685
De asigurari sociale de stat, Suceava, Anul 2012, Lei, 689
De asigurari sociale de stat, Suceava, Anul 2013, Lei, 715
De asigurari sociale de stat, Suceava, Anul 2014, Lei, 743
De asigurari sociale de stat, Suceava, Anul 2015, Lei, 777
De asigurari sociale de stat, Suceava, Anul 2016, Lei, 813
De asigurari sociale de stat, Suceava, Anul 2017, Lei, 896
De asigurari sociale de stat, Vaslui, Anul 1996, Lei, 114079
De asigurari sociale de stat, Vaslui, Anul 1997, Lei, 233736
De asigurari sociale de stat, Vaslui, Anul 1998, Lei, 353849
De asigurari sociale de stat, Vaslui, Anul 1999, Lei, 597102
De asigurari sociale de stat, Vaslui, Anul 2000, Lei, 805413
De asigurari sociale de stat, Vaslui, Anul 2001, Lei, 1146644
De asigurari sociale de stat, Vaslui, Anul 2002, Lei, 1417018
De asigurari sociale de stat, Vaslui, Anul 2003, Lei, 1601015
De asigurari sociale de stat, Vaslui, Anul 2004, Lei, 1969006
De asigurari sociale de stat, Vaslui, Anul 2005, Lei, 225
De asigurari sociale de stat, Vaslui, Anul 2006, Lei, 260
De asigurari sociale de stat, Vaslui, Anul 2007, Lei, 331
De asigurari sociale de stat, Vaslui, Anul 2008, Lei, 501
De asigurari sociale de stat, Vaslui, Anul 2009, Lei, 600
De asigurari sociale de stat, Vaslui, Anul 2010, Lei, 623
De asigurari sociale de stat, Vaslui, Anul 2011, Lei, 649
De asigurari sociale de stat, Vaslui, Anul 2012, Lei, 653
De asigurari sociale de stat, Vaslui, Anul 2013, Lei, 679
De asigurari sociale de stat, Vaslui, Anul 2014, Lei, 708
De asigurari sociale de stat, Vaslui, Anul 2015, Lei, 742
De asigurari sociale de stat, Vaslui, Anul 2016, Lei, 778
De asigurari sociale de stat, Vaslui, Anul 2017, Lei, 854
De asigurari sociale de stat, Regiunea SUD-EST, Anul 1996, Lei, 121728
De asigurari sociale de stat, Regiunea SUD-EST, Anul 1997, Lei, 249645
De asigurari sociale de stat, Regiunea SUD-EST, Anul 1998, Lei, 379988
De asigurari sociale de stat, Regiunea SUD-EST, Anul 1999, Lei, 659620
De asigurari sociale de stat, Regiunea SUD-EST, Anul 2000, Lei, 901587
De asigurari sociale de stat, Regiunea SUD-EST, Anul 2001, Lei, 1281989
De asigurari sociale de stat, Regiunea SUD-EST, Anul 2002, Lei, 1600067
De asigurari sociale de stat, Regiunea SUD-EST, Anul 2003, Lei, 1823572
De asigurari sociale de stat, Regiunea SUD-EST, Anul 2004, Lei, 2254879
De asigurari sociale de stat, Regiunea SUD-EST, Anul 2005, Lei, 258
De asigurari sociale de stat, Regiunea SUD-EST, Anul 2006, Lei, 297
De asigurari sociale de stat, Regiunea SUD-EST, Anul 2007, Lei, 379
De asigurari sociale de stat, Regiunea SUD-EST, Anul 2008, Lei, 565
De asigurari sociale de stat, Regiunea SUD-EST, Anul 2009, Lei, 680
De asigurari sociale de stat, Regiunea SUD-EST, Anul 2010, Lei, 710
De asigurari sociale de stat, Regiunea SUD-EST, Anul 2011, Lei, 746
De asigurari sociale de stat, Regiunea SUD-EST, Anul 2012, Lei, 751
De asigurari sociale de stat, Regiunea SUD-EST, Anul 2013, Lei, 781
De asigurari sociale de stat, Regiunea SUD-EST, Anul 2014, Lei, 817
De asigurari sociale de stat, Regiunea SUD-EST, Anul 2015, Lei, 857
De asigurari sociale de stat, Regiunea SUD-EST, Anul 2016, Lei, 900
De asigurari sociale de stat, Regiunea SUD-EST, Anul 2017, Lei, 991
De asigurari sociale de stat, Braila, Anul 1996, Lei, 122422
De asigurari sociale de stat, Braila, Anul 1997, Lei, 251111
De asigurari sociale de stat, Braila, Anul 1998, Lei, 381349
De asigurari sociale de stat, Braila, Anul 1999, Lei, 654993
De asigurari sociale de stat, Braila, Anul 2000, Lei, 887181
De asigurari sociale de stat, Braila, Anul 2001, Lei, 1259609
De asigurari sociale de stat, Braila, Anul 2002, Lei, 1572905
De asigurari sociale de stat, Braila, Anul 2003, Lei, 1796652
De asigurari sociale de stat, Braila, Anul 2004, Lei, 2225290
De asigurari sociale de stat, Braila, Anul 2005, Lei, 255
De asigurari sociale de stat, Braila, Anul 2006, Lei, 296
De asigurari sociale de stat, Braila, Anul 2007, Lei, 378
De asigurari sociale de stat, Braila, Anul 2008, Lei, 564
De asigurari sociale de stat, Braila, Anul 2009, Lei, 675
De asigurari sociale de stat, Braila, Anul 2010, Lei, 701
De asigurari sociale de stat, Braila, Anul 2011, Lei, 731
De asigurari sociale de stat, Braila, Anul 2012, Lei, 735
De asigurari sociale de stat, Braila, Anul 2013, Lei, 763
De asigurari sociale de stat, Braila, Anul 2014, Lei, 795
De asigurari sociale de stat, Braila, Anul 2015, Lei, 831
De asigurari sociale de stat, Braila, Anul 2016, Lei, 874
De asigurari sociale de stat, Braila, Anul 2017, Lei, 961
De asigurari sociale de stat, Buzau, Anul 1996, Lei, 117565
De asigurari sociale de stat, Buzau, Anul 1997, Lei, 240038
De asigurari sociale de stat, Buzau, Anul 1998, Lei, 363225
De asigurari sociale de stat, Buzau, Anul 1999, Lei, 617168
De asigurari sociale de stat, Buzau, Anul 2000, Lei, 841545
De asigurari sociale de stat, Buzau, Anul 2001, Lei, 1193877
De asigurari sociale de stat, Buzau, Anul 2002, Lei, 1485069
De asigurari sociale de stat, Buzau, Anul 2003, Lei, 1693758
De asigurari sociale de stat, Buzau, Anul 2004, Lei, 2089449
De asigurari sociale de stat, Buzau, Anul 2005, Lei, 239
De asigurari sociale de stat, Buzau, Anul 2006, Lei, 274
De asigurari sociale de stat, Buzau, Anul 2007, Lei, 349
De asigurari sociale de stat, Buzau, Anul 2008, Lei, 523
De asigurari sociale de stat, Buzau, Anul 2009, Lei, 628
De asigurari sociale de stat, Buzau, Anul 2010, Lei, 656
De asigurari sociale de stat, Buzau, Anul 2011, Lei, 688
De asigurari sociale de stat, Buzau, Anul 2012, Lei, 692
De asigurari sociale de stat, Buzau, Anul 2013, Lei, 719
De asigurari sociale de stat, Buzau, Anul 2014, Lei, 750
De asigurari sociale de stat, Buzau, Anul 2015, Lei, 784
De asigurari sociale de stat, Buzau, Anul 2016, Lei, 820
De asigurari sociale de stat, Buzau, Anul 2017, Lei, 899
De asigurari sociale de stat, Constanta, Anul 1996, Lei, 124238
De asigurari sociale de stat, Constanta, Anul 1997, Lei, 255613
De asigurari sociale de stat, Constanta, Anul 1998, Lei, 390528
De asigurari sociale de stat, Constanta, Anul 1999, Lei, 682043
De asigurari sociale de stat, Constanta, Anul 2000, Lei, 935834
De asigurari sociale de stat, Constanta, Anul 2001, Lei, 1341047
De asigurari sociale de stat, Constanta, Anul 2002, Lei, 1687784
De asigurari sociale de stat, Constanta, Anul 2003, Lei, 1921668
De asigurari sociale de stat, Constanta, Anul 2004, Lei, 2379585
De asigurari sociale de stat, Constanta, Anul 2005, Lei, 272
De asigurari sociale de stat, Constanta, Anul 2006, Lei, 314
De asigurari sociale de stat, Constanta, Anul 2007, Lei, 401
De asigurari sociale de stat, Constanta, Anul 2008, Lei, 593
De asigurari sociale de stat, Constanta, Anul 2009, Lei, 715
De asigurari sociale de stat, Constanta, Anul 2010, Lei, 749
De asigurari sociale de stat, Constanta, Anul 2011, Lei, 786
De asigurari sociale de stat, Constanta, Anul 2012, Lei, 794
De asigurari sociale de stat, Constanta, Anul 2013, Lei, 827
De asigurari sociale de stat, Constanta, Anul 2014, Lei, 869
De asigurari sociale de stat, Constanta, Anul 2015, Lei, 915
De asigurari sociale de stat, Constanta, Anul 2016, Lei, 964
De asigurari sociale de stat, Constanta, Anul 2017, Lei, 1067
De asigurari sociale de stat, Galati, Anul 1996, Lei, 128175
De asigurari sociale de stat, Galati, Anul 1997, Lei, 263915
De asigurari sociale de stat, Galati, Anul 1998, Lei, 404827
De asigurari sociale de stat, Galati, Anul 1999, Lei, 732551
De asigurari sociale de stat, Galati, Anul 2000, Lei, 1008583
De asigurari sociale de stat, Galati, Anul 2001, Lei, 1424987
De asigurari sociale de stat, Galati, Anul 2002, Lei, 1764739
De asigurari sociale de stat, Galati, Anul 2003, Lei, 2011653
De asigurari sociale de stat, Galati, Anul 2004, Lei, 2494433
De asigurari sociale de stat, Galati, Anul 2005, Lei, 285
De asigurari sociale de stat, Galati, Anul 2006, Lei, 327
De asigurari sociale de stat, Galati, Anul 2007, Lei, 417
De asigurari sociale de stat, Galati, Anul 2008, Lei, 621
De asigurari sociale de stat, Galati, Anul 2009, Lei, 752
De asigurari sociale de stat, Galati, Anul 2010, Lei, 789
De asigurari sociale de stat, Galati, Anul 2011, Lei, 839
De asigurari sociale de stat, Galati, Anul 2012, Lei, 844
De asigurari sociale de stat, Galati, Anul 2013, Lei, 876
De asigurari sociale de stat, Galati, Anul 2014, Lei, 915
De asigurari sociale de stat, Galati, Anul 2015, Lei, 959
De asigurari sociale de stat, Galati, Anul 2016, Lei, 1006
De asigurari sociale de stat, Galati, Anul 2017, Lei, 1106
De asigurari sociale de stat, Tulcea, Anul 1996, Lei, 116936
De asigurari sociale de stat, Tulcea, Anul 1997, Lei, 238673
De asigurari sociale de stat, Tulcea, Anul 1998, Lei, 360416
De asigurari sociale de stat, Tulcea, Anul 1999, Lei, 606125
De asigurari sociale de stat, Tulcea, Anul 2000, Lei, 821357
De asigurari sociale de stat, Tulcea, Anul 2001, Lei, 1172911
De asigurari sociale de stat, Tulcea, Anul 2002, Lei, 1473466
De asigurari sociale de stat, Tulcea, Anul 2003, Lei, 1684434
De asigurari sociale de stat, Tulcea, Anul 2004, Lei, 2078055
De asigurari sociale de stat, Tulcea, Anul 2005, Lei, 237
De asigurari sociale de stat, Tulcea, Anul 2006, Lei, 276
De asigurari sociale de stat, Tulcea, Anul 2007, Lei, 354
De asigurari sociale de stat, Tulcea, Anul 2008, Lei, 530
De asigurari sociale de stat, Tulcea, Anul 2009, Lei, 634
De asigurari sociale de stat, Tulcea, Anul 2010, Lei, 658
De asigurari sociale de stat, Tulcea, Anul 2011, Lei, 684
De asigurari sociale de stat, Tulcea, Anul 2012, Lei, 687
De asigurari sociale de stat, Tulcea, Anul 2013, Lei, 714
De asigurari sociale de stat, Tulcea, Anul 2014, Lei, 750
De asigurari sociale de stat, Tulcea, Anul 2015, Lei, 789
De asigurari sociale de stat, Tulcea, Anul 2016, Lei, 831
De asigurari sociale de stat, Tulcea, Anul 2017, Lei, 917
De asigurari sociale de stat, Vrancea, Anul 1996, Lei, 114646
De asigurari sociale de stat, Vrancea, Anul 1997, Lei, 234382
De asigurari sociale de stat, Vrancea, Anul 1998, Lei, 354656
De asigurari sociale de stat, Vrancea, Anul 1999, Lei, 597568
De asigurari sociale de stat, Vrancea, Anul 2000, Lei, 812210
De asigurari sociale de stat, Vrancea, Anul 2001, Lei, 1154345
De asigurari sociale de stat, Vrancea, Anul 2002, Lei, 1438742
De asigurari sociale de stat, Vrancea, Anul 2003, Lei, 1634193
De asigurari sociale de stat, Vrancea, Anul 2004, Lei, 2009804
De asigurari sociale de stat, Vrancea, Anul 2005, Lei, 230
De asigurari sociale de stat, Vrancea, Anul 2006, Lei, 265
De asigurari sociale de stat, Vrancea, Anul 2007, Lei, 336
De asigurari sociale de stat, Vrancea, Anul 2008, Lei, 503
De asigurari sociale de stat, Vrancea, Anul 2009, Lei, 602
De asigurari sociale de stat, Vrancea, Anul 2010, Lei, 624
De asigurari sociale de stat, Vrancea, Anul 2011, Lei, 647
De asigurari sociale de stat, Vrancea, Anul 2012, Lei, 650
De asigurari sociale de stat, Vrancea, Anul 2013, Lei, 675
De asigurari sociale de stat, Vrancea, Anul 2014, Lei, 704
De asigurari sociale de stat, Vrancea, Anul 2015, Lei, 738
De asigurari sociale de stat, Vrancea, Anul 2016, Lei, 773
De asigurari sociale de stat, Vrancea, Anul 2017, Lei, 850
De asigurari sociale de stat, MACROREGIUNEA TREI, Anul 1996, Lei, 126962
De asigurari sociale de stat, MACROREGIUNEA TREI, Anul 1997, Lei, 261421
De asigurari sociale de stat, MACROREGIUNEA TREI, Anul 1998, Lei, 398513
De asigurari sociale de stat, MACROREGIUNEA TREI, Anul 1999, Lei, 692246
De asigurari sociale de stat, MACROREGIUNEA TREI, Anul 2000, Lei, 945508
De asigurari sociale de stat, MACROREGIUNEA TREI, Anul 2001, Lei, 1362191
De asigurari sociale de stat, MACROREGIUNEA TREI, Anul 2002, Lei, 1710205
De asigurari sociale de stat, MACROREGIUNEA TREI, Anul 2003, Lei, 1959397
De asigurari sociale de stat, MACROREGIUNEA TREI, Anul 2004, Lei, 2437339
De asigurari sociale de stat, MACROREGIUNEA TREI, Anul 2005, Lei, 282
De asigurari sociale de stat, MACROREGIUNEA TREI, Anul 2006, Lei, 332
De asigurari sociale de stat, MACROREGIUNEA TREI, Anul 2007, Lei, 426
De asigurari sociale de stat, MACROREGIUNEA TREI, Anul 2008, Lei, 632
De asigurari sociale de stat, MACROREGIUNEA TREI, Anul 2009, Lei, 756
De asigurari sociale de stat, MACROREGIUNEA TREI, Anul 2010, Lei, 788
De asigurari sociale de stat, MACROREGIUNEA TREI, Anul 2011, Lei, 821
De asigurari sociale de stat, MACROREGIUNEA TREI, Anul 2012, Lei, 829
De asigurari sociale de stat, MACROREGIUNEA TREI, Anul 2013, Lei, 863
De asigurari sociale de stat, MACROREGIUNEA TREI, Anul 2014, Lei, 904
De asigurari sociale de stat, MACROREGIUNEA TREI, Anul 2015, Lei, 950
De asigurari sociale de stat, MACROREGIUNEA TREI, Anul 2016, Lei, 1000
De asigurari sociale de stat, MACROREGIUNEA TREI, Anul 2017, Lei, 1104
De asigurari sociale de stat, Regiunea SUD-MUNTENIA, Anul 1996, Lei, 119341
De asigurari sociale de stat, Regiunea SUD-MUNTENIA, Anul 1997, Lei, 244730
De asigurari sociale de stat, Regiunea SUD-MUNTENIA, Anul 1998, Lei, 372111
De asigurari sociale de stat, Regiunea SUD-MUNTENIA, Anul 1999, Lei, 635731
De asigurari sociale de stat, Regiunea SUD-MUNTENIA, Anul 2000, Lei, 862445
De asigurari sociale de stat, Regiunea SUD-MUNTENIA, Anul 2001, Lei, 1231733
De asigurari sociale de stat, Regiunea SUD-MUNTENIA, Anul 2002, Lei, 1546984
De asigurari sociale de stat, Regiunea SUD-MUNTENIA, Anul 2003, Lei, 1771851
De asigurari sociale de stat, Regiunea SUD-MUNTENIA, Anul 2004, Lei, 2196013
De asigurari sociale de stat, Regiunea SUD-MUNTENIA, Anul 2005, Lei, 252
De asigurari sociale de stat, Regiunea SUD-MUNTENIA, Anul 2006, Lei, 292
De asigurari sociale de stat, Regiunea SUD-MUNTENIA, Anul 2007, Lei, 375
De asigurari sociale de stat, Regiunea SUD-MUNTENIA, Anul 2008, Lei, 560
De asigurari sociale de stat, Regiunea SUD-MUNTENIA, Anul 2009, Lei, 671
De asigurari sociale de stat, Regiunea SUD-MUNTENIA, Anul 2010, Lei, 699
De asigurari sociale de stat, Regiunea SUD-MUNTENIA, Anul 2011, Lei, 732
De asigurari sociale de stat, Regiunea SUD-MUNTENIA, Anul 2012, Lei, 738
De asigurari sociale de stat, Regiunea SUD-MUNTENIA, Anul 2013, Lei, 770
De asigurari sociale de stat, Regiunea SUD-MUNTENIA, Anul 2014, Lei, 807
De asigurari sociale de stat, Regiunea SUD-MUNTENIA, Anul 2015, Lei, 848
De asigurari sociale de stat, Regiunea SUD-MUNTENIA, Anul 2016, Lei, 892
De asigurari sociale de stat, Regiunea SUD-MUNTENIA, Anul 2017, Lei, 985
De asigurari sociale de stat, Arges, Anul 1996, Lei, 119517
De asigurari sociale de stat, Arges, Anul 1997, Lei, 245590
De asigurari sociale de stat, Arges, Anul 1998, Lei, 373959
De asigurari sociale de stat, Arges, Anul 1999, Lei, 651411
De asigurari sociale de stat, Arges, Anul 2000, Lei, 892058
De asigurari sociale de stat, Arges, Anul 2001, Lei, 1288230
De asigurari sociale de stat, Arges, Anul 2002, Lei, 1621026
De asigurari sociale de stat, Arges, Anul 2003, Lei, 1853975
De asigurari sociale de stat, Arges, Anul 2004, Lei, 2295274
De asigurari sociale de stat, Arges, Anul 2005, Lei, 264
De asigurari sociale de stat, Arges, Anul 2006, Lei, 307
De asigurari sociale de stat, Arges, Anul 2007, Lei, 392
De asigurari sociale de stat, Arges, Anul 2008, Lei, 581
De asigurari sociale de stat, Arges, Anul 2009, Lei, 699
De asigurari sociale de stat, Arges, Anul 2010, Lei, 731
De asigurari sociale de stat, Arges, Anul 2011, Lei, 767
De asigurari sociale de stat, Arges, Anul 2012, Lei, 775
De asigurari sociale de stat, Arges, Anul 2013, Lei, 810
De asigurari sociale de stat, Arges, Anul 2014, Lei, 849
De asigurari sociale de stat, Arges, Anul 2015, Lei, 893
De asigurari sociale de stat, Arges, Anul 2016, Lei, 939
De asigurari sociale de stat, Arges, Anul 2017, Lei, 1043
De asigurari sociale de stat, Calarasi, Anul 1996, Lei, 113346
De asigurari sociale de stat, Calarasi, Anul 1997, Lei, 231383
De asigurari sociale de stat, Calarasi, Anul 1998, Lei, 347666
De asigurari sociale de stat, Calarasi, Anul 1999, Lei, 581354
De asigurari sociale de stat, Calarasi, Anul 2000, Lei, 792011
De asigurari sociale de stat, Calarasi, Anul 2001, Lei, 1131426
De asigurari sociale de stat, Calarasi, Anul 2002, Lei, 1421846
De asigurari sociale de stat, Calarasi, Anul 2003, Lei, 1616725
De asigurari sociale de stat, Calarasi, Anul 2004, Lei, 1990130
De asigurari sociale de stat, Calarasi, Anul 2005, Lei, 227
De asigurari sociale de stat, Calarasi, Anul 2006, Lei, 262
De asigurari sociale de stat, Calarasi, Anul 2007, Lei, 335
De asigurari sociale de stat, Calarasi, Anul 2008, Lei, 502
De asigurari sociale de stat, Calarasi, Anul 2009, Lei, 601
De asigurari sociale de stat, Calarasi, Anul 2010, Lei, 625
De asigurari sociale de stat, Calarasi, Anul 2011, Lei, 651
De asigurari sociale de stat, Calarasi, Anul 2012, Lei, 656
De asigurari sociale de stat, Calarasi, Anul 2013, Lei, 682
De asigurari sociale de stat, Calarasi, Anul 2014, Lei, 712
De asigurari sociale de stat, Calarasi, Anul 2015, Lei, 747
De asigurari sociale de stat, Calarasi, Anul 2016, Lei, 784
De asigurari sociale de stat, Calarasi, Anul 2017, Lei, 863
De asigurari sociale de stat, Dambovita, Anul 1996, Lei, 117822
De asigurari sociale de stat, Dambovita, Anul 1997, Lei, 240938
De asigurari sociale de stat, Dambovita, Anul 1998, Lei, 366140
De asigurari sociale de stat, Dambovita, Anul 1999, Lei, 621601
De asigurari sociale de stat, Dambovita, Anul 2000, Lei, 843441
De asigurari sociale de stat, Dambovita, Anul 2001, Lei, 1212285
De asigurari sociale de stat, Dambovita, Anul 2002, Lei, 1533327
De asigurari sociale de stat, Dambovita, Anul 2003, Lei, 1764663
De asigurari sociale de stat, Dambovita, Anul 2004, Lei, 2189893
De asigurari sociale de stat, Dambovita, Anul 2005, Lei, 250
De asigurari sociale de stat, Dambovita, Anul 2006, Lei, 289
De asigurari sociale de stat, Dambovita, Anul 2007, Lei, 370
De asigurari sociale de stat, Dambovita, Anul 2008, Lei, 549
De asigurari sociale de stat, Dambovita, Anul 2009, Lei, 660
De asigurari sociale de stat, Dambovita, Anul 2010, Lei, 689
De asigurari sociale de stat, Dambovita, Anul 2011, Lei, 723
De asigurari sociale de stat, Dambovita, Anul 2012, Lei, 734
De asigurari sociale de stat, Dambovita, Anul 2013, Lei, 766
De asigurari sociale de stat, Dambovita, Anul 2014, Lei, 803
De asigurari sociale de stat, Dambovita, Anul 2015, Lei, 843
De asigurari sociale de stat, Dambovita, Anul 2016, Lei, 887
De asigurari sociale de stat, Dambovita, Anul 2017, Lei, 980
De asigurari sociale de stat, Giurgiu, Anul 1996, Lei, 112266
De asigurari sociale de stat, Giurgiu, Anul 1997, Lei, 229191
De asigurari sociale de stat, Giurgiu, Anul 1998, Lei, 345293
De asigurari sociale de stat, Giurgiu, Anul 1999, Lei, 575889
De asigurari sociale de stat, Giurgiu, Anul 2000, Lei, 771547
De asigurari sociale de stat, Giurgiu, Anul 2001, Lei, 1095868
De asigurari sociale de stat, Giurgiu, Anul 2002, Lei, 1373405
De asigurari sociale de stat, Giurgiu, Anul 2003, Lei, 1566877
De asigurari sociale de stat, Giurgiu, Anul 2004, Lei, 1924642
De asigurari sociale de stat, Giurgiu, Anul 2005, Lei, 219
De asigurari sociale de stat, Giurgiu, Anul 2006, Lei, 252
De asigurari sociale de stat, Giurgiu, Anul 2007, Lei, 320
De asigurari sociale de stat, Giurgiu, Anul 2008, Lei, 480
De asigurari sociale de stat, Giurgiu, Anul 2009, Lei, 573
De asigurari sociale de stat, Giurgiu, Anul 2010, Lei, 594
De asigurari sociale de stat, Giurgiu, Anul 2011, Lei, 620
De asigurari sociale de stat, Giurgiu, Anul 2012, Lei, 624
De asigurari sociale de stat, Giurgiu, Anul 2013, Lei, 648
De asigurari sociale de stat, Giurgiu, Anul 2014, Lei, 677
De asigurari sociale de stat, Giurgiu, Anul 2015, Lei, 711
De asigurari sociale de stat, Giurgiu, Anul 2016, Lei, 748
De asigurari sociale de stat, Giurgiu, Anul 2017, Lei, 827
De asigurari sociale de stat, Ialomita, Anul 1996, Lei, 112275
De asigurari sociale de stat, Ialomita, Anul 1997, Lei, 230000
De asigurari sociale de stat, Ialomita, Anul 1998, Lei, 348351
De asigurari sociale de stat, Ialomita, Anul 1999, Lei, 590192
De asigurari sociale de stat, Ialomita, Anul 2000, Lei, 803120
De asigurari sociale de stat, Ialomita, Anul 2001, Lei, 1145172
De asigurari sociale de stat, Ialomita, Anul 2002, Lei, 1422685
De asigurari sociale de stat, Ialomita, Anul 2003, Lei, 1612122
De asigurari sociale de stat, Ialomita, Anul 2004, Lei, 1981960
De asigurari sociale de stat, Ialomita, Anul 2005, Lei, 227
De asigurari sociale de stat, Ialomita, Anul 2006, Lei, 265
De asigurari sociale de stat, Ialomita, Anul 2007, Lei, 340
De asigurari sociale de stat, Ialomita, Anul 2008, Lei, 515
De asigurari sociale de stat, Ialomita, Anul 2009, Lei, 616
De asigurari sociale de stat, Ialomita, Anul 2010, Lei, 641
De asigurari sociale de stat, Ialomita, Anul 2011, Lei, 665
De asigurari sociale de stat, Ialomita, Anul 2012, Lei, 670
De asigurari sociale de stat, Ialomita, Anul 2013, Lei, 697
De asigurari sociale de stat, Ialomita, Anul 2014, Lei, 731
De asigurari sociale de stat, Ialomita, Anul 2015, Lei, 768
De asigurari sociale de stat, Ialomita, Anul 2016, Lei, 809
De asigurari sociale de stat, Ialomita, Anul 2017, Lei, 892
De asigurari sociale de stat, Prahova, Anul 1996, Lei, 128312
De asigurari sociale de stat, Prahova, Anul 1997, Lei, 264229
De asigurari sociale de stat, Prahova, Anul 1998, Lei, 404579
De asigurari sociale de stat, Prahova, Anul 1999, Lei, 698846
De asigurari sociale de stat, Prahova, Anul 2000, Lei, 944301
De asigurari sociale de stat, Prahova, Anul 2001, Lei, 1343008
De asigurari sociale de stat, Prahova, Anul 2002, Lei, 1697991
De asigurari sociale de stat, Prahova, Anul 2003, Lei, 1962230
De asigurari sociale de stat, Prahova, Anul 2004, Lei, 2452188
De asigurari sociale de stat, Prahova, Anul 2005, Lei, 282
De asigurari sociale de stat, Prahova, Anul 2006, Lei, 329
De asigurari sociale de stat, Prahova, Anul 2007, Lei, 426
De asigurari sociale de stat, Prahova, Anul 2008, Lei, 633
De asigurari sociale de stat, Prahova, Anul 2009, Lei, 758
De asigurari sociale de stat, Prahova, Anul 2010, Lei, 785
De asigurari sociale de stat, Prahova, Anul 2011, Lei, 820
De asigurari sociale de stat, Prahova, Anul 2012, Lei, 828
De asigurari sociale de stat, Prahova, Anul 2013, Lei, 863
De asigurari sociale de stat, Prahova, Anul 2014, Lei, 905
De asigurari sociale de stat, Prahova, Anul 2015, Lei, 952
De asigurari sociale de stat, Prahova, Anul 2016, Lei, 999
De asigurari sociale de stat, Prahova, Anul 2017, Lei, 1100
De asigurari sociale de stat, Teleorman, Anul 1996, Lei, 112963
De asigurari sociale de stat, Teleorman, Anul 1997, Lei, 231760
De asigurari sociale de stat, Teleorman, Anul 1998, Lei, 352370
De asigurari sociale de stat, Teleorman, Anul 1999, Lei, 592694
De asigurari sociale de stat, Teleorman, Anul 2000, Lei, 803347
De asigurari sociale de stat, Teleorman, Anul 2001, Lei, 1138726
De asigurari sociale de stat, Teleorman, Anul 2002, Lei, 1410193
De asigurari sociale de stat, Teleorman, Anul 2003, Lei, 1600671
De asigurari sociale de stat, Teleorman, Anul 2004, Lei, 1975251
De asigurari sociale de stat, Teleorman, Anul 2005, Lei, 226
De asigurari sociale de stat, Teleorman, Anul 2006, Lei, 261
De asigurari sociale de stat, Teleorman, Anul 2007, Lei, 335
De asigurari sociale de stat, Teleorman, Anul 2008, Lei, 508
De asigurari sociale de stat, Teleorman, Anul 2009, Lei, 611
De asigurari sociale de stat, Teleorman, Anul 2010, Lei, 638
De asigurari sociale de stat, Teleorman, Anul 2011, Lei, 670
De asigurari sociale de stat, Teleorman, Anul 2012, Lei, 675
De asigurari sociale de stat, Teleorman, Anul 2013, Lei, 701
De asigurari sociale de stat, Teleorman, Anul 2014, Lei, 730
De asigurari sociale de stat, Teleorman, Anul 2015, Lei, 764
De asigurari sociale de stat, Teleorman, Anul 2016, Lei, 803
De asigurari sociale de stat, Teleorman, Anul 2017, Lei, 885
De asigurari sociale de stat, Regiunea BUCURESTI - ILFOV, Anul 1996, Lei, 135997
De asigurari sociale de stat, Regiunea BUCURESTI - ILFOV, Anul 1997, Lei, 281593
De asigurari sociale de stat, Regiunea BUCURESTI - ILFOV, Anul 1998, Lei, 430799
De asigurari sociale de stat, Regiunea BUCURESTI - ILFOV, Anul 1999, Lei, 761725
De asigurari sociale de stat, Regiunea BUCURESTI - ILFOV, Anul 2000, Lei, 1048467
De asigurari sociale de stat, Regiunea BUCURESTI - ILFOV, Anul 2001, Lei, 1525038
De asigurari sociale de stat, Regiunea BUCURESTI - ILFOV, Anul 2002, Lei, 1918269
De asigurari sociale de stat, Regiunea BUCURESTI - ILFOV, Anul 2003, Lei, 2202299
De asigurari sociale de stat, Regiunea BUCURESTI - ILFOV, Anul 2004, Lei, 2753415
De asigurari sociale de stat, Regiunea BUCURESTI - ILFOV, Anul 2005, Lei, 322
De asigurari sociale de stat, Regiunea BUCURESTI - ILFOV, Anul 2006, Lei, 384
De asigurari sociale de stat, Regiunea BUCURESTI - ILFOV, Anul 2007, Lei, 493
De asigurari sociale de stat, Regiunea BUCURESTI - ILFOV, Anul 2008, Lei, 727
De asigurari sociale de stat, Regiunea BUCURESTI - ILFOV, Anul 2009, Lei, 868
De asigurari sociale de stat, Regiunea BUCURESTI - ILFOV, Anul 2010, Lei, 906
De asigurari sociale de stat, Regiunea BUCURESTI - ILFOV, Anul 2011, Lei, 940
De asigurari sociale de stat, Regiunea BUCURESTI - ILFOV, Anul 2012, Lei, 947
De asigurari sociale de stat, Regiunea BUCURESTI - ILFOV, Anul 2013, Lei, 986
De asigurari sociale de stat, Regiunea BUCURESTI - ILFOV, Anul 2014, Lei, 1031
De asigurari sociale de stat, Regiunea BUCURESTI - ILFOV, Anul 2015, Lei, 1083
De asigurari sociale de stat, Regiunea BUCURESTI - ILFOV, Anul 2016, Lei, 1140
De asigurari sociale de stat, Regiunea BUCURESTI - ILFOV, Anul 2017, Lei, 1259
De asigurari sociale de stat, Ilfov, Anul 1997, Lei, 243841
De asigurari sociale de stat, Ilfov, Anul 1998, Lei, 368881
De asigurari sociale de stat, Ilfov, Anul 1999, Lei, 625242
De asigurari sociale de stat, Ilfov, Anul 2000, Lei, 846140
De asigurari sociale de stat, Ilfov, Anul 2001, Lei, 1226821
De asigurari sociale de stat, Ilfov, Anul 2002, Lei, 1553981
De asigurari sociale de stat, Ilfov, Anul 2003, Lei, 1780524
De asigurari sociale de stat, Ilfov, Anul 2004, Lei, 2209482
De asigurari sociale de stat, Ilfov, Anul 2005, Lei, 252
De asigurari sociale de stat, Ilfov, Anul 2006, Lei, 287
De asigurari sociale de stat, Ilfov, Anul 2007, Lei, 365
De asigurari sociale de stat, Ilfov, Anul 2008, Lei, 540
De asigurari sociale de stat, Ilfov, Anul 2009, Lei, 647
De asigurari sociale de stat, Ilfov, Anul 2010, Lei, 673
De asigurari sociale de stat, Ilfov, Anul 2011, Lei, 703
De asigurari sociale de stat, Ilfov, Anul 2012, Lei, 711
De asigurari sociale de stat, Ilfov, Anul 2013, Lei, 743
De asigurari sociale de stat, Ilfov, Anul 2014, Lei, 779
De asigurari sociale de stat, Ilfov, Anul 2015, Lei, 821
De asigurari sociale de stat, Ilfov, Anul 2016, Lei, 867
De asigurari sociale de stat, Ilfov, Anul 2017, Lei, 961
De asigurari sociale de stat, Municipiul Bucuresti, Anul 1997, Lei, 286441
De asigurari sociale de stat, Municipiul Bucuresti, Anul 1998, Lei, 438810
De asigurari sociale de stat, Municipiul Bucuresti, Anul 1999, Lei, 779452
De asigurari sociale de stat, Municipiul Bucuresti, Anul 2000, Lei, 1074958
De asigurari sociale de stat, Municipiul Bucuresti, Anul 2001, Lei, 1564296
De asigurari sociale de stat, Municipiul Bucuresti, Anul 2002, Lei, 1966854
De asigurari sociale de stat, Municipiul Bucuresti, Anul 2003, Lei, 2259256
De asigurari sociale de stat, Municipiul Bucuresti, Anul 2004, Lei, 2826990
De asigurari sociale de stat, Municipiul Bucuresti, Anul 2005, Lei, 332
De asigurari sociale de stat, Municipiul Bucuresti, Anul 2006, Lei, 398
De asigurari sociale de stat, Municipiul Bucuresti, Anul 2007, Lei, 511
De asigurari sociale de stat, Municipiul Bucuresti, Anul 2008, Lei, 753
De asigurari sociale de stat, Municipiul Bucuresti, Anul 2009, Lei, 900
De asigurari sociale de stat, Municipiul Bucuresti, Anul 2010, Lei, 940
De asigurari sociale de stat, Municipiul Bucuresti, Anul 2011, Lei, 974
De asigurari sociale de stat, Municipiul Bucuresti, Anul 2012, Lei, 982
De asigurari sociale de stat, Municipiul Bucuresti, Anul 2013, Lei, 1022
De asigurari sociale de stat, Municipiul Bucuresti, Anul 2014, Lei, 1068
De asigurari sociale de stat, Municipiul Bucuresti, Anul 2015, Lei, 1122
De asigurari sociale de stat, Municipiul Bucuresti, Anul 2016, Lei, 1181
De asigurari sociale de stat, Municipiul Bucuresti, Anul 2017, Lei, 1304
De asigurari sociale de stat, Mun. Bucuresti -incl. SAI, Anul 1996, Lei, 135997
De asigurari sociale de stat, MACROREGIUNEA PATRU, Anul 1996, Lei, 122846
De asigurari sociale de stat, MACROREGIUNEA PATRU, Anul 1997, Lei, 253207
De asigurari sociale de stat, MACROREGIUNEA PATRU, Anul 1998, Lei, 386361
De asigurari sociale de stat, MACROREGIUNEA PATRU, Anul 1999, Lei, 665017
De asigurari sociale de stat, MACROREGIUNEA PATRU, Anul 2000, Lei, 902777
De asigurari sociale de stat, MACROREGIUNEA PATRU, Anul 2001, Lei, 1290054
De asigurari sociale de stat, MACROREGIUNEA PATRU, Anul 2002, Lei, 1614844
De asigurari sociale de stat, MACROREGIUNEA PATRU, Anul 2003, Lei, 1846658
De asigurari sociale de stat, MACROREGIUNEA PATRU, Anul 2004, Lei, 2291816
De asigurari sociale de stat, MACROREGIUNEA PATRU, Anul 2005, Lei, 263
De asigurari sociale de stat, MACROREGIUNEA PATRU, Anul 2006, Lei, 307
De asigurari sociale de stat, MACROREGIUNEA PATRU, Anul 2007, Lei, 393
De asigurari sociale de stat, MACROREGIUNEA PATRU, Anul 2008, Lei, 585
De asigurari sociale de stat, MACROREGIUNEA PATRU, Anul 2009, Lei, 702
De asigurari sociale de stat, MACROREGIUNEA PATRU, Anul 2010, Lei, 730
De asigurari sociale de stat, MACROREGIUNEA PATRU, Anul 2011, Lei, 765
De asigurari sociale de stat, MACROREGIUNEA PATRU, Anul 2012, Lei, 771
De asigurari sociale de stat, MACROREGIUNEA PATRU, Anul 2013, Lei, 801
De asigurari sociale de stat, MACROREGIUNEA PATRU, Anul 2014, Lei, 838
De asigurari sociale de stat, MACROREGIUNEA PATRU, Anul 2015, Lei, 879
De asigurari sociale de stat, MACROREGIUNEA PATRU, Anul 2016, Lei, 923
De asigurari sociale de stat, MACROREGIUNEA PATRU, Anul 2017, Lei, 1022
De asigurari sociale de stat, Regiunea SUD-VEST OLTENIA, Anul 1996, Lei, 118902
De asigurari sociale de stat, Regiunea SUD-VEST OLTENIA, Anul 1997, Lei, 244098
De asigurari sociale de stat, Regiunea SUD-VEST OLTENIA, Anul 1998, Lei, 371375
De asigurari sociale de stat, Regiunea SUD-VEST OLTENIA, Anul 1999, Lei, 636033
De asigurari sociale de stat, Regiunea SUD-VEST OLTENIA, Anul 2000, Lei, 863911
De asigurari sociale de stat, Regiunea SUD-VEST OLTENIA, Anul 2001, Lei, 1234181
De asigurari sociale de stat, Regiunea SUD-VEST OLTENIA, Anul 2002, Lei, 1537781
De asigurari sociale de stat, Regiunea SUD-VEST OLTENIA, Anul 2003, Lei, 1750016
De asigurari sociale de stat, Regiunea SUD-VEST OLTENIA, Anul 2004, Lei, 2163308
De asigurari sociale de stat, Regiunea SUD-VEST OLTENIA, Anul 2005, Lei, 248
De asigurari sociale de stat, Regiunea SUD-VEST OLTENIA, Anul 2006, Lei, 287
De asigurari sociale de stat, Regiunea SUD-VEST OLTENIA, Anul 2007, Lei, 369
De asigurari sociale de stat, Regiunea SUD-VEST OLTENIA, Anul 2008, Lei, 551
De asigurari sociale de stat, Regiunea SUD-VEST OLTENIA, Anul 2009, Lei, 660
De asigurari sociale de stat, Regiunea SUD-VEST OLTENIA, Anul 2010, Lei, 688
De asigurari sociale de stat, Regiunea SUD-VEST OLTENIA, Anul 2011, Lei, 721
De asigurari sociale de stat, Regiunea SUD-VEST OLTENIA, Anul 2012, Lei, 728
De asigurari sociale de stat, Regiunea SUD-VEST OLTENIA, Anul 2013, Lei, 758
De asigurari sociale de stat, Regiunea SUD-VEST OLTENIA, Anul 2014, Lei, 794
De asigurari sociale de stat, Regiunea SUD-VEST OLTENIA, Anul 2015, Lei, 835
De asigurari sociale de stat, Regiunea SUD-VEST OLTENIA, Anul 2016, Lei, 878
De asigurari sociale de stat, Regiunea SUD-VEST OLTENIA, Anul 2017, Lei, 971
De asigurari sociale de stat, Dolj, Anul 1996, Lei, 121458
De asigurari sociale de stat, Dolj, Anul 1997, Lei, 249486
De asigurari sociale de stat, Dolj, Anul 1998, Lei, 379782
De asigurari sociale de stat, Dolj, Anul 1999, Lei, 651406
De asigurari sociale de stat, Dolj, Anul 2000, Lei, 880090
De asigurari sociale de stat, Dolj, Anul 2001, Lei, 1247860
De asigurari sociale de stat, Dolj, Anul 2002, Lei, 1540973
De asigurari sociale de stat, Dolj, Anul 2003, Lei, 1752351
De asigurari sociale de stat, Dolj, Anul 2004, Lei, 2170227
De asigurari sociale de stat, Dolj, Anul 2005, Lei, 249
De asigurari sociale de stat, Dolj, Anul 2006, Lei, 292
De asigurari sociale de stat, Dolj, Anul 2007, Lei, 375
De asigurari sociale de stat, Dolj, Anul 2008, Lei, 562
De asigurari sociale de stat, Dolj, Anul 2009, Lei, 670
De asigurari sociale de stat, Dolj, Anul 2010, Lei, 696
De asigurari sociale de stat, Dolj, Anul 2011, Lei, 726
De asigurari sociale de stat, Dolj, Anul 2012, Lei, 731
De asigurari sociale de stat, Dolj, Anul 2013, Lei, 760
De asigurari sociale de stat, Dolj, Anul 2014, Lei, 794
De asigurari sociale de stat, Dolj, Anul 2015, Lei, 833
De asigurari sociale de stat, Dolj, Anul 2016, Lei, 875
De asigurari sociale de stat, Dolj, Anul 2017, Lei, 966
De asigurari sociale de stat, Gorj, Anul 1996, Lei, 121890
De asigurari sociale de stat, Gorj, Anul 1997, Lei, 252035
De asigurari sociale de stat, Gorj, Anul 1998, Lei, 386956
De asigurari sociale de stat, Gorj, Anul 1999, Lei, 678018
De asigurari sociale de stat, Gorj, Anul 2000, Lei, 928068
De asigurari sociale de stat, Gorj, Anul 2001, Lei, 1320450
De asigurari sociale de stat, Gorj, Anul 2002, Lei, 1659645
De asigurari sociale de stat, Gorj, Anul 2003, Lei, 1906119
De asigurari sociale de stat, Gorj, Anul 2004, Lei, 2368628
De asigurari sociale de stat, Gorj, Anul 2005, Lei, 271
De asigurari sociale de stat, Gorj, Anul 2006, Lei, 313
De asigurari sociale de stat, Gorj, Anul 2007, Lei, 400
De asigurari sociale de stat, Gorj, Anul 2008, Lei, 594
De asigurari sociale de stat, Gorj, Anul 2009, Lei, 714
De asigurari sociale de stat, Gorj, Anul 2010, Lei, 745
De asigurari sociale de stat, Gorj, Anul 2011, Lei, 788
De asigurari sociale de stat, Gorj, Anul 2012, Lei, 799
De asigurari sociale de stat, Gorj, Anul 2013, Lei, 835
De asigurari sociale de stat, Gorj, Anul 2014, Lei, 879
De asigurari sociale de stat, Gorj, Anul 2015, Lei, 928
De asigurari sociale de stat, Gorj, Anul 2016, Lei, 982
De asigurari sociale de stat, Gorj, Anul 2017, Lei, 1096
De asigurari sociale de stat, Mehedinti, Anul 1996, Lei, 119464
De asigurari sociale de stat, Mehedinti, Anul 1997, Lei, 245232
De asigurari sociale de stat, Mehedinti, Anul 1998, Lei, 372971
De asigurari sociale de stat, Mehedinti, Anul 1999, Lei, 632390
De asigurari sociale de stat, Mehedinti, Anul 2000, Lei, 860669
De asigurari sociale de stat, Mehedinti, Anul 2001, Lei, 1229192
De asigurari sociale de stat, Mehedinti, Anul 2002, Lei, 1541559
De asigurari sociale de stat, Mehedinti, Anul 2003, Lei, 1767330
De asigurari sociale de stat, Mehedinti, Anul 2004, Lei, 2190370
De asigurari sociale de stat, Mehedinti, Anul 2005, Lei, 250
De asigurari sociale de stat, Mehedinti, Anul 2006, Lei, 288
De asigurari sociale de stat, Mehedinti, Anul 2007, Lei, 372
De asigurari sociale de stat, Mehedinti, Anul 2008, Lei, 555
De asigurari sociale de stat, Mehedinti, Anul 2009, Lei, 667
De asigurari sociale de stat, Mehedinti, Anul 2010, Lei, 694
De asigurari sociale de stat, Mehedinti, Anul 2011, Lei, 726
De asigurari sociale de stat, Mehedinti, Anul 2012, Lei, 732
De asigurari sociale de stat, Mehedinti, Anul 2013, Lei, 764
De asigurari sociale de stat, Mehedinti, Anul 2014, Lei, 809
De asigurari sociale de stat, Mehedinti, Anul 2015, Lei, 852
De asigurari sociale de stat, Mehedinti, Anul 2016, Lei, 897
De asigurari sociale de stat, Mehedinti, Anul 2017, Lei, 990
De asigurari sociale de stat, Olt, Anul 1996, Lei, 115305
De asigurari sociale de stat, Olt, Anul 1997, Lei, 235670
De asigurari sociale de stat, Olt, Anul 1998, Lei, 356761
De asigurari sociale de stat, Olt, Anul 1999, Lei, 599682
De asigurari sociale de stat, Olt, Anul 2000, Lei, 803350
De asigurari sociale de stat, Olt, Anul 2001, Lei, 1148918
De asigurari sociale de stat, Olt, Anul 2002, Lei, 1436461
De asigurari sociale de stat, Olt, Anul 2003, Lei, 1624415
De asigurari sociale de stat, Olt, Anul 2004, Lei, 1992973
De asigurari sociale de stat, Olt, Anul 2005, Lei, 228
De asigurari sociale de stat, Olt, Anul 2006, Lei, 265
De asigurari sociale de stat, Olt, Anul 2007, Lei, 340
De asigurari sociale de stat, Olt, Anul 2008, Lei, 509
De asigurari sociale de stat, Olt, Anul 2009, Lei, 609
De asigurari sociale de stat, Olt, Anul 2010, Lei, 637
De asigurari sociale de stat, Olt, Anul 2011, Lei, 668
De asigurari sociale de stat, Olt, Anul 2012, Lei, 671
De asigurari sociale de stat, Olt, Anul 2013, Lei, 696
De asigurari sociale de stat, Olt, Anul 2014, Lei, 727
De asigurari sociale de stat, Olt, Anul 2015, Lei, 762
De asigurari sociale de stat, Olt, Anul 2016, Lei, 798
De asigurari sociale de stat, Olt, Anul 2017, Lei, 877
De asigurari sociale de stat, Valcea, Anul 1996, Lei, 115544
De asigurari sociale de stat, Valcea, Anul 1997, Lei, 236525
De asigurari sociale de stat, Valcea, Anul 1998, Lei, 358722
De asigurari sociale de stat, Valcea, Anul 1999, Lei, 615245
De asigurari sociale de stat, Valcea, Anul 2000, Lei, 846082
De asigurari sociale de stat, Valcea, Anul 2001, Lei, 1227141
De asigurari sociale de stat, Valcea, Anul 2002, Lei, 1531096
De asigurari sociale de stat, Valcea, Anul 2003, Lei, 1735022
De asigurari sociale de stat, Valcea, Anul 2004, Lei, 2140006
De asigurari sociale de stat, Valcea, Anul 2005, Lei, 245
De asigurari sociale de stat, Valcea, Anul 2006, Lei, 282
De asigurari sociale de stat, Valcea, Anul 2007, Lei, 360
De asigurari sociale de stat, Valcea, Anul 2008, Lei, 535
De asigurari sociale de stat, Valcea, Anul 2009, Lei, 645
De asigurari sociale de stat, Valcea, Anul 2010, Lei, 674
De asigurari sociale de stat, Valcea, Anul 2011, Lei, 711
De asigurari sociale de stat, Valcea, Anul 2012, Lei, 718
De asigurari sociale de stat, Valcea, Anul 2013, Lei, 748
De asigurari sociale de stat, Valcea, Anul 2014, Lei, 784
De asigurari sociale de stat, Valcea, Anul 2015, Lei, 825
De asigurari sociale de stat, Valcea, Anul 2016, Lei, 868
De asigurari sociale de stat, Valcea, Anul 2017, Lei, 960
De asigurari sociale de stat, Regiunea VEST, Anul 1996, Lei, 126548
De asigurari sociale de stat, Regiunea VEST, Anul 1997, Lei, 261903
De asigurari sociale de stat, Regiunea VEST, Anul 1998, Lei, 400814
De asigurari sociale de stat, Regiunea VEST, Anul 1999, Lei, 693330
De asigurari sociale de stat, Regiunea VEST, Anul 2000, Lei, 941442
De asigurari sociale de stat, Regiunea VEST, Anul 2001, Lei, 1346658
De asigurari sociale de stat, Regiunea VEST, Anul 2002, Lei, 1695227
De asigurari sociale de stat, Regiunea VEST, Anul 2003, Lei, 1949327
De asigurari sociale de stat, Regiunea VEST, Anul 2004, Lei, 2430332
De asigurari sociale de stat, Regiunea VEST, Anul 2005, Lei, 280
De asigurari sociale de stat, Regiunea VEST, Anul 2006, Lei, 328
De asigurari sociale de stat, Regiunea VEST, Anul 2007, Lei, 420
De asigurari sociale de stat, Regiunea VEST, Anul 2008, Lei, 624
De asigurari sociale de stat, Regiunea VEST, Anul 2009, Lei, 749
De asigurari sociale de stat, Regiunea VEST, Anul 2010, Lei, 776
De asigurari sociale de stat, Regiunea VEST, Anul 2011, Lei, 813
De asigurari sociale de stat, Regiunea VEST, Anul 2012, Lei, 817
De asigurari sociale de stat, Regiunea VEST, Anul 2013, Lei, 847
De asigurari sociale de stat, Regiunea VEST, Anul 2014, Lei, 884
De asigurari sociale de stat, Regiunea VEST, Anul 2015, Lei, 925
De asigurari sociale de stat, Regiunea VEST, Anul 2016, Lei, 971
De asigurari sociale de stat, Regiunea VEST, Anul 2017, Lei, 1075
De asigurari sociale de stat, Arad, Anul 1996, Lei, 120144
De asigurari sociale de stat, Arad, Anul 1997, Lei, 245590
De asigurari sociale de stat, Arad, Anul 1998, Lei, 371577
De asigurari sociale de stat, Arad, Anul 1999, Lei, 628641
De asigurari sociale de stat, Arad, Anul 2000, Lei, 854585
De asigurari sociale de stat, Arad, Anul 2001, Lei, 1220069
De asigurari sociale de stat, Arad, Anul 2002, Lei, 1534941
De asigurari sociale de stat, Arad, Anul 2003, Lei, 1762533
De asigurari sociale de stat, Arad, Anul 2004, Lei, 2194362
De asigurari sociale de stat, Arad, Anul 2005, Lei, 252
De asigurari sociale de stat, Arad, Anul 2006, Lei, 294
De asigurari sociale de stat, Arad, Anul 2007, Lei, 378
De asigurari sociale de stat, Arad, Anul 2008, Lei, 565
De asigurari sociale de stat, Arad, Anul 2009, Lei, 673
De asigurari sociale de stat, Arad, Anul 2010, Lei, 694
De asigurari sociale de stat, Arad, Anul 2011, Lei, 716
De asigurari sociale de stat, Arad, Anul 2012, Lei, 719
De asigurari sociale de stat, Arad, Anul 2013, Lei, 745
De asigurari sociale de stat, Arad, Anul 2014, Lei, 777
De asigurari sociale de stat, Arad, Anul 2015, Lei, 814
De asigurari sociale de stat, Arad, Anul 2016, Lei, 852
De asigurari sociale de stat, Arad, Anul 2017, Lei, 936
De asigurari sociale de stat, Caras-Severin, Anul 1996, Lei, 124644
De asigurari sociale de stat, Caras-Severin, Anul 1997, Lei, 257614
De asigurari sociale de stat, Caras-Severin, Anul 1998, Lei, 392091
De asigurari sociale de stat, Caras-Severin, Anul 1999, Lei, 675463
De asigurari sociale de stat, Caras-Severin, Anul 2000, Lei, 921493
De asigurari sociale de stat, Caras-Severin, Anul 2001, Lei, 1319264
De asigurari sociale de stat, Caras-Severin, Anul 2002, Lei, 1657591
De asigurari sociale de stat, Caras-Severin, Anul 2003, Lei, 1896658
De asigurari sociale de stat, Caras-Severin, Anul 2004, Lei, 2356708
De asigurari sociale de stat, Caras-Severin, Anul 2005, Lei, 270
De asigurari sociale de stat, Caras-Severin, Anul 2006, Lei, 313
De asigurari sociale de stat, Caras-Severin, Anul 2007, Lei, 397
De asigurari sociale de stat, Caras-Severin, Anul 2008, Lei, 584
De asigurari sociale de stat, Caras-Severin, Anul 2009, Lei, 705
De asigurari sociale de stat, Caras-Severin, Anul 2010, Lei, 733
De asigurari sociale de stat, Caras-Severin, Anul 2011, Lei, 775
De asigurari sociale de stat, Caras-Severin, Anul 2012, Lei, 778
De asigurari sociale de stat, Caras-Severin, Anul 2013, Lei, 807
De asigurari sociale de stat, Caras-Severin, Anul 2014, Lei, 842
De asigurari sociale de stat, Caras-Severin, Anul 2015, Lei, 881
De asigurari sociale de stat, Caras-Severin, Anul 2016, Lei, 924
De asigurari sociale de stat, Caras-Severin, Anul 2017, Lei, 1014
De asigurari sociale de stat, Hunedoara, Anul 1996, Lei, 133938
De asigurari sociale de stat, Hunedoara, Anul 1997, Lei, 282732
De asigurari sociale de stat, Hunedoara, Anul 1998, Lei, 439577
De asigurari sociale de stat, Hunedoara, Anul 1999, Lei, 779762
De asigurari sociale de stat, Hunedoara, Anul 2000, Lei, 1049649
De asigurari sociale de stat, Hunedoara, Anul 2001, Lei, 1495080
De asigurari sociale de stat, Hunedoara, Anul 2002, Lei, 1883225
De asigurari sociale de stat, Hunedoara, Anul 2003, Lei, 2169209
De asigurari sociale de stat, Hunedoara, Anul 2004, Lei, 2711818
De asigurari sociale de stat, Hunedoara, Anul 2005, Lei, 313
De asigurari sociale de stat, Hunedoara, Anul 2006, Lei, 368
De asigurari sociale de stat, Hunedoara, Anul 2007, Lei, 476
De asigurari sociale de stat, Hunedoara, Anul 2008, Lei, 710
De asigurari sociale de stat, Hunedoara, Anul 2009, Lei, 863
De asigurari sociale de stat, Hunedoara, Anul 2010, Lei, 896
De asigurari sociale de stat, Hunedoara, Anul 2011, Lei, 949
De asigurari sociale de stat, Hunedoara, Anul 2012, Lei, 958
De asigurari sociale de stat, Hunedoara, Anul 2013, Lei, 995
De asigurari sociale de stat, Hunedoara, Anul 2014, Lei, 1039
De asigurari sociale de stat, Hunedoara, Anul 2015, Lei, 1086
De asigurari sociale de stat, Hunedoara, Anul 2016, Lei, 1140
De asigurari sociale de stat, Hunedoara, Anul 2017, Lei, 1282
De asigurari sociale de stat, Timis, Anul 1996, Lei, 126098
De asigurari sociale de stat, Timis, Anul 1997, Lei, 258586
De asigurari sociale de stat, Timis, Anul 1998, Lei, 393762
De asigurari sociale de stat, Timis, Anul 1999, Lei, 676163
De asigurari sociale de stat, Timis, Anul 2000, Lei, 923204
De asigurari sociale de stat, Timis, Anul 2001, Lei, 1328596
De asigurari sociale de stat, Timis, Anul 2002, Lei, 1675662
De asigurari sociale de stat, Timis, Anul 2003, Lei, 1929896
De asigurari sociale de stat, Timis, Anul 2004, Lei, 2405042
De asigurari sociale de stat, Timis, Anul 2005, Lei, 278
De asigurari sociale de stat, Timis, Anul 2006, Lei, 325
De asigurari sociale de stat, Timis, Anul 2007, Lei, 415
De asigurari sociale de stat, Timis, Anul 2008, Lei, 614
De asigurari sociale de stat, Timis, Anul 2009, Lei, 729
De asigurari sociale de stat, Timis, Anul 2010, Lei, 755
De asigurari sociale de stat, Timis, Anul 2011, Lei, 785
De asigurari sociale de stat, Timis, Anul 2012, Lei, 788
De asigurari sociale de stat, Timis, Anul 2013, Lei, 815
De asigurari sociale de stat, Timis, Anul 2014, Lei, 848
De asigurari sociale de stat, Timis, Anul 2015, Lei, 888
De asigurari sociale de stat, Timis, Anul 2016, Lei, 932
De asigurari sociale de stat, Timis, Anul 2017, Lei, 1026
